date,RPI,W875RX1,INDPRO,IPFPNSS,IPFINAL,IPCONGD,IPDCONGD,IPNCONGD,IPBUSEQ,IPMAT,IPDMAT,IPNMAT,IPMANSICS,IPB51222S,IPFUELS,CUMFNS,CLF16OV,CE16OV,UNRATE,UEMPMEAN,PAYEMS,USGOOD,USCONS,MANEMP,DMANEMP,NDMANEMP,SRVPRD,USTPU,USTRADE,USFIRE,USGOVT,CES0600000007,AWOTMAN,AWHMAN,CES0600000008,CES2000000008,CES3000000008,HOUST,HOUSTNE,HOUSTMW,HOUSTS,HOUSTW,PERMIT,PERMITNE,PERMITMW,PERMITS,PERMITW,DPCERA3M086SBEA,CMRMTSPL,RSAFS,ACOGNO,ANDENO,AMDMUO,BUSINV,ISRATIO,UMCSENT,M1SL,M2SL,M2REAL,AMBSL,TOTRESNS,NONBORRES,BUSLOANS,REALLN,NONREVSL,MZMSL,DTCOLNVHFNM,DTCTHFNM,INVEST,FEDFUNDS,CPF3M,TB3MS,TB6MS,GS1,GS5,GS10,AAA,BAA,EXSZUS,EXJPUS,EXUSUK,EXCAUS,PPIFGS,PPIFCG,PPIITM,PPICRM,MCOILWTICO,PPICMM,CPIAUCSL,CPIAPPSL,CPITRNSL,CPIMEDSL,CUSR0000SAC,CUUR0000SAD,CUSR0000SAS,CPIULFSL,CUUR0000SA0L2,CUSR0000SA0L5,PCEPI,DDURRG3M086SBEA,DNDGRG3M086SBEA,DSERRG3M086SBEA,SP500
2007-01-31,13651.743,11666.7,99.7546,108.4999,106.6165,110.5145,101.6873,112.6592,95.822,90.6949,92.912,112.1414,105.7628,96.8734,87.4541,78.7154,153144.0,146028.0,4.6,16.3,137472.0,22434.0,7725.0,14004.0,8886.0,5118.0,115038.0,26381.0,15411.5,8388.0,22095.0,40.4,4.1,41.0,18.37,20.56,17.01,1409.0,178.0,191.0,712.0,328.0,1626.0,184.0,267.0,785.0,390.0,84.127,1226965.0,355792.0,163494.0,72901.0,808745.0,1401566.0,1.3,96.9,1371.7,7118.3,3499.0,843.499,44.6,44.4,1192.29,3394.4599,1530316.12,7260.7,262033.15,830990.1,2003.6584,5.25,5.24,4.98,4.95,5.06,4.75,4.76,5.4,6.34,1.2431,120.4471,1.9587,1.1763,160.9,166.1,164.1,184.9,54.51,251.5,203.437,119.86,177.09,343.579,163.335,113.263,243.214,204.297,191.328,196.344,85.316,121.655,86.816,80.236,
2007-02-28,13711.191,11713.7,100.7166,109.4825,107.7129,111.7575,102.9188,113.8961,96.5591,91.6361,93.6388,112.6619,106.1218,109.4908,86.2906,78.7814,152983.0,146057.0,4.5,16.7,137558.0,22329.0,7626.0,13993.0,8886.0,5107.0,115229.0,26426.0,15440.3,8391.0,22131.0,40.2,4.1,40.9,18.39,20.59,17.05,1480.0,137.0,163.0,796.0,384.0,1598.0,144.0,222.0,815.0,417.0,84.106,1234327.0,356545.0,167361.0,74961.0,816748.0,1408178.0,1.29,91.3,1363.0,7134.3,3493.3,847.26,42.6,42.6,1204.8529,3422.3617,1536694.12,7279.8,259521.7,828199.65,2010.4455,5.26,5.23,5.03,4.96,5.05,4.71,4.72,5.39,6.28,1.2393,120.5047,1.9589,1.171,162.7,168.3,165.3,201.6,59.28,253.2,204.226,120.237,177.727,345.35,164.066,113.21,244.091,204.992,192.272,197.089,85.581,121.647,87.274,80.475,
2007-03-31,13762.811,11765.5,100.8952,109.5398,107.567,110.8851,103.4197,112.5525,98.3138,91.946,94.6999,114.1978,106.9888,100.3407,87.934,79.2181,153051.0,146320.0,4.4,17.8,137782.0,22384.0,7706.0,13964.0,8865.0,5099.0,115398.0,26492.0,15498.8,8381.0,22149.0,40.6,4.3,41.3,18.47,20.68,17.1,1495.0,131.0,234.0,752.0,378.0,1596.0,164.0,244.0,777.0,411.0,84.2,1235875.0,359415.0,170197.0,83612.0,829553.0,1410230.0,1.28,88.4,1366.5,7168.2,3491.8,848.177,40.7,40.6,1215.6537,3363.4269,1545969.6,7336.0,262576.94,831085.9,2018.0856,5.26,5.22,4.94,4.89,4.92,4.48,4.56,5.3,6.27,1.2178,117.26,1.9474,1.1682,164.1,170.3,166.7,203.6,60.44,264.7,205.288,119.797,181.041,345.899,165.554,113.163,244.743,206.114,194.482,198.161,85.894,121.325,88.214,80.671,
2007-04-30,13784.697,11801.5,101.5723,110.212,108.3168,111.4533,105.2181,112.6872,99.2687,92.63,95.674,114.654,107.6504,102.3173,86.3047,79.4993,152435.0,145586.0,4.5,16.9,137845.0,22345.0,7686.0,13939.0,8854.0,5085.0,115500.0,26491.0,15477.4,8362.0,22175.0,40.5,4.2,41.3,18.56,20.78,17.2,1490.0,166.0,206.0,732.0,386.0,1470.0,159.0,222.0,727.0,362.0,84.281,1233744.0,358562.0,171494.0,83261.0,844913.0,1419110.0,1.28,87.1,1378.0,7240.7,3516.5,848.954,42.5,42.4,1226.6366,3391.2159,1552343.26,7430.2,262969.09,837718.92,2025.9263,5.25,5.23,4.87,4.86,4.93,4.59,4.69,5.47,6.39,1.2124,118.9324,1.9879,1.135,165.3,171.9,168.3,204.0,63.98,289.7,205.904,119.331,182.489,347.32,166.198,112.989,245.315,206.747,196.062,198.742,86.096,121.035,88.629,80.867,
2007-05-31,13791.861,11811.5,101.6269,109.9785,108.1659,111.0204,104.5878,112.3283,99.4021,93.0019,95.9826,114.571,107.5737,103.3204,87.0046,79.237,152670.0,145903.0,4.4,16.6,137993.0,22316.0,7673.0,13922.0,8839.0,5083.0,115677.0,26520.0,15494.4,8371.0,22193.0,40.5,4.2,41.1,18.64,20.91,17.24,1415.0,158.0,243.0,688.0,326.0,1493.0,145.0,226.0,766.0,356.0,84.405,1242000.0,363085.0,174262.0,77474.0,854020.0,1426983.0,1.27,88.3,1380.9,7254.6,3508.8,849.602,44.1,44.0,1244.7308,3410.7778,1559390.02,7478.5,264255.57,844573.91,2021.0853,5.25,5.23,4.73,4.78,4.91,4.67,4.75,5.47,6.39,1.2211,120.7732,1.9842,1.0951,166.0,172.8,169.7,204.8,63.46,290.8,206.755,119.166,184.669,348.491,167.309,112.637,245.896,207.609,197.783,199.573,86.346,120.922,89.348,81.017,
2007-06-30,13786.416,11807.8,101.6547,110.1246,108.468,111.1814,105.925,112.078,99.3647,92.8976,96.4619,114.7981,107.9346,99.9511,87.194,79.3042,153041.0,146063.0,4.6,16.5,138069.0,22315.0,7687.0,13903.0,8822.0,5081.0,115754.0,26514.0,15478.7,8368.0,22207.0,40.6,4.3,41.4,18.69,20.95,17.29,1448.0,159.0,232.0,708.0,349.0,1407.0,153.0,219.0,705.0,330.0,84.409,1240587.0,360234.0,174004.0,81194.0,863893.0,1433845.0,1.28,85.3,1368.2,7287.8,3516.7,851.155,43.9,43.7,1263.9333,3428.3902,1565195.95,7542.5,264984.93,852963.87,2033.6041,5.25,5.25,4.61,4.76,4.96,5.03,5.1,5.79,6.7,1.233,122.6886,1.9867,1.0651,166.1,172.8,170.4,205.9,67.49,287.0,207.234,118.576,184.902,349.513,167.519,112.375,246.645,208.032,197.913,200.028,86.529,120.929,89.457,81.246,
2007-07-31,13795.953,11812.0,101.4953,109.7512,108.2736,110.8005,104.7665,111.9745,99.384,92.9748,96.4169,115.318,107.8683,99.2899,87.2277,79.071,153054.0,145905.0,4.7,17.2,138044.0,22269.0,7660.0,13881.0,8807.0,5074.0,115775.0,26528.0,15483.2,8370.0,22171.0,40.6,4.2,41.3,18.7,20.98,17.29,1354.0,148.0,237.0,638.0,331.0,1361.0,151.0,207.0,666.0,337.0,84.666,1233195.0,361770.0,174450.0,81461.0,877570.0,1436799.0,1.29,90.4,1371.8,7318.7,3525.3,851.852,42.9,42.6,1281.8644,3447.4912,1575345.36,7614.2,269563.73,863453.14,2047.2725,5.26,5.25,4.82,4.83,4.96,4.88,5.0,5.73,6.65,1.2069,121.4148,2.0355,1.0502,167.2,174.2,171.8,203.7,74.12,291.3,207.603,118.449,185.396,351.719,167.808,112.177,247.065,208.349,197.408,200.322,86.661,120.543,89.694,81.409,
2007-08-31,13795.066,11798.6,101.6943,109.6792,108.2418,110.5826,104.4626,111.791,99.5534,93.4732,96.7266,114.2675,107.5516,104.8355,87.8992,78.6738,152749.0,145682.0,4.6,17.0,138013.0,22159.0,7610.0,13821.0,8772.0,5049.0,115854.0,26525.0,15484.0,8342.0,22226.0,40.5,4.2,41.3,18.74,21.0,17.35,1330.0,98.0,239.0,695.0,298.0,1321.0,150.0,194.0,622.0,355.0,85.023,1248674.0,363676.0,173350.0,77094.0,892561.0,1441040.0,1.28,83.4,1376.3,7394.8,3560.9,853.398,44.9,44.0,1306.9108,3468.9916,1584541.45,7765.8,272580.27,879460.31,2064.8153,5.02,5.3,4.2,4.38,4.47,4.43,4.67,5.79,6.65,1.2027,116.7335,2.011,1.0579,166.0,172.5,170.1,198.6,72.36,278.6,207.667,117.901,184.328,353.376,167.468,112.036,247.505,208.295,196.803,200.325,86.72,119.998,89.485,81.626,
2007-09-30,13813.791,11808.3,101.9428,110.0879,108.6758,110.4689,103.0889,112.1198,101.0414,93.5512,96.748,115.1866,107.8594,107.8069,87.3821,78.756,153414.0,146244.0,4.7,16.3,138101.0,22089.0,7577.0,13784.0,8745.0,5039.0,116012.0,26557.0,15492.7,8319.0,22279.0,40.6,4.2,41.3,18.78,21.07,17.37,1183.0,144.0,174.0,592.0,273.0,1261.0,136.0,202.0,626.0,297.0,85.095,1249279.0,365178.0,176624.0,79156.0,900124.0,1450983.0,1.28,83.4,1375.7,7413.0,3554.6,851.454,42.7,41.1,1349.608,3501.7785,1591495.59,7884.4,268316.76,885527.97,2087.9284,4.94,5.19,3.89,4.05,4.14,4.2,4.52,5.74,6.59,1.1852,115.0435,2.0184,1.0267,167.6,174.8,171.4,203.2,79.92,275.7,208.547,118.023,186.324,354.531,168.479,111.746,248.248,209.157,197.708,201.187,87.054,119.846,90.134,81.924,
2007-10-31,13796.513,11791.6,101.6446,109.3887,107.8557,109.4727,102.8525,110.8703,100.703,93.6794,97.1308,114.546,107.6756,102.3314,87.0547,78.5051,153183.0,145946.0,4.7,17.0,138177.0,22050.0,7565.0,13756.0,8719.0,5037.0,116127.0,26553.0,15485.8,8306.0,22297.0,40.5,4.1,41.2,18.79,21.1,17.37,1264.0,159.0,203.0,625.0,277.0,1192.0,146.0,185.0,559.0,302.0,85.162,1255916.0,367322.0,181878.0,77092.0,911349.0,1455045.0,1.27,80.9,1379.4,7428.1,3550.9,856.411,42.1,41.8,1375.0587,3557.1902,1599473.18,7985.2,268152.26,891353.35,2095.6007,4.76,4.91,3.9,4.01,4.1,4.2,4.53,5.66,6.48,1.1741,115.8661,2.0449,0.9754,169.3,176.8,172.7,214.4,85.8,283.7,209.19,118.435,186.922,356.343,168.985,111.889,249.054,209.799,198.171,201.78,87.318,119.849,90.519,82.182,
2007-11-30,13787.506,11784.9,102.2167,109.7053,108.1989,109.4374,103.2526,110.6871,101.4219,94.5202,98.5949,115.3298,108.2375,102.7434,86.3825,78.8266,153835.0,146595.0,4.7,17.3,138291.0,22008.0,7523.0,13751.0,8717.0,5034.0,116283.0,26614.0,15549.8,8291.0,22334.0,40.7,4.2,41.3,18.86,21.2,17.43,1197.0,130.0,213.0,598.0,256.0,1224.0,131.0,188.0,625.0,280.0,85.34,1252867.0,370776.0,190642.0,79283.0,918836.0,1464683.0,1.26,76.1,1371.8,7453.6,3535.3,857.433,42.6,42.2,1394.4104,3586.4483,1603084.02,8076.0,264460.64,892679.84,2104.9445,4.49,4.75,3.27,3.46,3.5,3.67,4.15,5.44,6.4,1.1233,111.0729,2.0701,0.9672,172.4,180.8,176.7,229.5,94.77,272.5,210.834,118.737,192.289,357.75,171.484,112.103,249.818,211.575,199.998,203.419,87.781,119.688,92.046,82.395,
2007-12-31,13846.539,11825.3,102.2764,109.7482,108.3129,109.121,103.2699,110.2603,102.4111,94.5978,98.6721,116.0534,108.4226,99.587,85.8655,78.9031,153918.0,146273.0,5.0,16.6,138395.0,21968.0,7490.0,13739.0,8700.0,5039.0,116427.0,26608.0,15544.7,8280.0,22376.0,40.5,4.0,41.1,18.92,21.31,17.43,1037.0,106.0,139.0,571.0,221.0,1149.0,136.0,169.0,584.0,260.0,85.286,1242662.0,366569.0,189543.0,87730.0,944036.0,1477562.0,1.28,75.5,1373.4,7483.9,3539.4,847.37,43.5,28.0,1418.0137,3598.7766,1607851.24,8146.2,265277.24,896985.06,2103.3018,4.24,4.76,3.0,3.23,3.26,3.49,4.1,5.49,6.65,1.1402,112.449,2.0161,1.0021,171.7,179.9,176.9,235.6,91.69,264.6,211.445,119.35,193.205,358.908,171.973,112.093,250.546,212.225,199.734,204.004,87.984,119.337,92.447,82.606,
2008-01-31,13862.766,11830.2,102.1493,109.7365,108.2928,108.8788,100.7999,110.7912,102.8688,94.3542,98.6608,114.8451,108.1953,103.1047,87.4159,78.7097,154063.0,146378.0,5.0,17.5,138391.0,21939.0,7476.0,13717.0,8686.0,5031.0,116452.0,26586.0,15525.5,8276.0,22388.0,40.5,4.1,41.1,19.0,21.37,17.5,1084.0,130.0,160.0,551.0,243.0,1094.0,131.0,181.0,570.0,212.0,85.272,1248910.0,367368.0,191066.0,85602.0,960585.0,1489025.0,1.27,78.4,1377.7,7517.5,3543.1,851.369,44.9,-0.8,1440.7731,3614.1662,1611393.19,8194.2,266087.96,896771.21,2071.1808,3.94,3.7,2.75,2.75,2.71,2.98,3.74,5.33,6.54,1.1006,107.8181,1.9702,1.0099,173.3,182.0,179.2,243.3,92.97,268.8,212.174,119.438,194.135,360.463,172.74,112.3,251.254,212.866,200.609,204.694,88.206,119.423,92.887,82.777,
2008-02-29,13877.177,11841.2,101.7756,109.4264,108.1628,108.7092,100.2357,110.7604,102.8457,93.9172,98.4462,112.6006,107.4721,105.5072,87.4746,78.1859,153653.0,146156.0,4.9,16.9,138327.0,21890.0,7453.0,13690.0,8668.0,5022.0,116437.0,26545.0,15490.6,8269.0,22417.0,40.4,4.0,41.1,19.06,21.48,17.57,1103.0,126.0,152.0,580.0,245.0,1014.0,110.0,145.0,518.0,241.0,84.977,1236974.0,364126.0,192065.0,80850.0,973625.0,1495906.0,1.28,70.8,1380.4,7604.0,3575.2,857.104,43.8,-16.3,1448.8634,3629.8114,1619551.97,8408.9,262442.99,893282.25,2080.8771,2.98,3.03,2.12,2.04,2.05,2.78,3.74,5.53,6.82,1.089,107.03,1.9646,0.9986,173.9,182.5,180.8,253.3,95.39,294.3,212.687,118.904,194.934,360.75,173.2,112.094,251.827,213.336,201.11,205.211,88.382,119.236,93.212,82.95,
2008-03-31,13893.695,11844.7,101.4508,108.6528,107.4087,107.1691,97.517,109.6387,103.6037,94.0318,98.1056,112.4929,107.0128,103.2601,85.6153,77.881,153908.0,146086.0,5.1,16.5,138257.0,21810.0,7406.0,13650.0,8637.0,5013.0,116447.0,26525.0,15479.9,8268.0,22443.0,40.6,4.1,41.3,19.13,21.56,17.62,1005.0,115.0,136.0,526.0,228.0,967.0,116.0,133.0,521.0,197.0,85.189,1220580.0,365164.0,189336.0,82581.0,990908.0,1496888.0,1.28,69.5,1388.7,7670.0,3593.4,860.66,43.8,-50.7,1470.5797,3647.9551,1628831.64,8568.1,262951.57,891590.43,2078.7422,2.61,2.7,1.26,1.48,1.54,2.48,3.51,5.51,6.89,1.0126,100.7562,2.0015,1.0029,175.4,184.5,184.6,264.2,105.45,316.8,213.448,118.399,195.872,361.533,173.692,112.059,252.919,214.153,203.217,205.965,88.635,119.207,93.584,83.2,
2008-04-30,13854.44,11775.0,100.7554,107.6302,106.4838,106.5074,95.2162,109.5451,101.6654,93.6525,97.6182,110.9182,105.9182,103.5972,86.8539,77.136,153769.0,146132.0,5.0,16.9,138038.0,21671.0,7327.0,13589.0,8587.0,5002.0,116367.0,26425.0,15396.7,8258.0,22450.0,40.5,4.0,41.2,19.14,21.65,17.63,1013.0,93.0,168.0,510.0,242.0,1008.0,111.0,163.0,511.0,223.0,85.327,1233018.0,364816.0,196647.0,79313.0,998772.0,1503268.0,1.26,62.6,1391.4,7712.5,3604.9,855.651,45.0,-90.4,1490.1961,3660.8773,1635711.27,8654.5,262381.06,890438.55,2066.2955,2.28,2.72,1.29,1.55,1.74,2.84,3.68,5.55,6.97,1.0138,102.6777,1.9816,1.0137,175.9,185.0,186.4,272.8,112.58,322.1,213.942,118.729,195.179,362.072,173.978,111.671,253.59,214.432,205.04,206.452,88.799,118.722,93.996,83.366,
2008-05-31,14441.892,11728.6,100.1336,107.1068,106.1644,105.8716,94.2354,109.0327,101.997,92.9358,96.5301,110.2458,105.2518,101.8033,86.4811,76.7172,154303.0,145908.0,5.4,16.6,137851.0,21593.0,7274.0,13555.0,8569.0,4986.0,116258.0,26338.0,15334.0,8249.0,22483.0,40.2,3.9,41.0,19.21,21.74,17.68,973.0,125.0,137.0,496.0,215.0,995.0,142.0,148.0,471.0,234.0,85.486,1224494.0,368255.0,198580.0,76983.0,1006604.0,1506104.0,1.26,59.8,1393.4,7725.2,3589.6,860.678,46.9,-108.9,1491.5275,3650.8389,1640556.19,8696.9,261863.35,892486.56,2074.9347,1.98,2.61,1.73,1.82,2.06,3.15,3.88,5.57,6.93,1.0448,104.3595,1.965,0.9993,178.4,188.2,191.1,287.3,125.4,310.8,215.208,118.716,198.535,362.658,175.384,111.362,254.677,215.76,207.566,207.733,89.18,118.439,94.886,83.671,
2008-06-30,14094.894,11669.1,99.8728,106.6331,105.9149,105.6335,94.9193,108.4813,101.3163,92.8701,96.423,108.5266,104.5008,103.8511,85.9912,76.2463,154313.0,145737.0,5.6,17.1,137698.0,21475.0,7213.0,13494.0,8532.0,4962.0,116223.0,26290.0,15310.0,8236.0,22517.0,40.4,3.9,41.0,19.29,21.82,17.75,1046.0,236.0,133.0,472.0,205.0,1180.0,306.0,153.0,477.0,244.0,85.328,1222857.0,368926.0,202913.0,76282.0,1014809.0,1515720.0,1.25,56.4,1404.6,7743.9,3561.0,863.888,45.8,-125.5,1498.3048,3637.7011,1643087.46,8747.5,258312.56,886753.54,2083.8503,2.0,2.7,1.86,2.13,2.42,3.49,4.1,5.68,7.07,1.0371,106.9152,1.9664,1.0166,181.2,191.9,195.3,294.2,133.88,302.7,217.463,118.501,206.313,363.671,178.686,111.232,255.839,218.168,210.242,210.014,89.827,118.371,96.935,83.977,
2008-07-31,13867.615,11623.9,99.4194,105.7552,104.9447,104.9601,92.7585,108.3212,99.462,92.807,94.9264,107.2242,103.3626,101.4356,86.1133,75.497,154469.0,145532.0,5.8,17.0,137498.0,21349.0,7160.0,13419.0,8477.0,4942.0,116149.0,26226.0,15270.2,8219.0,22568.0,40.3,3.8,41.0,19.36,21.88,17.8,923.0,161.0,151.0,432.0,179.0,921.0,101.0,140.0,486.0,194.0,84.917,1201769.0,367594.0,202777.0,74644.0,1017555.0,1524721.0,1.26,61.2,1421.1,7791.2,3557.4,871.637,46.0,-119.7,1512.2658,3629.7004,1646957.35,8796.8,258856.93,887372.9,2069.3002,2.01,2.72,1.63,1.93,2.28,3.3,4.01,5.67,7.16,1.0283,106.8518,1.9888,1.013,183.4,194.7,200.6,303.4,133.37,308.2,219.016,119.006,209.349,364.156,180.525,111.275,257.074,219.632,211.468,211.593,90.245,118.412,98.043,84.229,
2008-08-31,13780.34,11680.1,97.8491,104.1988,103.2452,103.083,88.6276,107.231,97.5998,91.2241,93.8254,105.8674,102.0386,98.0362,85.5122,74.6122,154641.0,145203.0,6.1,17.7,137211.0,21242.0,7114.0,13348.0,8420.0,4928.0,115969.0,26126.0,15209.3,8205.0,22567.0,40.3,3.7,40.9,19.45,22.03,17.8,844.0,136.0,126.0,397.0,185.0,858.0,85.0,142.0,445.0,186.0,84.907,1192943.0,364611.0,195050.0,71246.0,1019751.0,1528086.0,1.29,63.0,1407.4,7805.8,3569.3,872.297,45.8,-122.3,1512.8682,3630.1226,1644807.26,8806.1,260745.74,885917.93,2050.6051,2.0,2.76,1.72,1.92,2.18,3.14,3.89,5.64,7.15,1.0841,109.3624,1.8865,1.0535,182.0,192.6,198.1,270.3,116.67,293.8,218.69,119.736,205.848,364.977,179.394,110.779,257.56,219.074,210.264,211.227,90.172,118.154,97.49,84.323,
2008-09-30,13789.923,11678.3,93.5576,101.7369,100.5963,102.3615,87.8664,106.5291,89.833,85.1904,91.7938,97.6596,98.5386,99.588,77.1889,72.1343,154570.0,145076.0,6.1,18.6,136762.0,21095.0,7044.0,13267.0,8363.0,4904.0,115667.0,26013.0,15143.5,8173.0,22537.0,39.9,3.5,40.5,19.49,22.11,17.82,820.0,114.0,140.0,398.0,168.0,797.0,88.0,132.0,408.0,169.0,84.343,1163601.0,358991.0,187619.0,70681.0,1023845.0,1517817.0,1.31,70.3,1462.0,7872.4,3596.7,936.491,102.9,-187.2,1530.4048,3667.2397,1644828.19,8811.4,259676.23,879803.09,2080.414,1.81,2.91,1.13,1.61,1.91,2.88,3.69,5.65,7.31,1.1102,106.5748,1.7973,1.0582,182.7,193.3,198.0,255.2,104.11,269.5,218.877,119.618,205.856,365.841,179.74,110.077,257.582,219.09,209.936,211.388,90.247,117.826,97.821,84.369,
2008-10-31,13883.254,11749.8,94.4985,101.058,100.0932,102.6366,85.6903,107.6493,87.3544,87.6971,88.7878,102.1011,97.9063,100.4302,89.5421,71.7535,154876.0,144802.0,6.5,19.9,136293.0,20886.0,6967.0,13138.0,8266.0,4872.0,115407.0,25902.0,15081.9,8139.0,22549.0,40.0,3.4,40.5,19.56,22.14,17.9,777.0,77.0,124.0,414.0,162.0,736.0,75.0,126.0,375.0,160.0,84.213,1152758.0,346137.0,176804.0,64965.0,1015274.0,1503326.0,1.36,57.6,1473.8,7974.9,3675.2,1142.186,314.8,-333.5,1586.9164,3824.9725,1644268.17,8848.7,254726.54,866180.44,2203.3174,0.97,3.19,0.67,1.2,1.42,2.73,3.81,6.28,8.88,1.1429,99.9659,1.6862,1.1847,178.3,186.7,189.4,215.9,76.61,234.0,216.995,118.799,195.608,366.53,175.931,109.677,257.712,216.751,206.776,209.425,89.651,117.719,95.564,84.215,
2008-11-30,13982.019,11812.4,93.2617,99.9167,99.76,101.7702,82.3879,107.6371,88.5561,86.3553,84.5268,97.7381,95.4729,103.0135,87.9932,70.0521,154639.0,144100.0,6.8,18.9,135543.0,20615.0,6813.0,13026.0,8184.0,4842.0,114928.0,25696.0,14953.1,8100.0,22560.0,39.6,3.2,40.1,19.64,22.31,17.95,652.0,59.0,107.0,351.0,135.0,626.0,71.0,98.0,297.0,160.0,83.955,1121305.0,332498.0,160028.0,61322.0,1004603.0,1487209.0,1.44,55.3,1514.6,8027.0,3765.8,1480.773,609.1,-89.7,1576.3301,3826.702,1640999.33,8964.1,251393.94,855069.63,2143.1758,0.39,1.54,0.19,0.73,1.07,2.29,3.53,6.12,9.21,1.191,96.9656,1.5327,1.2171,172.9,179.5,179.7,187.3,57.31,201.9,213.153,118.867,175.507,367.459,168.25,109.191,257.821,212.215,201.075,205.438,88.593,117.29,90.917,84.159,
2008-12-31,13891.878,11680.5,90.6266,97.8138,98.4357,99.6812,78.5434,106.1808,89.4093,83.1692,79.6057,92.5795,92.2723,105.0194,88.3945,67.7838,154655.0,143369.0,7.3,19.9,134847.0,20313.0,6701.0,12842.0,8056.0,4786.0,114534.0,25523.0,14847.5,8067.0,22556.0,39.3,2.9,39.8,19.72,22.47,17.99,560.0,63.0,79.0,283.0,135.0,554.0,61.0,84.0,293.0,116.0,83.711,1115214.0,324767.0,149291.0,54777.0,994104.0,1455315.0,1.47,60.1,1601.7,8204.7,3881.2,1669.269,820.9,167.3,1559.194,3818.9501,1639791.92,9185.4,246190.46,843686.96,2094.2307,0.16,1.09,0.03,0.26,0.49,1.52,2.42,5.05,8.43,1.1404,91.275,1.4854,1.2337,169.7,174.9,172.3,176.7,41.12,185.7,211.398,118.119,166.673,368.748,164.636,108.811,257.988,210.172,198.127,203.584,88.098,116.852,88.739,84.159,
2009-01-31,13762.24,11475.8,88.3712,94.9069,95.2963,97.3258,69.6361,106.1452,84.429,81.5762,74.9802,93.1358,89.2831,104.2725,88.9702,65.6656,154210.0,142152.0,7.8,19.8,134078.0,19879.0,6567.0,12552.0,7823.0,4729.0,114199.0,25383.0,14763.8,8017.0,22579.0,39.2,2.9,39.7,19.71,22.39,18.01,490.0,36.0,59.0,254.0,141.0,545.0,59.0,89.0,282.0,115.0,84.092,1091570.0,329787.0,150268.0,49061.0,972987.0,1437468.0,1.48,61.2,1582.8,8289.0,3911.1,1730.169,860.2,296.7,1544.5985,3802.0491,1639813.61,9339.6,237064.04,819511.57,2138.9181,0.15,1.1,0.13,0.3,0.44,1.6,2.52,5.05,8.14,1.1267,90.1205,1.4462,1.2248,170.8,176.6,172.4,173.1,41.71,183.7,211.933,117.967,168.403,369.824,165.247,109.025,258.453,210.769,198.936,204.094,88.108,116.767,89.043,84.094,
2009-02-28,13603.699,11296.4,87.843,94.2875,94.9291,97.4007,71.2467,105.6856,83.9842,81.1303,74.4822,94.4324,89.2009,100.238,90.6249,65.6845,154538.0,141640.0,8.3,20.2,133317.0,19565.0,6446.0,12371.0,7690.0,4681.0,113752.0,25229.0,14680.6,7969.0,22576.0,39.3,2.7,39.6,19.76,22.4,18.08,582.0,63.0,95.0,311.0,113.0,558.0,74.0,89.0,296.0,99.0,83.747,1098345.0,328376.0,150136.0,47589.0,949518.0,1416350.0,1.45,56.3,1567.2,8319.3,3911.2,1590.166,701.0,118.5,1532.4425,3825.7841,1639656.56,9411.4,233644.56,803715.57,2155.9494,0.22,0.67,0.3,0.45,0.62,1.87,2.87,5.27,8.08,1.1639,92.9158,1.4422,1.2452,170.6,176.4,170.9,163.4,39.09,163.9,212.705,119.888,171.424,370.853,166.58,109.221,258.656,211.713,200.184,204.849,88.266,116.772,89.909,84.058,
2009-03-31,13570.847,11225.3,86.4689,92.977,93.7332,96.8441,71.0824,105.0017,82.2893,79.6691,72.1013,92.664,87.5721,101.1924,89.7167,64.5624,154133.0,140707.0,8.7,20.9,132492.0,19214.0,6291.0,12196.0,7565.0,4631.0,113278.0,25066.0,14594.3,7927.0,22560.0,38.9,2.6,39.3,19.83,22.6,18.12,505.0,66.0,96.0,264.0,79.0,513.0,61.0,86.0,262.0,104.0,83.401,1075682.0,322634.0,145389.0,46437.0,927451.0,1396024.0,1.47,57.3,1578.9,8386.4,3946.6,1668.491,778.1,166.0,1511.0127,3825.9988,1638315.23,9510.0,230616.18,794688.77,2174.7233,0.18,0.62,0.21,0.42,0.64,1.82,2.82,5.5,8.42,1.1555,97.855,1.417,1.2645,169.1,174.2,168.3,160.1,47.94,161.5,212.495,120.368,169.449,371.705,166.142,109.264,258.744,211.541,200.626,204.601,88.169,116.432,89.815,83.988,
2009-04-30,13601.477,11215.7,85.7903,92.1881,92.9169,96.5621,71.1957,104.5882,80.5862,79.0965,71.064,93.5921,86.98,102.671,89.7287,64.2002,154509.0,140656.0,9.0,21.7,131821.0,18881.0,6154.0,12017.0,7416.0,4601.0,112940.0,24909.0,14530.6,7872.0,22677.0,38.9,2.9,39.4,19.83,22.56,18.16,478.0,50.0,86.0,230.0,112.0,521.0,58.0,83.0,270.0,110.0,83.277,1067305.0,324323.0,146345.0,44615.0,912236.0,1377332.0,1.45,65.1,1611.6,8391.1,3944.9,1787.713,881.7,323.5,1491.647,3840.8479,1635306.87,9541.3,228524.29,786755.45,2166.1628,0.15,0.48,0.16,0.35,0.55,1.86,2.93,5.39,8.39,1.1481,98.92,1.4712,1.2242,170.0,175.5,168.4,162.4,49.65,155.1,212.709,120.182,170.09,373.077,166.58,109.404,258.698,211.845,201.271,204.77,88.295,116.481,90.217,84.04,
2009-05-31,13779.884,11207.2,84.9436,91.003,91.4315,95.2975,68.1829,103.9642,78.4151,78.6173,69.5791,94.7135,86.0776,100.7968,88.4863,63.6069,154747.0,140248.0,9.4,22.4,131468.0,18644.0,6100.0,11850.0,7277.0,4573.0,112824.0,24849.0,14514.9,7844.0,22617.0,38.9,2.8,39.3,19.85,22.64,18.14,540.0,56.0,79.0,273.0,132.0,556.0,64.0,95.0,285.0,112.0,83.353,1067765.0,327011.0,147785.0,48173.0,901550.0,1362233.0,1.43,68.7,1617.5,8449.2,3966.4,1799.228,902.8,377.4,1469.7132,3878.6818,1643250.44,9632.3,227023.19,780544.98,2194.664,0.18,0.37,0.18,0.3,0.5,2.13,3.29,5.54,8.06,1.1076,96.6445,1.5418,1.1528,170.3,176.1,169.4,167.5,59.03,162.3,213.022,120.038,172.235,374.359,167.281,109.65,258.584,212.268,202.171,205.043,88.387,116.319,90.581,84.078,
2009-06-30,13544.781,11120.7,84.6746,90.697,90.9457,94.8716,67.4783,103.6485,77.7709,78.3777,68.8727,95.2196,85.8798,98.1914,89.2007,63.5333,154716.0,140009.0,9.5,23.9,131007.0,18409.0,6010.0,11713.0,7169.0,4544.0,112598.0,24795.0,14501.7,7819.0,22576.0,39.1,2.8,39.6,19.87,22.66,18.17,585.0,80.0,104.0,277.0,124.0,601.0,63.0,100.0,320.0,118.0,83.376,1066077.0,332227.0,153277.0,49376.0,888567.0,1344788.0,1.38,70.8,1658.8,8459.3,3938.4,1704.012,809.7,371.0,1436.3434,3860.6748,1628328.32,9648.0,223602.24,768923.93,2243.6761,0.21,0.36,0.18,0.31,0.51,2.71,3.72,5.61,7.5,1.0809,96.6145,1.6369,1.1264,173.5,180.3,171.7,175.0,69.64,167.5,214.79,120.276,180.667,375.177,170.658,109.983,258.686,214.326,204.578,206.832,88.912,116.256,92.681,84.198,
2009-07-31,13493.206,11067.3,85.6853,91.5684,92.1374,96.1354,74.4431,102.8676,78.7265,79.5552,71.5335,95.7658,87.2497,97.83,88.1898,64.6196,154502.0,139901.0,9.5,25.1,130662.0,18264.0,5932.0,11654.0,7132.0,4522.0,112398.0,24692.0,14446.8,7805.0,22521.0,39.3,3.0,39.9,19.94,22.7,18.29,594.0,61.0,110.0,297.0,126.0,595.0,64.0,109.0,292.0,130.0,83.654,1081824.0,333670.0,151689.0,51190.0,879300.0,1328683.0,1.36,66.0,1662.5,8463.5,3941.5,1693.748,796.5,429.6,1395.4735,3838.8186,1630637.63,9658.7,222130.75,765121.92,2260.062,0.16,0.33,0.18,0.27,0.48,2.46,3.56,5.41,7.09,1.078,94.367,1.6378,1.1229,171.5,177.7,171.1,168.0,64.15,172.3,214.726,119.984,180.915,376.001,170.456,109.924,258.747,214.321,204.069,206.735,88.922,115.67,92.55,84.313,
2009-08-31,13468.487,11040.4,86.6393,92.3574,93.0201,97.0218,75.3789,103.7331,79.6086,80.7066,73.1406,96.9594,88.2321,98.0854,87.6506,65.4206,154307.0,139492.0,9.6,25.3,130472.0,18136.0,5855.0,11612.0,7099.0,4513.0,112336.0,24656.0,14438.7,7780.0,22537.0,39.3,3.0,40.0,19.93,22.65,18.32,586.0,69.0,104.0,286.0,127.0,616.0,70.0,106.0,316.0,124.0,84.406,1082444.0,339586.0,155040.0,51317.0,872444.0,1311895.0,1.32,65.7,1660.0,8463.0,3928.1,1728.132,828.7,497.3,1362.9194,3813.9628,1630080.98,9632.2,221553.55,761172.44,2286.2717,0.16,0.29,0.17,0.26,0.46,2.57,3.59,5.26,6.58,1.0683,94.8971,1.6532,1.0872,173.9,181.0,173.8,176.1,71.05,188.1,215.445,120.236,183.729,377.091,171.332,109.129,259.285,215.159,204.776,207.433,89.18,115.202,93.328,84.5,
2009-09-30,13502.606,11032.9,87.3821,92.9838,93.807,97.8716,78.8095,103.662,80.094,81.5863,74.9373,97.1814,89.1286,99.0435,89.9611,66.1611,153827.0,138818.0,9.8,26.6,130247.0,18034.0,5787.0,11580.0,7072.0,4508.0,112213.0,24599.0,14406.6,7770.0,22451.0,39.2,3.1,40.1,19.92,22.5,18.41,585.0,66.0,105.0,297.0,117.0,609.0,70.0,105.0,309.0,125.0,83.627,1083725.0,330998.0,157513.0,50601.0,860893.0,1305586.0,1.31,73.5,1664.9,8461.6,3919.9,1819.75,922.6,615.8,1337.3367,3765.6989,1628671.13,9611.8,219007.16,752414.36,2289.9327,0.15,0.23,0.12,0.21,0.4,2.37,3.4,5.13,6.31,1.0391,91.2748,1.6323,1.0816,173.5,180.5,174.3,174.1,69.41,201.9,215.861,120.779,185.329,378.359,171.922,109.387,259.523,215.663,205.263,207.814,89.324,115.508,93.564,84.597,
2009-10-31,13460.827,11031.5,87.5809,93.1647,94.0507,98.1084,77.598,104.4176,80.4532,81.8026,75.218,97.9498,89.1851,107.2311,88.3416,66.2818,153784.0,138432.0,10.0,27.5,130062.0,17904.0,5716.0,11527.0,7032.0,4495.0,112158.0,24516.0,14358.2,7751.0,22524.0,39.2,3.3,40.2,20.02,22.91,18.38,534.0,54.0,103.0,266.0,111.0,583.0,67.0,104.0,299.0,113.0,83.722,1089060.0,334595.0,161504.0,51372.0,852785.0,1313895.0,1.31,70.6,1677.7,8487.9,3920.3,1975.372,1056.7,791.7,1308.1789,3741.8211,1623030.62,9597.5,218566.96,729066.3,2286.7291,0.12,0.22,0.07,0.16,0.37,2.33,3.39,5.15,6.29,1.0213,90.3671,1.6212,1.0547,174.3,181.7,175.0,186.9,75.72,203.0,216.509,120.5,187.793,379.291,172.746,110.684,260.011,216.385,205.567,208.445,89.663,115.895,93.734,84.979,
2009-11-30,13494.222,11063.7,87.9388,93.0987,93.6915,97.5266,79.0461,103.1293,80.33,82.6448,76.714,100.1225,90.0829,97.3009,87.2795,67.032,153878.0,138659.0,9.9,28.9,130058.0,17858.0,5696.0,11498.0,7009.0,4489.0,112200.0,24480.0,14340.4,7756.0,22533.0,39.7,3.4,40.5,20.05,22.9,18.41,588.0,67.0,104.0,301.0,116.0,623.0,74.0,114.0,318.0,117.0,83.588,1097236.0,337321.0,164715.0,50603.0,840164.0,1323841.0,1.29,67.4,1683.0,8517.0,3920.7,2044.694,1141.6,924.3,1290.6774,3805.7256,1626748.38,9594.2,215533.92,718230.87,2300.0033,0.12,0.19,0.05,0.15,0.31,2.23,3.4,5.19,6.32,1.0131,89.2674,1.6599,1.0593,176.6,184.7,176.9,195.3,77.99,208.1,217.234,120.007,191.243,380.45,173.95,111.159,260.213,217.207,206.286,209.147,89.887,115.964,94.267,85.126,
2009-12-31,13551.644,11090.7,88.2404,93.3864,94.0566,97.4112,78.5168,103.1683,81.7295,82.9613,76.9127,98.8404,89.9615,104.4255,85.5827,67.0286,153111.0,138013.0,9.9,29.7,129808.0,17782.0,5654.0,11465.0,6988.0,4477.0,112026.0,24384.0,14309.1,7744.0,22482.0,39.6,3.5,40.6,20.05,22.93,18.41,581.0,63.0,97.0,313.0,108.0,664.0,101.0,116.0,319.0,128.0,84.099,1100924.0,338736.0,167138.0,49624.0,825089.0,1321703.0,1.28,72.5,1692.8,8512.2,3916.4,2017.35,1140.4,970.5,1265.5793,3776.5583,1638940.01,9553.7,213465.86,710913.8,2325.1635,0.12,0.2,0.05,0.17,0.37,2.34,3.59,5.26,6.37,1.0301,89.9509,1.6226,1.0537,177.1,185.5,177.8,200.8,74.47,216.0,217.347,120.441,191.517,381.111,174.106,111.477,260.285,217.286,205.888,209.239,89.939,115.703,94.304,85.218,
2010-01-31,13610.249,11065.2,89.1897,94.2817,95.0201,98.0711,79.4489,103.7332,82.902,83.9744,78.8452,99.4041,90.865,108.7959,83.0475,67.7946,153484.0,138438.0,9.8,30.3,129802.0,17693.0,5580.0,11447.0,6976.0,4471.0,112109.0,24433.0,14358.8,7733.0,22491.0,40.0,3.6,40.9,20.09,23.03,18.43,614.0,69.0,94.0,325.0,126.0,636.0,75.0,99.0,313.0,149.0,83.945,1097775.0,339093.0,168529.0,56916.0,827911.0,1323974.0,1.27,74.4,1674.7,8477.7,3898.0,2010.154,1112.4,970.2,1238.5212,3758.653,1633976.87,9502.5,222450.86,710973.4,2325.1131,0.11,0.18,0.06,0.15,0.35,2.48,3.73,5.26,6.25,1.0345,91.1011,1.6158,1.0438,178.9,188.0,180.8,214.0,78.33,217.1,217.488,119.91,193.116,382.742,174.876,111.731,259.833,217.351,206.892,209.322,90.136,115.555,94.68,85.398,
2010-02-28,13610.405,11055.9,89.5046,93.8962,94.4914,97.2429,78.1805,103.0737,82.5133,85.0663,79.6216,100.0897,90.8006,109.965,85.1557,67.8466,153694.0,138581.0,9.8,29.8,129705.0,17613.0,5500.0,11439.0,6971.0,4468.0,112092.0,24421.0,14357.8,7725.0,22476.0,39.6,3.4,40.5,20.12,23.08,18.47,604.0,70.0,109.0,286.0,139.0,650.0,78.0,110.0,312.0,150.0,84.259,1105025.0,339580.0,165716.0,62116.0,832657.0,1332323.0,1.28,73.6,1699.8,8527.3,3924.5,2151.018,1225.5,1114.3,1223.367,3721.2003,1627694.05,9512.0,218553.65,702097.24,2328.7916,0.13,0.2,0.11,0.18,0.35,2.36,3.69,5.35,6.34,1.0722,90.1395,1.5618,1.0572,177.7,186.4,180.4,208.8,76.39,200.0,217.281,120.184,191.978,384.308,174.321,111.753,259.97,217.101,206.948,209.049,90.134,115.146,94.471,85.502,
2010-03-31,13661.363,11099.4,90.1356,94.6716,95.3704,97.5932,79.306,103.1552,84.0899,85.5406,81.3522,100.4841,91.946,104.7768,87.8202,68.8106,153954.0,138751.0,9.9,31.6,129865.0,17657.0,5537.0,11439.0,6982.0,4457.0,112208.0,24467.0,14392.2,7708.0,22518.0,40.0,3.6,41.0,20.14,23.11,18.46,636.0,65.0,96.0,342.0,133.0,687.0,72.0,115.0,357.0,143.0,84.662,1119036.0,346974.0,169709.0,58873.0,835110.0,1338599.0,1.26,73.6,1711.9,8523.5,3921.5,2106.633,1184.5,1092.8,1209.7429,3704.6632,1638672.35,9455.3,258957.69,692658.01,2318.063,0.16,0.24,0.15,0.22,0.4,2.43,3.73,5.27,6.27,1.0666,90.7161,1.5058,1.0229,178.9,188.0,181.3,212.1,81.2,212.3,217.353,120.225,191.375,385.712,174.137,111.694,260.342,217.115,208.181,209.07,90.261,114.98,94.467,85.701,
2010-04-30,13776.728,11218.9,90.4607,94.8812,95.1926,96.807,79.5122,102.0348,85.0498,85.9918,82.7165,101.1011,92.6955,96.8455,88.5006,69.486,154622.0,139297.0,9.9,33.3,130120.0,17715.0,5553.0,11475.0,7012.0,4463.0,112405.0,24469.0,14388.3,7711.0,22569.0,40.6,3.8,41.1,20.17,23.06,18.5,687.0,82.0,118.0,379.0,108.0,637.0,75.0,116.0,319.0,127.0,84.835,1129045.0,349869.0,168906.0,59108.0,835804.0,1343584.0,1.25,72.2,1699.0,8554.8,3935.0,2044.379,1117.4,1037.2,1207.5429,3714.1236,1636161.88,9420.6,257338.98,687386.63,2314.8634,0.2,0.3,0.16,0.24,0.45,2.58,3.85,5.29,6.25,1.069,93.4527,1.5332,1.0052,178.9,187.9,182.8,210.6,84.29,223.3,217.403,119.646,191.249,386.589,173.874,111.45,260.672,217.138,208.722,209.087,90.31,114.54,94.398,85.84,
2010-05-31,13885.106,11326.7,91.7014,96.2022,96.7984,98.6139,82.567,103.3977,86.6139,87.1497,84.3781,101.4405,93.8844,102.9252,88.1104,70.4982,154091.0,139241.0,9.6,34.0,130643.0,17727.0,5520.0,11511.0,7039.0,4472.0,112916.0,24483.0,14396.5,7699.0,22996.0,40.5,4.0,41.4,20.2,23.1,18.58,583.0,72.0,108.0,290.0,113.0,575.0,64.0,102.0,299.0,110.0,85.046,1125510.0,346858.0,166735.0,64043.0,841383.0,1347852.0,1.26,73.6,1710.1,8609.0,3962.0,2034.558,1111.3,1035.7,1196.9216,3700.2451,1639092.5,9448.1,254828.49,681791.4,2302.7653,0.2,0.44,0.16,0.22,0.37,2.18,3.42,4.96,6.05,1.1295,91.973,1.4669,1.0403,178.9,187.8,183.4,206.2,73.74,205.6,217.29,119.648,190.231,387.094,173.367,111.454,260.932,216.988,208.932,208.952,90.339,114.227,94.122,85.997,
2010-06-30,13898.726,11339.4,91.9033,96.1196,96.6748,98.3867,81.8571,103.3448,87.0741,87.6554,84.8201,102.177,93.8713,107.2802,87.5741,70.6131,153616.0,139141.0,9.4,34.5,130509.0,17747.0,5516.0,11529.0,7056.0,4473.0,112762.0,24505.0,14399.4,7687.0,22740.0,40.3,3.8,41.0,20.23,23.16,18.57,536.0,62.0,84.0,281.0,109.0,587.0,77.0,97.0,296.0,117.0,85.253,1136355.0,346516.0,167463.0,63013.0,841914.0,1357633.0,1.27,76.0,1731.6,8628.1,3972.4,2024.077,1099.2,1029.3,1190.1483,3682.8644,1641373.29,9459.7,252786.2,677809.06,2293.54,0.18,0.46,0.12,0.19,0.32,2.0,3.2,4.88,6.23,1.1255,90.8059,1.4768,1.0376,178.3,187.0,182.4,201.5,75.34,194.2,217.199,119.623,189.426,388.188,172.929,111.443,261.188,216.89,208.486,208.816,90.301,113.84,93.838,86.072,
2010-07-31,13928.888,11368.1,92.2549,96.5915,97.3995,99.015,85.0936,103.0709,87.8682,87.8799,85.4949,102.0489,94.3585,106.8033,89.2099,71.1056,153691.0,139179.0,9.4,33.9,130415.0,17763.0,5508.0,11546.0,7069.0,4477.0,112652.0,24526.0,14402.2,7676.0,22569.0,40.3,3.8,41.1,20.28,23.2,18.64,546.0,76.0,92.0,271.0,107.0,579.0,67.0,102.0,297.0,113.0,85.486,1145984.0,347612.0,168240.0,58990.0,841422.0,1369755.0,1.27,67.8,1724.0,8639.5,3970.3,2015.265,1087.8,1021.9,1189.0278,3661.2692,1647881.52,9492.0,251341.38,675883.26,2351.1603,0.18,0.37,0.16,0.2,0.29,1.76,3.01,4.72,6.01,1.053,87.5005,1.5304,1.0422,178.5,187.3,181.9,207.1,76.32,193.6,217.605,119.322,191.082,388.123,173.391,111.555,261.525,217.369,208.469,209.237,90.378,113.337,94.152,86.145,
2010-08-31,13980.745,11387.7,92.5936,96.5567,97.319,98.7961,82.6833,103.6049,87.9497,88.6118,86.0625,102.7309,94.4822,107.4178,88.6863,71.3236,154086.0,139438.0,9.5,33.7,130416.0,17778.0,5524.0,11538.0,7075.0,4463.0,112638.0,24537.0,14414.1,7675.0,22420.0,40.5,3.9,41.2,20.32,23.25,18.64,599.0,75.0,106.0,282.0,136.0,580.0,71.0,98.0,284.0,127.0,85.693,1146566.0,349188.0,169573.0,63920.0,845695.0,1381722.0,1.27,68.9,1748.7,8687.9,3986.7,2014.724,1085.1,1025.0,1187.4701,3655.4109,1653637.2,9569.5,248909.09,673329.74,2387.1582,0.19,0.27,0.16,0.19,0.26,1.47,2.7,4.49,5.66,1.0388,85.3727,1.5661,1.0404,179.4,188.5,182.8,211.4,76.6,209.1,217.923,118.96,192.287,389.059,173.829,111.587,261.722,217.698,208.925,209.529,90.502,113.422,94.381,86.241,
2010-09-30,13989.519,11399.6,92.8533,96.4139,97.0901,98.4339,82.7143,103.1142,88.3332,89.293,86.507,102.848,94.5469,106.1572,88.4686,71.4931,153975.0,139396.0,9.5,33.4,130342.0,17772.0,5501.0,11549.0,7091.0,4458.0,112570.0,24564.0,14420.3,7682.0,22247.0,40.6,4.0,41.4,20.35,23.23,18.71,594.0,70.0,95.0,296.0,133.0,563.0,68.0,95.0,288.0,112.0,85.774,1146388.0,352179.0,172825.0,70531.0,858160.0,1396644.0,1.28,68.2,1766.2,8718.7,3994.4,1981.247,1047.9,995.3,1185.7277,3641.6328,1660003.55,9624.5,245464.86,666627.91,2412.468,0.19,0.25,0.15,0.19,0.26,1.41,2.65,4.53,5.66,1.0002,84.3571,1.5591,1.033,180.1,189.3,183.5,209.7,75.24,215.4,218.275,119.21,193.316,391.288,174.383,111.174,261.884,217.988,209.133,209.806,90.592,113.305,94.697,86.288,
2010-10-31,14000.339,11418.9,92.6033,96.2973,97.0733,98.4371,83.1774,102.9657,88.6373,88.9029,87.1939,101.8818,94.6117,101.6908,87.8854,71.6572,153635.0,139119.0,9.4,34.0,130621.0,17788.0,5508.0,11548.0,7095.0,4453.0,112833.0,24626.0,14462.1,7683.0,22297.0,40.6,4.0,41.3,20.42,23.39,18.72,543.0,83.0,94.0,265.0,101.0,558.0,67.0,112.0,266.0,113.0,85.993,1152306.0,356215.0,176880.0,66779.0,862014.0,1413297.0,1.27,67.7,1780.4,8768.4,4003.2,1998.588,1039.7,991.1,1185.2038,3627.2637,1674725.61,9685.9,243766.86,644834.45,2441.2943,0.19,0.25,0.13,0.18,0.23,1.18,2.54,4.68,5.72,0.9686,81.7285,1.5867,1.0179,181.6,191.6,185.8,216.9,81.89,233.6,219.035,118.917,196.845,391.926,175.737,110.966,262.075,218.821,209.467,210.564,90.881,113.132,95.473,86.484,
2010-11-30,14018.501,11440.1,92.6686,96.2899,96.7119,97.9145,81.9113,102.6881,88.6415,89.043,87.5189,101.8946,94.7232,101.4576,88.1441,71.8495,154125.0,139044.0,9.8,33.9,130749.0,17813.0,5506.0,11571.0,7110.0,4461.0,112936.0,24625.0,14446.3,7680.0,22287.0,40.6,4.0,41.3,20.47,23.45,18.76,545.0,73.0,109.0,266.0,97.0,560.0,64.0,95.0,280.0,121.0,86.211,1155595.0,359450.0,179955.0,63913.0,869894.0,1424215.0,1.27,71.6,1828.4,8789.0,4002.5,1991.198,1038.6,991.9,1187.5082,3623.9653,1680208.56,9727.1,242037.22,642123.82,2455.3677,0.19,0.25,0.14,0.18,0.25,1.35,2.76,4.87,5.92,0.9847,82.518,1.5961,1.0129,182.4,192.8,187.3,219.5,84.25,239.6,219.59,119.027,198.783,392.535,176.497,110.573,262.41,219.397,209.56,211.113,91.062,113.094,95.971,86.597,
2010-12-31,14104.762,11523.9,93.5916,96.9678,97.6378,99.022,81.6129,104.243,89.388,90.22,88.3248,102.9999,95.2054,111.4885,89.5741,72.3143,153650.0,139301.0,9.3,34.7,130830.0,17780.0,5467.0,11579.0,7122.0,4457.0,113050.0,24657.0,14444.5,7684.0,22266.0,40.6,4.0,41.3,20.48,23.44,18.79,539.0,58.0,68.0,273.0,140.0,632.0,113.0,98.0,257.0,164.0,86.325,1157650.0,361979.0,187036.0,60121.0,871076.0,1440606.0,1.27,74.5,1836.7,8822.7,4001.7,2009.353,1078.0,1032.5,1192.7014,3613.2997,1807708.59,9752.4,277440.0,827673.57,2425.5702,0.18,0.27,0.14,0.19,0.29,1.93,3.29,5.02,6.1,0.9689,83.3376,1.5595,1.0081,183.9,194.9,189.3,229.7,89.15,242.4,220.472,119.223,202.454,393.514,177.948,110.512,262.733,220.376,209.996,211.983,91.268,112.774,96.85,86.663,
2011-01-31,14289.288,11708.4,93.3889,96.9879,97.8587,99.0552,82.4607,104.0163,90.0639,89.7872,89.1425,102.2553,95.2478,109.8727,89.4319,72.4352,153263.0,139250.0,9.1,37.2,130837.0,17770.0,5427.0,11606.0,7153.0,4453.0,113067.0,24675.0,14491.0,7680.0,22258.0,40.1,4.0,41.0,20.55,23.51,18.89,630.0,93.0,115.0,303.0,119.0,576.0,77.0,101.0,288.0,110.0,86.422,1171839.0,364394.0,190908.0,66278.0,879376.0,1452299.0,1.25,74.2,1846.3,8845.0,3998.9,2057.208,1110.3,1078.1,1195.9352,3603.7848,1821941.83,9728.7,276142.34,822949.0,2425.0574,0.17,0.26,0.15,0.18,0.27,1.99,3.39,5.04,6.09,0.9565,82.625,1.5782,0.9939,185.4,196.8,192.0,237.3,89.17,252.5,221.187,119.82,204.232,394.072,178.945,110.696,263.159,221.006,211.273,212.699,91.542,112.994,97.498,86.832,
2011-02-28,14331.186,11761.8,93.0045,96.8476,97.735,98.8419,84.4812,103.1038,90.2177,89.152,89.8175,101.363,95.3948,105.5474,89.0826,72.6217,153214.0,139394.0,9.0,37.4,131056.0,17826.0,5451.0,11637.0,7178.0,4459.0,113230.0,24746.0,14518.2,7676.0,22215.0,40.9,4.2,41.4,20.57,23.49,18.91,517.0,52.0,64.0,311.0,90.0,542.0,60.0,89.0,296.0,97.0,86.398,1155055.0,367475.0,192164.0,63920.0,881311.0,1461934.0,1.26,77.5,1870.1,8908.8,4014.8,2243.647,1263.7,1241.8,1199.5471,3570.1308,1830034.93,9804.9,275265.05,816382.37,2418.5291,0.16,0.25,0.13,0.17,0.29,2.26,3.58,5.22,6.15,0.95,82.5368,1.6124,0.9876,187.3,199.4,194.7,243.3,88.58,258.8,221.898,119.904,205.704,395.518,179.827,111.237,263.701,221.665,212.633,213.375,91.797,113.135,98.084,87.001,
2011-03-31,14298.318,11734.0,93.9684,97.0485,97.8394,99.0949,86.0177,102.9591,89.9568,90.8947,90.9508,102.5287,95.9876,101.4033,91.3362,73.1338,153376.0,139639.0,9.0,39.1,131282.0,17890.0,5477.0,11659.0,7198.0,4461.0,113392.0,24794.0,14537.9,7681.0,22192.0,40.7,4.2,41.4,20.55,23.46,18.89,600.0,62.0,81.0,341.0,116.0,583.0,59.0,95.0,309.0,120.0,86.697,1168286.0,370775.0,199519.0,72943.0,891823.0,1478764.0,1.24,67.5,1896.5,8966.8,4020.2,2428.273,1434.9,1415.0,1206.4413,3540.2176,1836363.45,9895.4,275970.06,814946.14,2430.8269,0.14,0.23,0.1,0.16,0.26,2.11,3.41,5.13,6.03,0.9185,81.647,1.6159,0.9766,188.6,201.1,197.5,247.5,102.86,256.0,223.046,119.739,209.591,396.29,181.764,111.707,264.114,222.725,215.505,214.527,92.166,112.914,99.268,87.197,
2011-04-30,14275.294,11719.4,93.6571,96.8773,97.6305,98.9465,82.5399,103.8192,89.3351,90.4406,90.3443,101.4146,95.4601,104.2098,89.1847,72.7771,153543.0,139586.0,9.1,38.7,131597.0,17941.0,5485.0,11689.0,7225.0,4464.0,113656.0,24891.0,14602.8,7680.0,22184.0,40.9,4.1,41.4,20.6,23.57,18.9,554.0,57.0,94.0,280.0,123.0,581.0,58.0,98.0,299.0,126.0,86.594,1164024.0,372820.0,199251.0,64802.0,894996.0,1492150.0,1.25,69.8,1897.0,9030.2,4029.7,2531.765,1528.0,1510.1,1214.9147,3521.5312,1845724.01,10001.4,270240.1,807608.64,2443.6198,0.1,0.22,0.06,0.12,0.25,2.17,3.46,5.16,6.02,0.8972,83.1771,1.6379,0.958,190.2,203.0,200.1,260.3,109.53,260.7,224.093,120.037,213.032,397.701,183.488,112.242,264.465,223.802,217.475,215.552,92.557,113.18,100.345,87.396,
2011-05-31,14260.443,11715.9,93.7723,97.1883,97.9741,99.0877,83.5236,103.7061,90.0581,90.3576,90.9937,100.2462,95.4453,106.1521,89.1896,72.794,153479.0,139624.0,9.0,39.6,131704.0,17990.0,5516.0,11697.0,7241.0,4456.0,113714.0,24906.0,14604.3,7702.0,22129.0,41.0,4.2,41.5,20.62,23.55,18.92,561.0,58.0,105.0,265.0,133.0,618.0,81.0,99.0,303.0,135.0,86.494,1154888.0,372505.0,196188.0,71159.0,903737.0,1510423.0,1.27,74.3,1941.6,9102.5,4049.0,2590.433,1589.8,1574.7,1229.0589,3508.8388,1851462.73,10114.9,270391.11,807095.41,2437.5342,0.09,0.18,0.04,0.09,0.19,1.84,3.17,4.96,5.78,0.874,81.1257,1.6332,0.968,191.2,204.4,202.0,253.1,100.9,253.7,224.806,121.146,214.499,398.721,184.504,112.941,264.86,224.49,218.847,216.246,92.838,113.29,100.893,87.618,
2011-06-30,14324.383,11785.7,94.0493,97.1777,97.9748,99.0467,83.1639,103.7569,90.1503,90.9245,91.1891,100.1353,95.5632,105.4228,90.4152,72.894,153346.0,139384.0,9.1,39.9,131931.0,18026.0,5528.0,11710.0,7258.0,4452.0,113905.0,24962.0,14637.7,7690.0,22164.0,40.9,4.0,41.4,20.63,23.58,18.9,608.0,69.0,124.0,285.0,130.0,636.0,69.0,102.0,327.0,138.0,86.695,1166558.0,375587.0,198665.0,68347.0,905689.0,1516643.0,1.27,71.5,1963.4,9176.5,4082.0,2671.528,1665.8,1652.6,1233.6241,3501.9607,1856839.9,10178.0,269968.25,807581.84,2430.5518,0.09,0.17,0.04,0.1,0.18,1.58,3.0,4.99,5.75,0.8401,80.4259,1.6219,0.9766,190.6,203.4,202.3,253.9,96.26,251.8,224.806,121.71,212.957,399.416,184.09,113.598,265.284,224.4,218.239,216.22,92.819,113.426,100.492,87.694,
2011-07-31,14386.123,11856.3,94.4958,97.8953,98.8043,99.6861,84.394,104.2223,91.3384,91.0985,91.4411,100.4501,96.1129,106.0022,91.1364,73.305,153288.0,139524.0,9.0,40.7,131993.0,18075.0,5547.0,11729.0,7271.0,4458.0,113918.0,25010.0,14676.0,7693.0,22049.0,40.9,4.1,41.4,20.67,23.62,18.93,623.0,88.0,92.0,307.0,136.0,621.0,60.0,101.0,329.0,131.0,86.846,1171851.0,375442.0,199517.0,69136.0,909220.0,1524015.0,1.26,63.7,1996.0,9338.4,4143.1,2703.588,1696.6,1684.2,1244.3309,3496.8982,1881066.75,10324.4,271191.65,807543.51,2432.8057,0.07,0.17,0.04,0.08,0.19,1.54,3.0,4.93,5.76,0.8214,79.2425,1.6158,0.9553,191.3,204.3,203.3,255.3,97.3,257.8,225.395,122.547,213.661,400.539,184.566,113.778,265.962,224.929,218.23,216.784,92.977,113.373,100.725,87.854,
2011-08-31,14378.666,11854.7,95.0974,98.5079,99.5848,100.2621,85.352,104.6856,92.4334,91.6895,91.8401,99.7602,96.5349,107.4228,91.9047,73.6013,153760.0,139942.0,9.0,40.5,132125.0,18105.0,5552.0,11748.0,7286.0,4462.0,114020.0,25029.0,14677.7,7697.0,22017.0,40.8,4.1,41.4,20.71,23.8,18.9,585.0,56.0,87.0,300.0,142.0,647.0,63.0,111.0,331.0,142.0,86.793,1180548.0,375860.0,196954.0,79302.0,921840.0,1531385.0,1.26,55.8,2115.4,9524.9,4212.6,2680.468,1666.6,1654.7,1263.0844,3492.0643,1872938.27,10431.0,272591.96,808640.94,2453.2453,0.1,0.21,0.02,0.06,0.11,1.02,2.3,4.37,5.36,0.78,76.9657,1.6356,0.9817,191.1,203.9,201.8,250.7,86.33,250.3,226.106,123.551,214.651,401.387,185.262,113.799,266.69,225.571,218.952,217.484,93.196,113.24,101.14,88.055,
2011-09-30,14359.76,11840.1,95.0244,98.4222,99.349,99.6767,85.4509,103.8982,92.9139,91.6298,92.4518,100.397,96.7831,104.4283,92.4026,73.7503,154131.0,140183.0,9.0,40.4,132344.0,18148.0,5584.0,11752.0,7297.0,4455.0,114196.0,25046.0,14686.2,7695.0,21983.0,40.9,4.1,41.4,20.72,23.81,18.9,650.0,59.0,99.0,328.0,164.0,610.0,68.0,109.0,301.0,132.0,86.936,1172878.0,380042.0,198403.0,70273.0,924154.0,1525998.0,1.26,59.5,2120.0,9545.1,4212.4,2656.663,1643.5,1631.9,1269.5994,3488.4481,1881767.36,10468.9,274041.61,809532.78,2465.9546,0.08,0.22,0.01,0.04,0.1,0.9,1.98,4.09,5.27,0.8767,76.7957,1.5771,1.0025,192.7,206.1,202.7,251.4,85.52,239.3,226.597,123.244,215.455,402.202,185.808,113.177,267.123,225.974,219.396,217.958,93.327,112.741,101.576,88.171,
2011-10-31,14364.71,11842.3,95.6891,98.8029,99.9705,99.9387,87.0588,103.7647,94.1033,92.5842,92.9267,100.7377,97.3028,101.3932,90.9464,74.0935,153961.0,140368.0,8.8,38.7,132553.0,18170.0,5588.0,11762.0,7313.0,4449.0,114383.0,25083.0,14698.8,7708.0,21998.0,40.9,4.1,41.5,20.75,23.75,18.97,610.0,64.0,104.0,314.0,128.0,671.0,68.0,108.0,360.0,135.0,87.093,1187685.0,382207.0,199911.0,73409.0,928974.0,1540169.0,1.26,60.8,2128.5,9577.9,4224.0,2678.541,1638.9,1627.7,1280.3982,3497.9902,1889727.44,10517.8,274076.96,808631.2,2471.5383,0.07,0.24,0.02,0.05,0.11,1.06,2.15,3.98,5.37,0.8958,76.643,1.5768,1.0198,192.4,205.5,200.8,244.4,86.32,222.4,226.75,123.775,214.682,404.068,185.725,112.822,267.52,226.116,218.558,218.044,93.329,112.773,101.526,88.185,
2011-11-30,14349.583,11829.9,95.6778,98.402,99.67,98.9952,85.6772,102.9473,94.9706,92.9716,93.3585,100.0787,97.1041,98.3738,92.6204,73.8792,154128.0,140826.0,8.6,40.2,132690.0,18171.0,5593.0,11753.0,7313.0,4440.0,114519.0,25111.0,14715.2,7721.0,21971.0,41.0,4.1,41.5,20.75,23.73,18.96,711.0,99.0,93.0,348.0,171.0,706.0,82.0,103.0,357.0,164.0,86.946,1183388.0,383422.0,202918.0,76603.0,938755.0,1547277.0,1.26,63.7,2182.0,9629.5,4238.9,2623.193,1592.4,1582.1,1293.2356,3505.1637,1904729.61,10575.0,275083.08,811994.07,2484.9323,0.08,0.21,0.01,0.05,0.11,0.91,2.01,3.87,5.14,0.9079,77.5595,1.5806,1.0248,192.8,206.1,200.9,250.8,97.16,219.4,227.169,124.762,215.149,405.751,186.239,112.405,267.829,226.567,218.205,218.412,93.52,112.656,101.877,88.366,
2011-12-31,14479.33,11949.8,96.1809,98.7873,99.9775,98.8925,86.1671,102.6687,96.4829,93.5967,94.4031,100.2904,97.7508,96.7406,91.5257,74.2998,153995.0,140902.0,8.5,40.4,132888.0,18225.0,5611.0,11783.0,7350.0,4433.0,114663.0,25124.0,14707.2,7729.0,21954.0,41.1,4.0,41.6,20.79,23.78,18.99,694.0,61.0,177.0,326.0,130.0,697.0,76.0,111.0,358.0,152.0,86.985,1193759.0,383985.0,200795.0,84355.0,952436.0,1556708.0,1.26,69.9,2165.7,9677.1,4258.9,2603.716,1598.7,1589.2,1304.0391,3494.9012,1916060.62,10631.4,276945.17,816723.75,2492.2656,0.07,0.18,0.01,0.05,0.12,0.89,1.98,3.93,5.25,0.9334,77.7967,1.5587,1.0235,192.6,205.7,200.1,244.9,98.56,214.4,227.223,124.865,213.784,407.23,185.713,112.277,268.463,226.561,217.26,218.411,93.574,112.558,101.579,88.541,
2012-01-31,14518.055,12032.0,96.7595,99.2333,100.3434,98.7849,88.348,101.8857,97.946,94.3132,95.4768,101.2884,98.5791,92.4648,90.0158,74.8515,154381.0,141584.0,8.3,40.2,133245.0,18287.0,5626.0,11820.0,7380.0,4440.0,114958.0,25217.0,14766.5,7735.0,21946.0,41.2,4.1,41.8,20.78,23.71,19.02,723.0,74.0,109.0,407.0,133.0,712.0,77.0,109.0,395.0,131.0,87.321,1200818.0,387531.0,202573.0,85537.0,964644.0,1563455.0,1.25,75.0,2201.8,9750.3,4279.4,2647.726,1619.2,1610.6,1321.3179,3511.5716,1929640.14,10698.4,277522.76,814355.55,2526.6351,0.08,0.26,0.03,0.07,0.12,0.84,1.97,3.85,5.23,0.9376,76.964,1.5524,1.013,193.2,206.4,200.2,247.8,100.27,223.6,227.842,125.399,215.385,408.394,186.508,112.399,268.94,227.18,218.378,219.007,93.894,112.684,102.128,88.816,
2012-02-29,14591.389,12108.5,97.0662,99.4934,100.5168,98.6645,87.7793,101.8958,98.6596,94.6687,96.439,101.018,98.9848,92.3414,90.9947,75.0782,154671.0,141858.0,8.3,39.7,133508.0,18316.0,5629.0,11841.0,7402.0,4439.0,115192.0,25246.0,14760.1,7744.0,21947.0,41.2,4.1,41.8,20.83,23.78,19.0,704.0,64.0,97.0,408.0,135.0,738.0,96.0,125.0,374.0,143.0,87.85,1205143.0,392310.0,203594.0,84945.0,978365.0,1576403.0,1.25,75.3,2207.1,9802.0,4292.9,2733.303,1659.9,1652.0,1344.1778,3539.4811,1934911.81,10761.8,278361.8,812714.86,2567.3473,0.1,0.21,0.09,0.12,0.16,0.83,1.97,3.85,5.14,0.9118,78.47,1.5804,0.9967,193.7,206.9,200.8,245.8,102.2,230.9,228.329,125.075,217.686,408.89,187.426,112.78,269.034,227.758,219.58,219.49,94.104,112.548,102.678,88.967,
2012-03-31,14635.02,12142.7,96.5609,98.7441,99.7215,97.0933,86.7616,100.1593,99.5276,94.4163,95.3882,100.5942,98.458,87.5195,89.361,74.596,154749.0,142036.0,8.2,39.3,133748.0,18354.0,5625.0,11880.0,7428.0,4452.0,115394.0,25276.0,14776.3,7767.0,21943.0,41.1,4.2,41.6,20.87,23.9,19.01,695.0,86.0,112.0,350.0,147.0,806.0,79.0,132.0,404.0,191.0,87.735,1204027.0,393698.0,205812.0,78525.0,985067.0,1582173.0,1.25,76.2,2227.8,9846.0,4303.2,2684.414,1606.3,1599.0,1350.492,3544.3135,1948791.0,10833.3,280232.73,813331.1,2581.7899,0.13,0.2,0.08,0.14,0.19,1.02,2.17,3.99,5.23,0.9131,82.4659,1.5824,0.9938,193.9,207.1,203.1,247.7,106.16,230.7,228.807,125.85,218.457,410.257,187.863,112.926,269.562,228.24,221.744,219.928,94.284,112.29,103.138,89.118,
2012-04-30,14689.558,12191.2,97.251,99.4815,100.3801,97.839,87.1366,101.0135,100.4349,95.0581,96.6026,100.8194,98.9247,94.3498,88.4725,74.8665,154545.0,141899.0,8.2,39.2,133825.0,18365.0,5618.0,11897.0,7442.0,4455.0,115460.0,25285.0,14784.0,7771.0,21931.0,41.2,4.2,41.7,20.92,23.83,19.09,753.0,78.0,125.0,400.0,150.0,732.0,90.0,115.0,366.0,161.0,87.816,1207954.0,392073.0,203267.0,75741.0,988139.0,1590724.0,1.26,76.4,2237.3,9899.5,4319.4,2673.91,1586.7,1579.8,1368.5956,3540.964,1964040.83,10900.8,281944.14,816540.55,2596.5388,0.14,0.2,0.08,0.14,0.18,0.89,2.05,3.96,5.19,0.9133,81.2524,1.6,0.9928,193.5,206.5,201.9,240.6,103.32,223.3,229.187,126.432,218.615,411.475,188.067,113.306,270.105,228.609,222.552,220.272,94.408,112.001,103.224,89.303,
2012-05-31,14687.217,12183.0,97.4595,99.8051,100.8725,98.3875,86.415,101.9383,101.153,95.1466,95.8577,99.7296,98.597,102.0693,88.9808,74.5373,154866.0,142206.0,8.2,39.6,133933.0,18367.0,5604.0,11908.0,7452.0,4456.0,115566.0,25337.0,14791.9,7782.0,21911.0,41.1,4.2,41.6,20.87,23.9,19.03,708.0,77.0,109.0,363.0,159.0,796.0,79.0,120.0,421.0,176.0,87.822,1211617.0,391376.0,201040.0,77485.0,989719.0,1595201.0,1.27,79.3,2256.2,9942.8,4347.3,2635.134,1558.5,1552.3,1379.0397,3539.6909,1978007.14,10958.1,284298.3,811811.47,2601.5151,0.16,0.2,0.09,0.15,0.19,0.76,1.8,3.8,5.07,0.9383,79.6668,1.5924,1.0097,192.7,205.2,200.6,232.7,94.66,216.4,228.713,126.663,215.029,412.864,186.81,113.622,270.363,228.028,222.01,219.725,94.302,111.94,102.362,89.414,
2012-06-30,14680.673,12168.5,97.4768,99.9026,101.0426,98.147,86.5706,101.5789,102.4863,95.0794,96.3312,99.7455,98.8801,101.2204,89.9459,74.6728,155083.0,142391.0,8.2,40.3,134012.0,18391.0,5621.0,11918.0,7461.0,4457.0,115621.0,25323.0,14772.6,7781.0,21930.0,41.1,4.2,41.7,20.92,23.92,19.08,757.0,80.0,97.0,369.0,211.0,794.0,81.0,120.0,409.0,184.0,87.73,1208240.0,387901.0,197305.0,74631.0,991560.0,1600988.0,1.29,73.2,2275.3,10012.8,4381.5,2644.969,1555.4,1550.2,1397.9731,3529.8059,1991032.28,11030.3,286914.02,814053.31,2605.1865,0.16,0.21,0.09,0.15,0.19,0.71,1.62,3.64,5.02,0.9576,79.3152,1.5556,1.028,192.1,204.3,198.9,224.4,82.3,210.2,228.524,126.248,212.225,415.289,185.837,113.803,270.956,227.734,221.336,219.432,94.254,111.596,101.748,89.57,
2012-07-31,14586.106,12080.6,97.6714,99.7084,100.8543,98.1802,86.3637,101.6828,101.2607,95.6846,96.262,99.8611,98.655,103.5757,89.6363,74.4286,154948.0,142292.0,8.2,39.3,134157.0,18427.0,5632.0,11944.0,7483.0,4461.0,115730.0,25329.0,14762.5,7778.0,21913.0,41.1,4.2,41.7,20.96,24.01,19.09,740.0,87.0,114.0,350.0,189.0,849.0,90.0,120.0,435.0,204.0,87.914,1210539.0,389686.0,198729.0,80356.0,1001402.0,1614258.0,1.3,72.3,2315.0,10065.5,4403.3,2669.48,1583.8,1579.5,1413.7811,3524.6099,2002559.37,11088.4,289797.81,814532.25,2640.3889,0.16,0.24,0.1,0.15,0.19,0.62,1.53,3.4,4.87,0.9783,78.9348,1.5593,1.0142,192.4,204.5,198.1,231.3,87.9,207.0,228.59,125.935,211.791,417.004,185.502,113.751,271.392,227.784,220.629,219.43,94.288,111.429,101.612,89.678,
2012-08-31,14553.669,12061.8,97.2734,99.5755,100.6969,97.6978,85.4695,101.3226,102.0361,95.0055,95.6105,100.276,98.5295,102.4664,90.3994,74.2631,154763.0,142291.0,8.1,39.6,134338.0,18440.0,5648.0,11940.0,7473.0,4467.0,115898.0,25361.0,14773.7,7787.0,21916.0,40.9,4.1,41.5,20.93,24.06,19.05,754.0,76.0,131.0,379.0,168.0,840.0,82.0,125.0,440.0,193.0,87.932,1209461.0,394524.0,203118.0,64090.0,990552.0,1620390.0,1.29,74.3,2354.1,10136.1,4408.6,2669.84,1582.2,1578.9,1425.6215,3526.1138,2015693.33,11167.1,293265.57,820300.25,2654.7668,0.13,0.19,0.1,0.14,0.18,0.71,1.68,3.48,4.91,0.9681,78.6909,1.5722,0.9924,194.7,207.9,199.9,242.3,94.13,207.8,229.918,125.333,217.573,417.555,187.526,113.25,272.071,229.264,222.251,220.781,94.605,111.212,102.719,89.827,
2012-09-30,14662.932,12161.3,97.2217,99.2584,100.361,97.4173,84.42,101.2706,101.7288,95.233,95.1109,100.7713,98.3271,100.1318,90.5755,74.0434,155160.0,143044.0,7.8,39.8,134517.0,18442.0,5661.0,11934.0,7463.0,4471.0,116075.0,25387.0,14801.0,7800.0,21925.0,40.9,4.2,41.5,20.96,24.11,19.06,847.0,78.0,144.0,423.0,202.0,930.0,86.0,150.0,474.0,220.0,88.056,1211283.0,397681.0,203777.0,76988.0,994660.0,1633608.0,1.29,78.3,2386.6,10216.3,4422.4,2616.688,1517.5,1515.5,1434.331,3529.8586,2024222.19,11250.4,294795.04,822652.92,2671.8145,0.14,0.17,0.11,0.14,0.18,0.67,1.72,3.49,4.84,0.9386,78.1353,1.6126,0.9783,196.6,210.6,202.0,245.1,94.51,224.9,231.015,126.386,221.574,418.453,189.115,112.394,272.691,230.513,223.535,221.879,94.893,110.967,103.759,89.96,
2012-10-31,14761.628,12268.6,97.5311,99.0435,100.0994,97.4197,85.3608,100.9935,100.7508,96.0939,95.517,101.2696,98.1285,104.4132,92.2138,73.8308,155554.0,143431.0,7.8,39.6,134668.0,18452.0,5674.0,11941.0,7465.0,4476.0,116216.0,25427.0,14817.1,7809.0,21903.0,41.0,4.1,41.5,20.98,24.08,19.09,915.0,78.0,161.0,445.0,231.0,887.0,86.0,155.0,457.0,189.0,88.05,1206602.0,397494.0,205391.0,79033.0,1000517.0,1634146.0,1.29,82.6,2420.1,10282.6,4439.1,2649.206,1525.6,1524.1,1449.5834,3526.6714,2038369.66,11321.2,295890.28,825504.76,2678.6332,0.16,0.19,0.1,0.15,0.18,0.71,1.75,3.47,4.58,0.9323,79.0132,1.608,0.9872,196.9,211.0,202.4,244.3,89.49,229.4,231.638,127.291,222.913,419.07,189.812,111.97,273.242,231.165,223.181,222.498,95.174,110.867,104.26,90.224,
2012-11-30,14962.471,12457.7,97.9084,99.6372,100.6937,97.8702,86.4377,101.2576,101.8828,96.2435,96.2848,101.2505,98.7282,103.4281,91.7659,74.2235,155338.0,143333.0,7.7,39.0,134825.0,18458.0,5684.0,11930.0,7468.0,4462.0,116367.0,25495.0,14895.5,7816.0,21883.0,41.0,4.1,41.5,21.03,24.14,19.12,833.0,67.0,156.0,444.0,166.0,917.0,76.0,167.0,486.0,188.0,88.434,1228837.0,399708.0,205455.0,73754.0,1000786.0,1640526.0,1.28,82.7,2441.2,10351.6,4476.4,2665.524,1546.1,1545.1,1457.5771,3555.625,2057519.2,11397.2,296807.17,829274.68,2701.025,0.16,0.21,0.09,0.14,0.18,0.67,1.65,3.5,4.51,0.9388,81.0305,1.5968,0.997,195.5,209.0,200.6,246.2,86.53,222.7,231.249,127.191,218.833,419.509,188.453,111.719,273.783,230.647,221.572,222.078,95.109,110.849,103.426,90.379,
2012-12-31,15333.647,12812.9,98.1884,99.8311,100.8793,97.8579,88.3572,100.672,102.7253,96.6134,97.1293,101.5538,99.4541,95.6174,91.9536,74.7163,155628.0,143330.0,7.9,37.6,135074.0,18512.0,5724.0,11939.0,7484.0,4455.0,116562.0,25508.0,14865.1,7829.0,21887.0,41.2,4.2,41.7,21.05,24.14,19.12,976.0,117.0,188.0,458.0,213.0,941.0,95.0,153.0,473.0,220.0,88.47,1233388.0,401093.0,204456.0,80504.0,1014123.0,1647563.0,1.29,72.9,2460.7,10474.1,4529.9,2657.234,1570.4,1569.6,1474.5892,3550.6384,2072924.19,11539.7,298191.89,832667.94,2733.2889,0.16,0.17,0.07,0.12,0.16,0.7,1.72,3.65,4.63,0.9213,83.7905,1.6145,0.9898,195.3,208.8,200.7,248.6,87.86,226.4,231.221,127.289,217.524,420.321,187.716,111.563,274.437,230.546,220.582,222.016,95.094,110.753,102.917,90.518,
2013-01-31,14568.746,12052.3,98.1736,99.5148,100.3281,97.8114,87.7202,100.8004,100.8135,96.9137,97.2674,101.7591,99.1934,98.2855,93.8805,74.4744,155763.0,143292.0,8.0,35.6,135257.0,18561.0,5746.0,11962.0,7494.0,4468.0,116696.0,25545.0,14887.8,7837.0,21869.0,41.1,4.2,41.6,21.09,24.18,19.15,888.0,86.0,93.0,486.0,223.0,940.0,100.0,153.0,461.0,226.0,88.864,1237216.0,404434.0,206845.0,82032.0,1019882.0,1659407.0,1.29,73.8,2476.7,10497.4,4531.0,2749.24,1636.9,1636.4,1485.1014,3560.4348,2086586.85,11611.9,299406.93,831337.87,2728.5974,0.14,0.19,0.07,0.11,0.15,0.81,1.91,3.8,4.73,0.9234,89.0581,1.5965,0.9921,196.0,209.7,201.4,249.5,94.76,225.1,231.679,128.076,218.092,421.114,187.971,111.805,275.121,231.023,221.246,222.457,95.275,110.738,103.085,90.728,
2013-02-28,14539.752,12028.1,98.6434,100.0347,100.9099,98.2823,89.6828,100.8301,101.6803,97.331,97.6777,101.5659,99.598,98.5304,93.9831,74.7401,155312.0,143362.0,7.7,36.4,135545.0,18616.0,5784.0,11974.0,7502.0,4472.0,116929.0,25569.0,14912.7,7851.0,21881.0,41.3,4.3,41.9,21.15,24.2,19.22,962.0,106.0,136.0,498.0,222.0,980.0,87.0,158.0,499.0,236.0,88.849,1242279.0,409118.0,214996.0,87927.0,1033786.0,1661659.0,1.27,77.6,2468.9,10516.4,4514.7,2874.698,1733.4,1732.9,1491.2673,3553.708,2103074.32,11640.7,299682.56,828162.85,2724.81,0.15,0.16,0.1,0.12,0.16,0.85,1.98,3.9,4.85,0.9212,93.0016,1.5474,1.0098,197.1,211.1,203.2,246.9,95.31,226.4,232.937,128.134,223.274,421.601,189.884,112.097,275.756,232.489,223.629,223.738,95.614,110.647,104.158,90.904,
2013-03-31,14590.576,12065.8,99.047,100.4002,101.3752,98.8242,90.5609,101.2729,102.1438,97.7742,97.7193,101.1828,99.5027,107.208,93.3107,74.6388,155005.0,143316.0,7.5,37.0,135689.0,18639.0,5802.0,11977.0,7509.0,4468.0,117050.0,25564.0,14912.3,7856.0,21870.0,41.4,4.3,41.9,21.14,24.17,19.2,1010.0,96.0,141.0,555.0,218.0,936.0,98.0,145.0,485.0,208.0,88.963,1235591.0,406223.0,208015.0,78439.0,1031652.0,1661279.0,1.29,78.6,2476.3,10572.6,4551.6,2973.67,1811.3,1810.9,1499.186,3549.0403,2113583.43,11681.1,301028.99,830011.88,2723.216,0.14,0.15,0.09,0.11,0.15,0.82,1.96,3.93,4.85,0.9466,94.77,1.508,1.0244,196.1,209.7,201.3,247.4,92.94,218.7,232.282,126.97,218.985,423.089,188.07,112.269,276.207,231.692,224.241,223.001,95.488,110.248,103.176,91.068,
2013-04-30,14650.083,12133.9,98.9445,100.138,101.0105,98.545,90.1349,101.0372,101.5191,97.8375,97.4643,101.0218,99.1869,108.9927,94.0164,74.381,155394.0,143635.0,7.6,36.5,135873.0,18631.0,5796.0,11978.0,7512.0,4466.0,117242.0,25590.0,14922.3,7872.0,21869.0,41.2,4.4,41.8,21.2,24.24,19.23,835.0,79.0,148.0,408.0,200.0,1012.0,101.0,168.0,519.0,224.0,88.983,1233842.0,404231.0,204064.0,81190.0,1038298.0,1665519.0,1.3,76.4,2504.9,10600.0,4573.0,3045.884,1884.7,1884.3,1507.451,3553.1362,2124916.39,11735.9,302041.77,831262.52,2755.3948,0.15,0.16,0.06,0.09,0.12,0.71,1.76,3.73,4.59,0.9366,97.7582,1.5311,1.0187,194.7,207.6,199.9,247.3,92.02,205.6,231.797,126.905,214.905,423.025,186.794,112.46,276.473,231.056,223.774,222.502,95.391,109.912,102.466,91.183,
2013-05-31,14720.7,12186.3,99.0383,100.0647,100.7477,98.434,90.5815,100.7622,101.0017,98.1049,97.7642,102.0726,99.509,102.5761,95.7664,74.6098,155536.0,143882.0,7.5,36.8,136095.0,18668.0,5829.0,11978.0,7511.0,4467.0,117427.0,25625.0,14953.8,7883.0,21864.0,41.3,4.3,41.7,21.21,24.18,19.23,930.0,103.0,139.0,482.0,206.0,1003.0,105.0,148.0,509.0,241.0,89.237,1247803.0,406677.0,205056.0,91461.0,1052707.0,1661753.0,1.28,84.5,2523.5,10634.2,4585.8,3139.227,1982.0,1981.6,1510.4217,3545.8691,2136909.76,11772.6,304207.06,836761.3,2745.3439,0.11,0.14,0.04,0.08,0.12,0.84,1.93,3.89,4.73,0.9557,100.9186,1.5297,1.0196,196.1,209.5,200.3,250.1,94.51,199.9,231.893,126.916,214.01,422.316,186.495,112.529,276.955,231.2,224.105,222.629,95.461,109.788,102.181,91.383,
2013-06-30,14720.82,12182.7,99.2221,100.3453,100.9731,98.7456,91.7741,100.8152,100.9003,98.1877,97.9268,102.2266,99.7208,100.0173,96.2689,74.7638,155749.0,143999.0,7.5,36.4,136279.0,18701.0,5855.0,11982.0,7517.0,4465.0,117578.0,25682.0,15001.3,7887.0,21840.0,41.2,4.3,41.8,21.23,24.17,19.27,839.0,86.0,123.0,425.0,205.0,942.0,107.0,144.0,475.0,216.0,89.219,1243929.0,407921.0,202976.0,97352.0,1077918.0,1664436.0,1.29,84.1,2521.0,10691.3,4599.5,3222.379,2062.9,2062.6,1521.7516,3545.7849,2150247.57,11842.1,305501.32,840678.05,2732.7796,0.09,0.14,0.05,0.09,0.14,1.2,2.3,4.27,5.19,0.9331,97.235,1.5493,1.0314,196.4,209.9,200.5,248.2,95.77,199.1,232.445,126.995,215.38,424.286,187.137,112.524,277.441,231.757,224.647,223.12,95.673,109.735,102.56,91.58,
2013-07-31,14690.118,12155.0,98.8987,99.4527,99.7734,97.7511,89.3622,100.2375,99.104,98.4556,97.3305,102.0293,98.9178,99.9876,96.303,74.1639,155599.0,144264.0,7.3,37.3,136391.0,18684.0,5859.0,11962.0,7494.0,4468.0,117707.0,25725.0,15046.1,7904.0,21815.0,41.2,4.3,41.7,21.22,24.22,19.26,880.0,110.0,159.0,396.0,215.0,997.0,118.0,156.0,473.0,250.0,89.329,1244157.0,410268.0,207740.0,78332.0,1082006.0,1669018.0,1.29,85.1,2542.3,10730.5,4607.3,3310.35,2147.7,2147.3,1531.8942,3536.8909,2163842.81,11890.0,307647.22,844205.43,2710.7522,0.09,0.14,0.04,0.07,0.12,1.4,2.58,4.34,5.32,0.9449,99.6727,1.5179,1.0402,196.4,209.8,200.6,251.0,104.67,194.7,232.9,127.645,216.562,425.008,187.328,112.304,278.142,232.252,224.563,223.561,95.792,109.489,102.724,91.734,
2013-08-31,14715.624,12176.8,99.4897,100.1011,100.5148,98.2554,92.0347,100.104,100.6279,98.9877,98.8461,102.446,99.785,98.985,95.9274,74.8212,155605.0,144326.0,7.2,37.6,136646.0,18737.0,5878.0,11992.0,7525.0,4467.0,117909.0,25793.0,15091.6,7902.0,21831.0,41.3,4.4,41.9,21.24,24.17,19.31,917.0,98.0,160.0,452.0,207.0,964.0,127.0,159.0,440.0,238.0,89.464,1249320.0,409691.0,209249.0,78299.0,1086042.0,1677357.0,1.29,82.1,2551.3,10788.5,4621.2,3419.655,2252.6,2252.3,1533.0979,3527.1475,2177890.61,11930.8,309686.33,847486.01,2700.2526,0.08,0.12,0.04,0.07,0.13,1.52,2.74,4.54,5.42,0.9261,97.8123,1.5505,1.0407,197.0,210.8,200.7,246.8,106.57,200.5,233.456,127.412,217.901,427.168,187.847,112.047,278.743,232.856,224.732,224.049,95.934,109.112,103.076,91.88,
2013-09-30,14776.266,12235.2,100.021,100.4742,100.8744,98.562,92.4685,100.3736,101.451,99.6838,99.46,101.3019,99.8762,101.8733,96.8493,74.9015,155687.0,144418.0,7.2,37.4,136821.0,18788.0,5910.0,12010.0,7542.0,4468.0,118033.0,25858.0,15119.1,7903.0,21835.0,41.3,4.3,41.8,21.25,24.11,19.34,850.0,93.0,157.0,418.0,182.0,1004.0,100.0,176.0,517.0,211.0,89.733,1253661.0,410044.0,207779.0,88463.0,1102358.0,1687435.0,1.3,77.5,2585.5,10848.9,4645.3,3509.062,2333.9,2333.6,1540.0041,3526.6833,2192597.96,12035.8,311674.73,851375.47,2690.4519,0.08,0.11,0.02,0.04,0.12,1.6,2.81,4.64,5.47,0.9231,99.21,1.5885,1.0342,197.0,210.6,200.7,246.5,106.29,199.3,233.544,127.281,216.898,428.29,187.353,111.678,279.396,232.947,224.988,224.095,95.976,109.037,102.741,92.05,
2013-10-31,14726.182,12189.0,99.9037,100.5318,100.961,98.8971,92.6457,100.7556,101.0776,99.3863,99.9027,101.4412,100.0071,104.3369,97.8243,75.0163,154673.0,143537.0,7.2,35.1,137041.0,18832.0,5931.0,12033.0,7553.0,4480.0,118209.0,25882.0,15146.2,7912.0,21830.0,41.2,4.3,41.9,21.29,24.22,19.35,925.0,125.0,168.0,413.0,219.0,1044.0,106.0,162.0,535.0,241.0,90.023,1260475.0,411399.0,207585.0,82239.0,1110857.0,1697181.0,1.3,73.2,2631.2,10973.2,4696.0,3630.758,2427.8,2427.6,1549.6383,3523.9502,2206415.52,12153.8,314138.58,854095.93,2695.2804,0.09,0.12,0.05,0.08,0.12,1.37,2.62,4.53,5.31,0.9025,97.77,1.6098,1.0363,197.4,211.1,200.6,242.9,100.54,200.4,233.669,126.988,216.682,428.586,187.248,111.314,279.756,233.055,223.993,224.212,96.103,108.882,102.694,92.265,
2013-11-30,14763.876,12228.0,100.1582,100.4273,100.7623,98.8977,93.7394,100.4328,100.8089,100.0125,100.5336,100.9823,99.9878,105.9742,96.9007,75.0237,155265.0,144479.0,6.9,36.6,137316.0,18885.0,5963.0,12054.0,7565.0,4489.0,118431.0,25939.0,15175.8,7911.0,21843.0,41.4,4.4,42.0,21.34,24.27,19.4,1100.0,91.0,210.0,576.0,223.0,1029.0,108.0,163.0,521.0,237.0,90.393,1275801.0,412561.0,211549.0,94201.0,1126108.0,1707578.0,1.29,75.1,2638.8,10981.9,4691.1,3702.166,2517.1,2516.9,1558.8509,3529.8041,2223436.04,12167.0,312471.77,851493.51,2708.7705,0.08,0.12,0.07,0.1,0.12,1.37,2.72,4.63,5.38,0.9129,100.0737,1.61,1.0486,197.1,210.6,199.9,238.5,93.86,196.4,234.1,127.333,217.17,428.485,187.504,110.934,280.332,233.524,223.088,224.661,96.246,108.72,102.757,92.473,
2013-12-31,14797.116,12256.4,100.374,100.5774,101.0032,99.6368,93.7696,101.3826,99.9993,100.2975,100.2905,101.6121,99.8285,112.7265,95.5456,74.9307,155182.0,144778.0,6.7,36.5,137373.0,18858.0,5932.0,12060.0,7568.0,4492.0,118515.0,26012.0,15231.0,7916.0,21820.0,41.1,4.5,41.9,21.38,24.37,19.45,1002.0,82.0,148.0,498.0,274.0,1005.0,116.0,142.0,478.0,269.0,90.475,1270949.0,414812.0,212402.0,93967.0,1142621.0,1717040.0,1.3,82.5,2674.2,11046.9,4706.4,3685.395,2541.0,2540.8,1574.33,3531.6274,2236328.98,12224.8,313497.87,855549.91,2721.7922,0.09,0.14,0.07,0.1,0.13,1.58,2.9,4.62,5.38,0.8933,103.46,1.6383,1.0639,198.2,212.0,200.8,243.6,97.63,197.1,234.719,128.577,218.715,428.622,188.209,110.704,280.891,234.205,222.834,225.296,96.414,108.308,103.121,92.658,
2014-01-31,14872.775,12325.9,99.9899,99.6338,99.8986,98.021,90.8906,100.1425,100.1351,100.4898,99.3268,100.6714,98.7632,111.8986,94.7946,74.1619,155352.0,145150.0,6.6,35.1,137561.0,18914.0,5985.0,12058.0,7560.0,4498.0,118647.0,26029.0,15214.9,7913.0,21814.0,41.0,4.4,41.6,21.41,24.41,19.45,888.0,116.0,60.0,477.0,235.0,976.0,102.0,162.0,489.0,223.0,90.176,1258055.0,411561.0,212099.0,80222.0,1146109.0,1721820.0,1.31,81.2,2714.1,11116.6,4724.7,3733.589,2556.4,2556.3,1586.7954,3535.4901,2252106.41,12334.6,313846.0,853492.96,2730.3993,0.07,0.12,0.04,0.07,0.12,1.65,2.86,4.49,5.19,0.9038,103.7614,1.647,1.094,199.3,213.4,202.3,248.2,94.62,194.1,235.288,127.882,219.287,429.989,188.528,110.697,281.729,234.808,223.71,225.831,96.614,108.041,103.535,92.856,
2014-02-28,14955.901,12398.8,100.7471,100.5722,101.0294,99.1434,93.9675,100.6828,101.5202,101.064,100.6899,100.3128,99.6865,112.5885,94.6973,74.8927,155483.0,145134.0,6.7,36.5,137712.0,18966.0,6007.0,12084.0,7582.0,4502.0,118746.0,26004.0,15189.6,7932.0,21825.0,40.8,4.3,41.6,21.52,24.73,19.47,944.0,90.0,128.0,507.0,219.0,1039.0,111.0,134.0,542.0,252.0,90.586,1268722.0,416736.0,215315.0,75888.0,1151530.0,1731331.0,1.31,81.6,2730.2,11182.3,4747.4,3869.626,2650.1,2650.0,1619.7096,3545.5801,2267194.15,12397.5,313324.92,849062.87,2750.1202,0.07,0.13,0.05,0.08,0.12,1.52,2.71,4.45,5.1,0.8937,102.1253,1.6558,1.1054,199.5,213.6,202.8,259.8,100.82,194.5,235.547,127.279,218.525,431.137,188.439,110.844,282.328,234.964,224.665,226.05,96.66,107.698,103.528,92.969,
2014-03-31,15033.859,12463.0,101.7435,101.3839,101.8869,99.7765,94.912,101.2232,102.6311,102.2537,102.2274,100.4911,100.5488,111.0592,95.9681,75.5836,156028.0,145648.0,6.7,35.3,137985.0,19013.0,6038.0,12096.0,7597.0,4499.0,118972.0,26055.0,15217.9,7932.0,21833.0,41.5,4.5,42.0,21.49,24.5,19.52,970.0,129.0,150.0,483.0,208.0,1067.0,140.0,166.0,502.0,259.0,91.104,1279006.0,421230.0,212755.0,81126.0,1160074.0,1739321.0,1.3,80.0,2749.3,11218.2,4752.9,3925.88,2676.7,2676.6,1633.3176,3561.1093,2281943.64,12413.5,314613.85,851145.74,2774.8516,0.08,0.12,0.05,0.08,0.13,1.64,2.72,4.38,5.06,0.8805,102.3395,1.6624,1.1107,200.0,214.2,202.9,260.8,100.8,195.3,236.028,127.439,217.491,432.211,188.14,110.925,283.543,235.357,226.391,226.504,96.815,107.377,103.431,93.265,
2014-04-30,15078.809,12494.1,101.8273,101.1021,101.6267,99.4012,94.0754,100.9859,102.5005,102.7145,101.8006,101.1024,100.5296,105.9893,97.0672,75.6166,155369.0,145667.0,6.2,34.9,138297.0,19079.0,6084.0,12109.0,7607.0,4502.0,119218.0,26122.0,15255.9,7944.0,21853.0,41.3,4.4,41.9,21.5,24.62,19.48,1043.0,123.0,188.0,487.0,245.0,1090.0,120.0,160.0,545.0,265.0,91.253,1280443.0,425546.0,213190.0,77992.0,1170643.0,1745942.0,1.3,84.1,2774.2,11263.1,4763.1,3965.202,2714.9,2714.8,1651.1911,3574.187,2298148.18,12450.5,316292.75,853562.96,2783.2186,0.09,0.12,0.03,0.05,0.11,1.7,2.71,4.24,4.9,0.8828,102.4582,1.6748,1.0992,200.8,215.3,202.9,263.6,102.07,195.4,236.468,127.475,218.989,433.26,188.779,111.212,283.778,235.742,227.302,226.916,96.987,107.286,103.832,93.403,
2014-05-31,15120.855,12517.4,102.2392,101.3737,101.7423,99.2763,95.8278,100.2986,103.0762,103.2738,102.8886,100.1887,100.8183,104.3709,95.5746,75.887,155684.0,145825.0,6.3,34.4,138512.0,19117.0,6109.0,12120.0,7622.0,4498.0,119395.0,26165.0,15265.1,7951.0,21832.0,41.4,4.6,42.1,21.53,24.63,19.51,1007.0,90.0,167.0,557.0,193.0,1018.0,115.0,164.0,511.0,228.0,91.451,1283964.0,426253.0,212427.0,79766.0,1176817.0,1754624.0,1.3,81.9,2785.3,11327.6,4781.2,3932.539,2688.4,2688.2,1663.6926,3582.1109,2313991.15,12511.2,316668.93,856067.61,2801.1097,0.09,0.11,0.03,0.05,0.1,1.59,2.56,4.16,4.76,0.8883,101.7738,1.6842,1.0894,201.1,215.7,203.1,260.7,102.18,195.6,236.918,127.773,218.306,434.262,188.766,111.086,284.678,236.079,228.124,227.34,97.147,106.893,103.961,93.648,
2014-06-30,15177.06,12562.1,102.5774,101.3152,101.6545,99.2772,96.2636,100.169,102.6065,104.0208,103.7443,100.5284,101.1329,100.5016,93.3954,76.1833,155707.0,146247.0,6.1,33.9,138849.0,19172.0,6133.0,12146.0,7645.0,4501.0,119677.0,26238.0,15306.0,7965.0,21895.0,41.5,4.5,42.1,21.55,24.61,19.54,911.0,96.0,198.0,388.0,229.0,1010.0,115.0,198.0,475.0,222.0,91.772,1283791.0,427305.0,211459.0,80748.0,1185306.0,1757656.0,1.31,82.5,2817.2,11382.8,4798.2,3970.973,2722.3,2722.1,1676.8043,3599.413,2331484.59,12561.3,318203.56,858480.37,2819.7249,0.1,0.11,0.04,0.06,0.1,1.68,2.6,4.25,4.8,0.8958,102.0629,1.6908,1.083,201.9,216.8,203.4,257.9,105.79,197.6,237.231,127.982,218.653,435.187,188.973,110.856,285.109,236.403,228.531,227.625,97.253,106.762,104.151,93.762,
2014-07-31,15218.177,12593.5,102.7954,101.6667,102.1398,99.3838,98.6211,99.5994,103.8662,104.1074,104.3278,100.3002,101.5662,97.2394,94.2942,76.5755,156007.0,146399.0,6.2,32.7,139073.0,19240.0,6178.0,12165.0,7661.0,4504.0,119833.0,26292.0,15329.1,7980.0,21901.0,41.5,4.4,42.0,21.61,24.63,19.58,1085.0,134.0,161.0,526.0,264.0,1076.0,124.0,180.0,520.0,252.0,91.971,1291656.0,428079.0,209816.0,139551.0,1251197.0,1763491.0,1.3,81.8,2837.3,11437.5,4815.8,4009.08,2759.0,2758.8,1694.9147,3604.7036,2347363.86,12614.4,320493.95,862565.82,2848.2334,0.09,0.13,0.03,0.06,0.11,1.7,2.54,4.16,4.73,0.8978,101.74,1.7066,1.0739,201.8,216.6,203.6,253.4,103.59,201.0,237.498,127.942,218.126,435.864,188.869,110.723,285.733,236.619,228.084,227.873,97.391,106.748,104.125,93.971,
2014-08-31,15295.125,12657.1,102.6322,101.1945,101.5766,98.8394,95.8744,99.7158,103.0364,104.2691,103.4745,100.6531,100.9883,98.1029,92.7644,76.212,156130.0,146530.0,6.1,32.0,139269.0,19291.0,6210.0,12182.0,7674.0,4508.0,119978.0,26316.0,15338.0,7994.0,21855.0,41.5,4.4,42.0,21.64,24.69,19.6,984.0,111.0,187.0,479.0,207.0,1047.0,121.0,167.0,544.0,215.0,92.596,1294102.0,431379.0,209428.0,81621.0,1254803.0,1769669.0,1.31,82.5,2787.0,11461.6,4826.7,4097.276,2842.0,2841.8,1711.7561,3615.653,2362587.83,12618.5,322859.46,866980.79,2850.6138,0.09,0.13,0.03,0.05,0.11,1.63,2.42,4.08,4.69,0.9098,102.9438,1.67,1.0926,201.5,216.1,203.4,245.6,96.54,203.2,237.46,127.357,217.071,436.041,188.534,110.475,285.984,236.488,227.302,227.827,97.379,106.601,103.818,94.066,
2014-09-30,15348.309,12701.3,102.9417,101.4421,101.8655,99.2698,95.6824,100.3321,102.555,104.6499,103.6966,100.5259,100.9867,102.0878,91.7643,76.2891,156040.0,146778.0,5.9,31.9,139563.0,19347.0,6242.0,12201.0,7684.0,4517.0,120216.0,26363.0,15367.6,8009.0,21897.0,41.6,4.5,42.1,21.67,24.77,19.59,1023.0,106.0,169.0,508.0,240.0,1077.0,132.0,170.0,534.0,241.0,92.623,1293829.0,430189.0,206933.0,81397.0,1258142.0,1771944.0,1.31,84.6,2861.2,11502.8,4843.8,4072.188,2814.5,2814.2,1725.7351,3619.3891,2377932.28,12691.2,325525.67,870335.63,2874.3023,0.09,0.12,0.02,0.04,0.11,1.77,2.53,4.11,4.8,0.937,107.4257,1.629,1.1011,201.3,215.8,203.0,245.9,93.21,201.5,237.477,127.813,215.41,437.091,188.141,110.047,286.388,236.4,227.361,227.8,97.413,106.441,103.613,94.198,
2014-10-31,15426.259,12769.9,102.9611,101.452,101.9996,98.9179,95.2928,99.9915,103.747,104.6859,103.071,100.1785,100.8772,101.9579,90.538,76.2897,156417.0,147427.0,5.7,32.3,139797.0,19391.0,6259.0,12233.0,7706.0,4527.0,120406.0,26424.0,15404.8,8018.0,21917.0,41.6,4.4,42.1,21.68,24.74,19.64,1074.0,97.0,159.0,598.0,220.0,1094.0,117.0,154.0,543.0,280.0,93.217,1295747.0,431903.0,203484.0,75250.0,1258912.0,1775551.0,1.32,86.9,2880.4,11576.6,4875.8,4041.445,2760.3,2760.1,1730.8096,3620.9683,2385640.01,12792.7,325763.4,870468.33,2879.2696,0.09,0.12,0.02,0.05,0.1,1.55,2.3,3.92,4.69,0.9528,108.0264,1.6074,1.1212,200.8,215.0,201.0,237.7,84.4,194.5,237.43,127.761,213.73,437.758,187.522,109.811,286.893,236.284,226.273,227.722,97.384,106.328,103.223,94.289,
2014-11-30,15514.307,12848.6,103.5978,102.6967,103.5884,100.8348,98.3407,101.5715,104.9531,104.6663,103.2868,100.3574,101.5489,109.0456,90.7296,76.885,156494.0,147404.0,5.8,32.7,140090.0,19431.0,6272.0,12260.0,7724.0,4536.0,120659.0,26475.0,15430.1,8036.0,21932.0,41.6,4.5,42.2,21.68,24.8,19.64,1001.0,104.0,170.0,455.0,272.0,1059.0,134.0,143.0,512.0,270.0,93.454,1298950.0,433113.0,198957.0,77571.0,1259730.0,1780924.0,1.34,88.8,2888.2,11617.3,4902.2,3848.142,2575.1,2575.0,1751.6656,3627.344,2400874.63,12854.0,325398.14,872743.74,2889.723,0.09,0.13,0.02,0.07,0.13,1.62,2.33,3.92,4.79,0.9642,116.2994,1.5771,1.1325,199.2,212.6,198.9,234.7,75.79,194.7,236.983,127.254,210.033,439.408,186.059,109.016,287.404,235.684,224.294,227.188,97.291,105.817,102.406,94.473,
2014-12-31,15620.73,12933.1,103.6151,102.2978,103.1295,100.5261,97.9118,101.2983,103.8234,105.1532,103.5335,100.2616,101.358,103.8666,92.9626,76.8289,156332.0,147615.0,5.6,32.7,140364.0,19454.0,6293.0,12266.0,7726.0,4540.0,120910.0,26527.0,15444.4,8042.0,21947.0,41.6,4.5,42.1,21.68,24.83,19.62,1073.0,115.0,170.0,494.0,294.0,1072.0,94.0,169.0,574.0,235.0,93.713,1306392.0,430110.0,194466.0,72388.0,1251932.0,1779016.0,1.35,93.6,2955.8,11701.0,4952.8,3898.571,2665.9,2665.8,1773.178,3638.5581,2422158.19,12960.3,326890.04,882566.01,2932.4347,0.12,0.15,0.03,0.11,0.21,1.64,2.21,3.79,4.74,0.9753,119.3233,1.5644,1.1532,196.7,209.1,195.4,222.4,59.29,193.7,236.252,126.637,204.124,441.464,184.015,108.5,287.958,234.705,222.267,226.341,97.12,105.262,101.28,94.643,
2015-01-31,15758.015,13038.7,102.7923,101.9192,102.7337,100.6389,97.5671,101.5465,103.154,103.8339,102.4417,99.0925,100.7682,104.6171,92.3458,76.4695,157030.0,148145.0,5.7,32.0,140568.0,19473.0,6320.0,12265.0,7725.0,4540.0,121095.0,26557.0,15462.0,8059.0,21960.0,41.5,4.5,42.0,21.73,24.99,19.63,1085.0,107.0,140.0,533.0,305.0,1049.0,116.0,140.0,523.0,270.0,93.936,1308978.0,428208.0,186430.0,74358.0,1250695.0,1777773.0,1.38,98.1,2955.6,11787.8,5021.5,4019.999,2745.6,2745.5,1791.5773,3653.7118,2438894.03,13083.2,326939.42,871082.09,2959.0481,0.11,0.16,0.03,0.08,0.2,1.37,1.88,3.46,4.45,0.9443,118.25,1.5142,1.2122,192.9,203.5,190.7,201.7,47.22,187.9,234.747,126.129,194.852,441.351,180.302,108.474,288.584,232.969,220.322,224.784,96.654,104.93,99.097,94.676,
2015-02-28,15815.476,13086.9,102.1366,101.1432,101.9113,100.219,95.0994,101.7316,102.4353,103.3237,101.4624,98.8869,100.011,111.5342,92.4725,75.98,156644.0,148045.0,5.5,31.2,140827.0,19511.0,6361.0,12275.0,7734.0,4541.0,121316.0,26599.0,15478.7,8070.0,21978.0,41.4,4.4,41.9,21.68,24.7,19.71,886.0,46.0,97.0,504.0,239.0,1127.0,90.0,161.0,592.0,284.0,94.158,1303724.0,427119.0,189549.0,69635.0,1242238.0,1783783.0,1.39,95.4,3025.2,11904.7,5058.5,3866.786,2556.1,2556.1,1807.9304,3676.0808,2453090.39,13193.9,326684.18,869000.82,2990.5196,0.11,0.15,0.02,0.07,0.22,1.47,1.98,3.61,4.51,0.9361,118.76,1.5329,1.2499,193.0,203.4,189.7,194.2,50.58,187.2,235.342,125.96,197.087,441.101,181.129,109.062,288.949,233.611,221.432,225.412,96.825,105.164,99.498,94.77,
2015-03-31,15786.489,13043.4,101.7869,101.259,102.233,101.3239,97.9715,102.3151,102.4502,102.4321,101.4397,99.2519,100.3682,111.0363,92.0931,76.333,156643.0,148128.0,5.4,30.5,140923.0,19480.0,6334.0,12286.0,7738.0,4548.0,121443.0,26646.0,15509.6,8081.0,21970.0,41.2,4.3,41.8,21.83,25.1,19.76,960.0,102.0,144.0,515.0,199.0,1072.0,125.0,153.0,526.0,268.0,94.441,1310961.0,433647.0,192677.0,75198.0,1240748.0,1787168.0,1.38,93.0,3001.2,11902.8,5044.1,4081.658,2732.9,2732.8,1833.4502,3710.3202,2469796.48,13196.1,328710.29,870785.23,3004.8957,0.11,0.14,0.03,0.11,0.25,1.52,2.04,3.64,4.54,0.9798,120.3945,1.4958,1.2618,193.3,203.7,189.3,192.8,47.82,181.8,235.976,126.626,199.119,442.943,181.884,109.587,289.47,234.411,223.014,225.992,97.008,105.051,99.972,94.907,
2015-04-30,15833.624,13080.5,101.2255,100.606,101.1621,100.4669,98.8119,100.9584,101.7206,101.987,101.0843,99.5883,100.3485,101.9554,92.4708,76.3931,157060.0,148511.0,5.4,30.9,141196.0,19527.0,6392.0,12291.0,7736.0,4555.0,121669.0,26662.0,15522.1,8086.0,22005.0,41.2,4.3,41.8,21.86,25.18,19.79,1190.0,194.0,168.0,519.0,309.0,1166.0,193.0,147.0,561.0,265.0,94.614,1321167.0,434470.0,190949.0,74359.0,1236578.0,1793017.0,1.38,95.9,3002.7,11936.7,5053.2,4089.282,2756.7,2756.7,1847.9368,3720.2813,2484033.46,13222.8,330411.62,873519.01,3021.6257,0.12,0.13,0.02,0.09,0.23,1.35,1.94,3.52,4.48,0.9595,119.5095,1.4968,1.2337,192.2,202.1,187.8,193.9,54.45,182.1,236.222,126.39,198.636,445.822,181.641,110.212,290.183,234.707,223.446,226.124,97.094,105.212,99.709,95.086,
2015-05-31,15866.779,13108.5,100.7675,100.422,100.9658,100.3076,100.973,100.1175,101.9751,101.1986,101.1037,99.4503,100.369,100.2893,90.9293,76.4751,157651.0,148817.0,5.6,30.7,141538.0,19556.0,6427.0,12306.0,7746.0,4560.0,121982.0,26727.0,15557.3,8097.0,22012.0,41.1,4.3,41.8,21.91,25.22,19.84,1079.0,146.0,145.0,513.0,275.0,1272.0,287.0,175.0,546.0,264.0,94.899,1307579.0,437865.0,191960.0,66592.0,1227817.0,1797978.0,1.38,90.7,2978.3,11964.2,5048.2,3959.169,2641.7,2641.6,1863.5293,3729.9717,2499016.46,13259.6,332489.55,876977.02,3048.285,0.12,0.15,0.02,0.08,0.24,1.54,2.2,3.98,4.89,0.9316,120.798,1.5456,1.2176,195.4,206.5,189.7,200.4,59.27,185.7,237.001,125.831,202.277,446.743,182.865,110.197,290.543,235.571,224.911,226.893,97.327,105.137,100.41,95.223,
2015-06-30,15873.338,13116.2,100.4588,100.227,100.7062,100.2022,98.3485,100.7498,101.3761,100.7524,100.4357,99.0809,99.9985,101.7809,90.8808,76.2482,157062.0,148816.0,5.3,28.4,141709.0,19565.0,6441.0,12307.0,7745.0,4562.0,122144.0,26764.0,15567.8,8115.0,22015.0,41.2,4.4,41.8,21.98,25.26,19.9,1205.0,219.0,146.0,552.0,288.0,1379.0,281.0,185.0,608.0,305.0,94.966,1309833.0,437951.0,192903.0,74493.0,1227278.0,1808412.0,1.38,96.1,3014.8,12004.6,5051.2,3951.298,2611.1,2611.0,1880.1555,3749.7493,2519750.71,13316.1,334772.03,881240.08,3053.5681,0.13,0.18,0.02,0.09,0.28,1.68,2.36,4.19,5.13,0.9321,123.7186,1.5576,1.2365,196.8,208.6,190.8,201.4,59.82,179.3,237.657,125.51,203.86,446.33,183.424,110.049,291.315,236.22,225.729,227.591,97.516,104.971,100.694,95.434,
2015-07-31,15899.39,13138.7,101.0893,100.9588,101.6983,101.6955,103.1196,101.2835,101.1292,101.2576,101.7467,99.1922,100.7387,101.5231,92.3674,76.8548,156997.0,148830.0,5.2,28.1,141991.0,19602.0,6472.0,12323.0,7748.0,4575.0,122389.0,26802.0,15582.8,8134.0,22050.0,41.2,4.3,41.8,21.97,25.18,19.94,1146.0,155.0,172.0,551.0,268.0,1140.0,118.0,175.0,570.0,277.0,95.319,1313431.0,441942.0,191870.0,71572.0,1225348.0,1809379.0,1.38,93.1,3035.1,12048.3,5061.6,3989.687,2649.3,2649.1,1889.5042,3761.8995,2532694.62,13389.3,336452.83,885069.75,3042.9951,0.13,0.19,0.03,0.12,0.3,1.63,2.32,4.15,5.2,0.9547,123.3109,1.556,1.2863,196.4,207.8,190.4,194.9,50.9,172.8,238.034,125.689,204.166,446.953,183.437,109.652,292.022,236.623,225.318,227.956,97.605,104.672,100.766,95.584,
2015-08-31,15930.975,13165.5,100.9165,101.0746,101.7063,101.7405,100.6829,102.0556,100.8117,100.7168,100.5893,98.7429,100.4158,102.6293,93.0442,76.6364,157172.0,149181.0,5.1,28.4,142125.0,19602.0,6490.0,12318.0,7747.0,4571.0,122523.0,26822.0,15589.2,8145.0,22060.0,41.3,4.3,41.8,22.02,25.22,19.97,1130.0,113.0,151.0,622.0,244.0,1165.0,115.0,174.0,583.0,293.0,95.554,1315072.0,441849.0,187210.0,70552.0,1218805.0,1812159.0,1.4,91.9,3014.3,12093.1,5080.4,4003.503,2666.1,2665.8,1903.4103,3777.818,2545650.91,13457.7,338838.14,887603.38,3057.5251,0.14,0.26,0.07,0.22,0.38,1.54,2.17,4.04,5.19,0.9685,123.0038,1.5578,1.3147,195.4,206.5,188.8,187.2,42.87,166.1,238.033,126.166,202.609,446.612,182.94,109.187,292.472,236.529,224.632,227.969,97.612,104.311,100.475,95.734,
2015-09-30,15973.484,13200.8,100.633,100.5852,101.0959,101.3891,100.2604,101.7247,99.798,100.7005,100.1137,99.4815,100.1439,102.2478,94.7326,76.4433,156733.0,148826.0,5.0,25.7,142275.0,19614.0,6508.0,12326.0,7745.0,4581.0,122661.0,26810.0,15579.8,8152.0,22040.0,41.2,4.2,41.8,21.99,24.94,20.06,1224.0,130.0,139.0,653.0,302.0,1144.0,117.0,178.0,568.0,281.0,95.61,1327948.0,439867.0,185433.0,64849.0,1207218.0,1815441.0,1.4,87.2,3038.0,12154.3,5117.6,4049.765,2701.3,2701.0,1915.348,3794.9981,2567179.48,13512.0,343472.98,896125.29,3048.8949,0.14,0.27,0.02,0.18,0.37,1.49,2.17,4.07,5.34,0.9725,120.1476,1.5338,1.3266,193.1,203.2,186.4,181.6,45.48,168.4,237.498,126.011,197.162,447.648,181.17,108.948,293.125,235.792,223.824,227.37,97.477,104.428,99.333,95.868,
2015-10-31,16012.028,13235.8,100.1563,100.2812,100.5114,100.9574,100.1984,101.1837,98.9827,100.002,100.0835,99.3919,100.0123,100.9955,94.5403,76.3444,157167.0,149246.0,5.0,27.5,142579.0,19651.0,6547.0,12334.0,7742.0,4592.0,122928.0,26851.0,15619.3,8167.0,22056.0,41.3,4.3,41.8,22.13,25.37,20.05,1058.0,132.0,171.0,518.0,237.0,1160.0,127.0,173.0,597.0,263.0,95.676,1325144.0,438693.0,184546.0,74760.0,1207516.0,1818071.0,1.41,90.0,3017.9,12205.6,5134.2,4099.142,2725.9,2725.7,1930.1677,3812.6222,2581090.32,13604.8,343060.1,896866.51,3059.3653,0.12,0.25,0.02,0.11,0.26,1.39,2.07,3.95,5.34,0.9687,120.0481,1.5343,1.3072,192.5,202.5,185.7,181.6,46.22,168.9,237.733,125.323,196.445,450.681,180.851,108.5,293.897,236.022,223.404,227.484,97.477,104.143,99.185,95.955,
2015-11-30,16009.52,13227.7,99.4366,99.8563,99.8748,100.6696,99.3564,101.0595,97.5686,98.9016,99.3707,99.6546,99.7698,96.3607,94.6535,76.1487,157463.0,149463.0,5.1,27.9,142808.0,19682.0,6598.0,12329.0,7728.0,4601.0,123126.0,26875.0,15625.5,8182.0,22081.0,41.2,4.2,41.8,22.14,25.44,20.04,1172.0,126.0,167.0,607.0,272.0,1244.0,123.0,205.0,613.0,303.0,95.835,1322511.0,440303.0,183760.0,69416.0,1205052.0,1814988.0,1.41,91.3,3074.6,12296.9,5166.4,4026.138,2660.3,2660.2,1946.3666,3847.6364,2592818.12,13707.2,341299.23,895145.34,3083.5178,0.12,0.3,0.12,0.32,0.48,1.67,2.26,4.06,5.46,1.0098,122.6432,1.5194,1.3279,192.7,202.7,184.5,172.3,42.44,160.4,238.017,125.724,196.644,452.225,180.652,107.926,294.62,236.388,222.526,227.713,97.538,103.808,99.144,96.103,
2015-12-31,16077.429,13278.2,98.9471,99.2707,99.1294,100.0377,99.4484,100.2126,96.5789,98.5362,99.1674,99.6924,99.5068,93.6802,93.6334,75.9268,158035.0,150128.0,5.0,27.9,143077.0,19709.0,6630.0,12333.0,7721.0,4612.0,123368.0,26909.0,15630.8,8189.0,22097.0,41.3,4.2,41.8,22.2,25.46,20.1,1146.0,155.0,164.0,586.0,241.0,1211.0,172.0,172.0,609.0,258.0,96.138,1320606.0,442149.0,180442.0,59983.0,1201437.0,1811571.0,1.43,92.6,3106.3,12368.2,5201.9,3816.145,2481.2,2481.1,1952.8521,3871.0898,2502140.56,13760.9,303274.28,737406.52,3110.5042,0.24,0.54,0.23,0.49,0.65,1.7,2.24,3.97,5.46,0.9951,121.635,1.4981,1.3713,191.2,200.6,182.7,167.2,37.19,158.7,237.761,126.042,194.728,452.732,179.745,107.599,295.032,236.141,221.203,227.426,97.456,103.573,98.538,96.204,2054.08
2016-01-31,16098.568,13294.9,99.4391,99.9153,99.9105,101.4048,100.5843,101.6483,96.5745,98.8294,99.2499,100.3049,99.8812,99.5978,94.799,76.1819,158280.0,150653.0,4.8,29.1,143210.0,19717.0,6631.0,12354.0,7733.0,4621.0,123493.0,26915.0,15664.8,8207.0,22114.0,41.4,4.3,41.9,22.21,25.44,20.15,1092.0,142.0,147.0,557.0,246.0,1171.0,87.0,198.0,571.0,315.0,96.299,1321509.0,439466.0,179080.0,76295.0,1205653.0,1810707.0,1.43,92.0,3107.2,12505.5,5262.1,3779.861,2440.0,2439.9,1963.8478,3890.8642,2516159.89,13836.1,301937.16,736107.18,3117.7269,0.34,0.57,0.26,0.43,0.54,1.52,2.09,4.0,5.45,1.0082,118.2258,1.4392,1.4208,,,,,31.68,157.1,237.652,124.999,192.648,454.194,178.786,107.862,295.76,235.989,221.321,227.247,97.496,103.528,97.953,96.446,1918.6
2016-02-29,16107.427,13288.1,98.9232,99.4932,99.4057,101.2089,100.212,101.5049,96.0714,98.1901,98.9591,100.1114,99.5336,100.3065,98.7116,75.8794,158640.0,150939.0,4.9,29.4,143407.0,19687.0,6640.0,12337.0,7720.0,4617.0,123720.0,26978.0,15715.1,8210.0,22138.0,41.1,4.3,41.8,22.2,25.35,20.19,1225.0,82.0,209.0,625.0,309.0,1172.0,125.0,177.0,568.0,302.0,96.941,1332078.0,443117.0,177435.0,67281.0,1198700.0,1806025.0,1.43,91.7,3142.5,12577.7,5299.5,3908.947,2510.9,2510.8,1987.1478,3917.0042,2530907.13,13922.7,299566.48,731626.57,3127.8,0.38,0.54,0.31,0.44,0.53,1.22,1.78,3.96,5.34,0.992,114.6155,1.429,1.3797,,,,,30.32,163.6,237.336,125.898,188.784,456.922,177.511,108.252,296.387,235.585,221.229,226.792,97.445,103.402,97.216,96.614,1904.42
2016-03-31,16106.421,13286.4,98.1635,98.7302,98.5437,100.2972,99.8254,100.4363,95.4651,97.4331,98.5354,100.5633,99.4456,91.1541,99.3387,75.7697,159179.0,151218.0,5.0,28.3,143662.0,19682.0,6678.0,12313.0,7698.0,4615.0,123980.0,27054.0,15769.3,8226.0,22178.0,41.0,4.3,41.8,22.36,25.7,20.26,1111.0,153.0,161.0,537.0,260.0,1118.0,98.0,184.0,573.0,263.0,96.58,1332612.0,441856.0,179287.0,64049.0,1196009.0,1812317.0,1.43,91.0,3157.8,12628.6,5304.4,3926.824,2519.7,2519.7,2017.6235,3942.8999,2546978.72,14003.0,298976.54,732221.29,3141.7706,0.36,0.55,0.29,0.46,0.66,1.38,1.89,3.82,5.13,0.9811,112.9317,1.4249,1.3226,,,,,37.55,168.6,238.08,125.843,191.583,457.723,178.319,108.525,297.073,236.534,222.363,227.532,97.673,103.078,97.74,96.832,2021.95
2016-04-30,16081.685,13263.0,98.4775,99.2616,99.1671,101.3953,101.116,101.4768,95.3634,97.462,98.664,99.6067,99.3157,101.9221,97.3584,75.6252,159141.0,151074.0,5.1,27.9,143855.0,19705.0,6702.0,12325.0,7703.0,4622.0,124150.0,27072.0,15767.2,8249.0,22184.0,41.1,4.3,41.8,22.45,25.72,20.38,1163.0,119.0,207.0,601.0,236.0,1160.0,111.0,187.0,577.0,285.0,96.836,1331387.0,444254.0,181439.0,75917.0,1202356.0,1817906.0,1.43,89.0,3200.1,12707.6,5317.2,3912.355,2487.0,2486.9,2033.446,3960.2705,2562076.86,14084.3,298098.08,732085.45,3165.2017,0.37,0.55,0.23,0.37,0.56,1.26,1.81,3.62,4.79,0.9634,109.5519,1.4319,1.2818,,,,,40.75,167.8,238.992,125.782,194.491,459.245,179.289,108.676,297.918,237.554,223.693,228.414,97.993,103.45,98.295,97.074,2075.54
2016-05-31,16074.046,13253.1,98.2549,98.9844,98.8304,100.9833,99.6777,101.3739,95.1439,97.3084,98.865,99.813,99.2456,100.7083,97.8912,75.5269,158784.0,151132.0,4.8,26.9,143900.0,19659.0,6689.0,12303.0,7678.0,4625.0,124241.0,27089.0,15772.9,8265.0,22199.0,41.1,4.2,41.9,22.51,25.88,20.41,1148.0,83.0,191.0,597.0,277.0,1205.0,106.0,178.0,587.0,334.0,96.995,1323914.0,445490.0,181048.0,74675.0,1203918.0,1823582.0,1.43,94.7,3236.8,12774.6,5332.6,3858.6,2443.8,2443.7,2048.1212,3986.5424,2576691.76,14156.8,297912.0,732610.29,3189.1285,0.37,0.57,0.27,0.41,0.59,1.3,1.81,3.65,4.68,0.9777,108.8481,1.4524,1.2945,,,,,46.71,168.7,239.557,126.707,195.474,460.487,179.478,108.345,298.863,238.265,224.625,228.947,98.153,103.112,98.29,97.357,2065.55
2016-06-30,16090.905,13272.8,98.7315,99.4544,99.4332,101.9171,101.7711,101.9584,95.1924,97.7918,99.3524,99.2212,99.4759,104.4357,99.8463,75.6609,158967.0,151223.0,4.9,28.0,144146.0,19679.0,6701.0,12321.0,7675.0,4646.0,124467.0,27107.0,15790.0,8281.0,22180.0,41.2,4.3,41.8,22.63,26.06,20.47,1203.0,116.0,191.0,591.0,305.0,1208.0,118.0,175.0,613.0,302.0,97.426,1331850.0,450237.0,182754.0,61173.0,1189742.0,1823476.0,1.41,93.5,3242.5,12835.1,5343.0,3846.348,2427.5,2427.3,2050.7824,4008.4703,2589239.33,14230.5,298182.29,732442.74,3208.6861,0.38,0.55,0.27,0.4,0.55,1.17,1.64,3.5,4.53,0.9695,105.3509,1.4197,1.2894,,,,,48.76,170.2,240.222,126.276,197.236,462.09,179.948,107.832,299.729,239.059,225.284,229.567,98.325,102.49,98.74,97.561,2083.89
2016-07-31,16159.383,13334.6,98.8452,99.5382,99.321,101.7316,101.9406,101.6665,95.2321,97.9427,99.4623,99.316,99.5257,105.3252,100.1217,75.664,159194.0,151554.0,4.8,27.8,144520.0,19729.0,6735.0,12342.0,7688.0,4654.0,124791.0,27153.0,15805.2,8304.0,22289.0,41.3,4.3,42.0,22.65,26.08,20.49,1239.0,133.0,158.0,643.0,305.0,1198.0,110.0,196.0,614.0,278.0,97.604,1330786.0,449789.0,181796.0,67180.0,1185098.0,1825078.0,1.42,90.0,3242.1,12889.3,5368.3,3788.929,2371.2,2371.0,2057.7702,4031.4991,2602574.85,14287.3,298196.36,732272.62,3243.7904,0.39,0.62,0.3,0.39,0.51,1.07,1.5,3.28,4.22,0.983,104.191,1.3134,1.3052,,,,,44.65,174.8,240.101,125.881,194.654,464.439,178.87,107.432,300.499,238.924,224.463,229.334,98.342,102.153,98.152,97.816,2148.9
2016-08-31,16177.334,13344.9,98.7427,99.502,99.4213,101.8969,101.4605,102.0275,94.9925,97.7518,98.9355,99.0409,99.1527,107.9428,100.8891,75.3548,159562.0,151779.0,4.9,27.2,144662.0,19702.0,6736.0,12319.0,7667.0,4652.0,124960.0,27199.0,15822.3,8320.0,22284.0,41.1,4.3,41.8,22.68,26.1,20.55,1171.0,134.0,170.0,572.0,295.0,1201.0,125.0,190.0,593.0,293.0,97.709,1340941.0,449946.0,181838.0,65989.0,1182069.0,1825382.0,1.42,89.8,3310.8,12973.6,5393.4,3843.108,2413.5,2413.3,2051.3597,4054.8562,2620288.36,14388.2,303778.76,737906.29,3263.8271,0.4,0.73,0.3,0.44,0.57,1.13,1.56,3.32,4.24,0.9711,101.2383,1.3101,1.2998,,,,,44.72,174.4,240.545,126.148,194.205,469.02,178.825,106.982,301.354,239.423,224.451,229.587,98.479,101.912,98.246,98.023,2177.48
2016-09-30,16215.456,13385.3,98.6552,99.4196,99.2218,101.6979,101.8881,101.6413,94.5995,97.6564,98.7136,100.0523,99.3548,104.5152,101.5359,75.4944,159714.0,151761.0,5.0,26.5,144967.0,19730.0,6768.0,12317.0,7662.0,4655.0,125237.0,27211.0,15829.4,8327.0,22323.0,41.2,4.3,41.9,22.72,26.17,20.55,1068.0,94.0,152.0,543.0,279.0,1303.0,152.0,185.0,626.0,340.0,97.97,1342844.0,453056.0,183088.0,66305.0,1177185.0,1827914.0,1.41,91.2,3319.6,13033.8,5404.3,3750.188,2325.1,2324.9,2070.3166,4074.6883,2637312.91,14432.5,307440.09,740902.74,3297.0895,0.4,0.75,0.29,0.46,0.59,1.18,1.63,3.41,4.31,0.9732,101.7843,1.314,1.3108,,,,,45.18,173.0,241.176,125.914,195.762,469.816,179.502,106.41,301.954,240.147,224.934,230.209,98.666,101.825,98.706,98.168,2157.69
2016-10-31,16243.304,13402.3,98.7237,99.2504,99.0814,101.1781,102.4966,100.7845,95.1005,98.0345,99.2635,100.1126,99.4922,99.1893,100.3847,75.5984,159605.0,151793.0,4.9,26.6,145066.0,19759.0,6799.0,12316.0,7662.0,4654.0,125307.0,27235.0,15830.8,8333.0,22295.0,41.3,4.4,42.0,22.77,26.24,20.58,1313.0,160.0,193.0,621.0,339.0,1254.0,120.0,196.0,595.0,343.0,97.925,1344497.0,453847.0,182664.0,81927.0,1190585.0,1829791.0,1.41,87.2,3332.0,13107.1,5422.0,3608.149,2156.1,2155.9,2086.261,4097.5204,2651546.17,14477.7,306770.95,739188.6,3321.2641,0.4,0.72,0.33,0.47,0.66,1.27,1.76,3.51,4.38,0.9876,103.9075,1.233,1.3251,,,,,49.78,175.7,241.741,126.521,197.151,469.749,180.091,106.123,302.528,240.792,224.982,230.801,98.868,101.603,99.141,98.363,2143.02
2016-11-30,16286.542,13450.8,98.3443,98.807,98.4422,100.1169,100.8873,99.8882,95.1555,97.7378,98.895,100.7322,99.4256,94.1618,100.7835,75.5624,159506.0,151954.0,4.7,25.9,145183.0,19781.0,6823.0,12311.0,7655.0,4656.0,125402.0,27209.0,15785.8,8344.0,22277.0,41.3,4.3,41.9,22.79,26.25,20.58,1140.0,82.0,214.0,579.0,265.0,1230.0,116.0,185.0,598.0,331.0,98.09,1345017.0,453892.0,181350.0,62923.0,1187293.0,1841461.0,1.42,93.8,3347.1,13180.6,5445.9,3649.042,2201.7,2201.6,2089.4401,4109.6397,2663817.1,14561.8,306128.76,738291.63,3316.6831,0.41,0.71,0.45,0.57,0.74,1.6,2.14,3.86,4.71,0.9963,108.443,1.2432,1.3434,,,,,45.66,181.3,242.026,126.605,197.331,469.914,179.833,105.479,303.279,241.133,224.244,231.092,98.901,100.88,99.04,98.552,2164.99
2016-12-31,16334.247,13499.3,99.0406,99.7444,99.8519,101.6344,101.2588,101.7481,96.3252,98.1186,98.8489,99.6081,99.4723,106.6568,100.7269,75.6277,159678.0,152157.0,4.7,26.3,145408.0,19789.0,6818.0,12324.0,7663.0,4661.0,125619.0,27270.0,15818.6,8370.0,22304.0,41.1,4.2,41.9,22.81,26.26,20.62,1252.0,90.0,221.0,555.0,386.0,1248.0,118.0,182.0,612.0,336.0,98.78,1361415.0,459305.0,191429.0,65468.0,1184504.0,1845368.0,1.39,98.2,3345.4,13225.8,5450.9,3509.874,2095.3,2095.2,2083.6422,4114.814,2676340.16,14610.0,305479.85,737883.55,3311.0598,0.54,0.87,0.51,0.63,0.87,1.96,2.49,4.06,4.83,1.0194,115.9981,1.2483,1.3339,,,,,51.97,179.3,242.637,126.185,199.146,470.539,180.321,105.431,304.027,241.84,224.099,231.701,99.071,100.611,99.345,98.747,2246.63
2017-01-31,16383.236,13541.3,98.8158,99.1973,99.0866,100.3599,101.4888,100.0282,96.4104,98.3143,99.7462,100.0603,99.6473,97.3831,100.0341,75.8061,159620.0,152152.0,4.7,25.3,145628.0,19821.0,6840.0,12334.0,7670.0,4664.0,125807.0,27314.0,15872.6,8397.0,22316.0,41.1,4.1,41.9,22.87,26.4,20.62,1190.0,119.0,193.0,653.0,225.0,1303.0,147.0,198.0,665.0,293.0,98.839,1365202.0,464412.0,190990.0,68586.0,1180859.0,1849352.0,1.39,98.5,3399.1,13300.3,5459.5,3594.328,2158.5,2158.5,2082.1871,4133.4337,2689873.83,14663.4,304911.01,735727.48,3321.2943,0.65,0.9,0.51,0.61,0.83,1.92,2.43,3.92,4.66,1.0075,114.8721,1.2367,1.3183,,,,,52.5,181.2,243.618,126.044,202.082,471.484,181.536,106.147,304.871,242.92,225.699,232.681,99.451,101.088,100.045,99.015,2275.12
2017-02-28,16431.536,13589.2,98.4356,98.4638,98.1001,98.8982,101.0387,98.2691,96.3979,98.3954,99.501,100.3251,99.5373,86.795,99.9939,75.783,159859.0,152480.0,4.6,25.5,145848.0,19887.0,6881.0,12350.0,7667.0,4683.0,125961.0,27311.0,15851.4,8400.0,22326.0,41.2,4.2,41.9,22.86,26.33,20.63,1271.0,113.0,180.0,645.0,333.0,1234.0,108.0,241.0,610.0,275.0,98.892,1363025.0,464284.0,188937.0,70753.0,1179919.0,1852213.0,1.39,96.3,3409.9,13367.0,5478.1,3781.494,2302.9,2302.9,2082.5725,4142.5165,2700677.72,14725.0,302927.61,731024.65,3344.1588,0.66,0.87,0.52,0.64,0.82,1.9,2.42,3.95,4.64,1.001,112.9116,1.2495,1.3109,,,,,53.47,186.6,244.006,126.058,201.566,473.139,181.425,106.326,305.741,243.265,226.424,233.011,99.586,101.059,99.999,99.231,2329.91
2017-03-31,16491.77,13642.8,99.0492,98.9221,98.7128,99.4453,99.6036,99.4002,97.1019,99.2121,99.1826,100.2491,99.1843,98.1169,100.6681,75.5882,160137.0,153065.0,4.4,25.1,145969.0,19923.0,6902.0,12361.0,7673.0,4688.0,126046.0,27298.0,15822.1,8407.0,22329.0,41.0,4.2,41.8,22.93,26.43,20.68,1190.0,116.0,142.0,635.0,297.0,1272.0,133.0,185.0,636.0,318.0,99.331,1360169.0,463674.0,187514.0,71783.0,1178835.0,1855778.0,1.39,96.9,3455.8,13428.4,5505.9,3887.717,2387.8,2387.8,2064.8393,4151.1216,2711450.01,14771.0,304015.25,731639.29,3359.0656,0.79,0.98,0.74,0.87,1.01,2.01,2.48,4.01,4.68,1.0015,112.9165,1.2347,1.3387,,,,,49.33,185.1,243.892,126.397,201.165,473.685,181.311,106.343,305.619,243.054,226.469,232.866,99.535,100.709,100.003,99.209,2366.82
2017-04-30,16521.43,13682.6,100.0416,100.1339,100.2113,100.3568,102.1138,99.8429,100.059,99.9188,100.2603,101.0016,100.3043,98.7815,101.0888,76.5283,160345.0,153255.0,4.4,24.1,146174.0,19952.0,6916.0,12367.0,7676.0,4691.0,126222.0,27301.0,15804.0,8424.0,22335.0,41.2,4.3,42.0,22.94,26.37,20.75,1146.0,85.0,204.0,555.0,302.0,1251.0,125.0,191.0,600.0,335.0,99.364,1355381.0,465276.0,186302.0,72548.0,1179954.0,1854063.0,1.39,97.0,3454.5,13484.4,5522.0,3853.027,2344.8,2344.8,2067.5158,4167.8279,2722876.54,14829.1,302075.41,727865.34,3359.3763,0.9,1.03,0.8,0.93,1.04,1.82,2.3,3.87,4.57,1.0009,110.091,1.2639,1.3437,,,,,51.06,188.1,244.193,126.301,200.904,473.007,181.247,106.397,306.26,243.348,227.223,233.212,99.725,100.574,99.912,99.534,2359.31
2017-05-31,16626.085,13780.7,100.128,100.3207,100.5172,100.7504,100.8409,100.7248,99.9488,99.8749,99.5773,101.0673,100.1387,103.1047,101.9586,76.4978,160068.0,153069.0,4.4,24.7,146380.0,19982.0,6931.0,12377.0,7685.0,4692.0,126398.0,27307.0,15785.7,8436.0,22347.0,41.3,4.4,41.9,23.05,26.55,20.79,1157.0,86.0,163.0,583.0,325.0,1208.0,123.0,175.0,594.0,316.0,99.427,1360858.0,462754.0,186648.0,70601.0,1174939.0,1858714.0,1.4,97.1,3517.8,13536.4,5547.6,3797.079,2288.9,2288.9,2071.7385,4183.9175,2732542.01,14892.1,303306.64,730438.04,3371.9709,0.91,1.05,0.89,1.02,1.12,1.84,2.3,3.85,4.55,0.9867,112.2436,1.2929,1.3606,,,,,48.48,185.5,244.004,125.651,198.623,472.981,180.2,106.257,306.909,243.071,227.205,233.016,99.682,100.377,99.179,99.727,2395.35
2017-06-30,16642.946,13790.9,100.337,100.1867,100.2678,100.2999,100.2512,100.315,99.9525,100.5322,100.1009,101.4938,100.1955,102.2102,101.4631,76.6444,160192.0,153318.0,4.3,24.6,146583.0,20029.0,6962.0,12390.0,7693.0,4697.0,126554.0,27321.0,15778.0,8452.0,22360.0,41.3,4.3,42.0,23.12,26.68,20.84,1249.0,163.0,209.0,538.0,339.0,1353.0,107.0,220.0,660.0,366.0,99.745,1365370.0,465130.0,185610.0,85817.0,1186858.0,1866682.0,1.4,95.0,3525.5,13558.1,5552.9,3797.151,2269.7,2269.6,2072.9162,4195.9339,2744060.86,14901.7,302932.29,734349.43,3363.4091,1.04,1.16,0.98,1.09,1.2,1.77,2.19,3.68,4.37,0.9681,110.9141,1.281,1.3295,,,,,45.18,186.6,244.163,125.508,198.062,474.492,179.853,105.917,307.581,243.287,227.149,233.113,99.766,100.109,99.07,99.925,2433.99
2017-07-31,16698.803,13837.7,100.0865,99.9531,99.948,99.9364,97.4368,100.6652,99.6259,100.2609,99.2459,101.1798,99.8017,102.4191,100.3587,76.4501,160462.0,153569.0,4.3,24.6,146772.0,20038.0,6968.0,12390.0,7685.0,4705.0,126734.0,27325.0,15769.3,8465.0,22374.0,41.2,4.4,41.9,23.2,26.77,20.92,1206.0,119.0,161.0,619.0,307.0,1256.0,120.0,179.0,640.0,317.0,99.996,1370870.0,465089.0,185064.0,66068.0,1180389.0,1873901.0,1.4,93.4,3546.3,13615.1,5574.4,3803.323,2296.9,2296.8,2076.081,4214.1259,2757327.16,14936.8,303142.79,733893.9,3365.9395,1.15,1.22,1.07,1.11,1.22,1.87,2.32,3.7,4.39,0.9604,112.417,1.2996,1.269,,,,,46.63,187.4,244.243,125.368,196.903,476.279,179.472,105.298,308.083,243.314,226.729,233.114,99.803,99.759,99.093,100.026,2454.1
2017-08-31,16729.216,13860.4,99.6323,99.772,99.8971,99.6918,98.2306,100.1188,99.9485,99.4544,99.2534,99.1279,99.5729,100.6272,98.8863,76.3832,160586.0,153503.0,4.4,24.0,146919.0,20120.0,7002.0,12435.0,7721.0,4714.0,126799.0,27333.0,15762.8,8476.0,22310.0,41.3,4.4,42.0,23.25,26.87,20.94,1159.0,108.0,169.0,577.0,305.0,1319.0,118.0,189.0,630.0,382.0,100.008,1378509.0,466020.0,188047.0,68107.0,1174841.0,1884335.0,1.4,96.8,3581.8,13674.3,5577.2,3929.042,2407.2,2407.0,2084.0958,4224.8778,2766407.56,15027.6,302897.66,733237.77,3369.103,1.16,1.25,1.01,1.11,1.23,1.78,2.21,3.63,4.31,0.9653,109.827,1.2952,1.2608,,,,,48.04,196.2,245.183,125.39,199.59,477.199,180.41,104.9,308.982,244.355,227.274,234.053,100.027,99.514,99.646,100.222,2456.22
2017-09-30,16774.796,13903.9,99.7482,100.1158,100.2121,99.5908,99.4964,99.6226,101.4994,99.278,100.3225,95.7049,99.619,99.135,95.5296,76.5252,161140.0,154286.0,4.3,26.1,147007.0,20141.0,7013.0,12443.0,7732.0,4711.0,126866.0,27355.0,15755.6,8479.0,22333.0,41.1,4.4,41.9,23.35,27.05,21.01,1181.0,101.0,191.0,557.0,332.0,1273.0,129.0,195.0,605.0,344.0,100.555,1385196.0,475724.0,189966.0,75061.0,1175526.0,1887547.0,1.38,95.1,3563.6,13722.7,5568.5,3886.075,2357.9,2357.7,2102.9052,4230.5444,2775483.72,15097.2,303644.64,733390.53,3378.9459,1.15,1.25,1.03,1.15,1.28,1.8,2.2,3.63,4.3,0.9625,110.776,1.334,1.2279,,,,,49.82,200.1,246.435,125.759,204.503,477.19,182.311,104.175,309.625,245.745,228.825,235.36,100.4,99.171,100.885,100.441,2492.84
2017-10-31,16841.324,13963.2,100.9893,100.885,101.0355,100.3987,100.2486,100.4455,102.6414,101.1277,100.6792,99.7878,100.6832,101.0526,100.2423,77.4468,160309.0,153609.0,4.2,26.2,147150.0,20174.0,7031.0,12457.0,7742.0,4715.0,126976.0,27374.0,15748.5,8482.0,22361.0,41.3,4.5,42.0,23.35,26.91,21.07,1257.0,149.0,200.0,617.0,291.0,1356.0,124.0,196.0,655.0,381.0,100.65,1393064.0,476107.0,192134.0,72594.0,1174523.0,1888805.0,1.37,100.7,3603.9,13782.0,5588.2,3871.663,2310.9,2310.8,2112.9422,4254.577,2790709.04,15166.2,303662.74,732811.75,3390.4206,1.15,1.26,1.07,1.23,1.4,1.98,2.36,3.6,4.32,0.9821,112.9148,1.3202,1.2607,,,,,51.58,201.6,246.626,125.961,203.282,477.671,181.841,103.838,310.468,245.932,228.218,235.538,100.531,99.471,100.532,100.695,2557.0
2017-11-30,16883.564,14028.2,101.2493,100.8846,100.8806,99.9451,99.3265,100.1243,103.1973,101.723,101.2898,100.2254,100.7566,102.2689,100.5161,77.6016,160579.0,153805.0,4.2,25.7,147373.0,20231.0,7068.0,12472.0,7762.0,4710.0,127142.0,27416.0,15781.5,8490.0,22379.0,41.5,4.5,42.1,23.42,27.0,21.1,1273.0,92.0,182.0,653.0,346.0,1299.0,115.0,184.0,646.0,354.0,101.202,1403474.0,480949.0,196227.0,77182.0,1171994.0,1897677.0,1.36,98.5,3622.0,13814.6,5586.5,3925.692,2378.3,2378.2,2106.2299,4274.2719,2803927.99,15185.9,304490.48,734662.68,3402.6543,1.16,1.32,1.23,1.36,1.56,2.05,2.35,3.57,4.27,0.9915,112.819,1.3217,1.2773,,,,,56.64,199.0,247.284,125.024,205.698,477.791,182.578,103.714,310.99,246.668,228.096,236.219,100.675,99.185,100.81,100.867,2593.61
2017-12-31,16919.258,14062.3,101.4871,101.1652,101.1309,100.3269,99.9242,100.4434,103.217,101.9084,100.841,99.777,100.5591,108.1057,99.2605,77.5404,160535.0,153904.0,4.1,24.2,147523.0,20286.0,7091.0,12501.0,7786.0,4715.0,127237.0,27404.0,15740.7,8496.0,22384.0,41.2,4.4,41.8,23.53,27.09,21.21,1177.0,87.0,164.0,570.0,356.0,1311.0,138.0,218.0,606.0,349.0,101.992,1412747.0,483586.0,199415.0,76982.0,1180949.0,1904773.0,1.35,95.9,3612.6,13873.5,5598.6,3823.708,2309.8,2309.7,2105.3574,4288.7337,2813944.97,15274.7,305204.44,734548.49,3437.9911,1.3,1.54,1.32,1.47,1.7,2.18,2.4,3.51,4.22,0.987,112.9405,1.3404,1.2769,,,,,57.88,195.3,247.805,124.234,206.332,478.891,182.758,104.083,311.887,247.19,227.582,236.713,100.821,98.985,100.825,101.109,2664.34
2018-01-31,16938.615,14042.8,101.4852,101.3054,101.6331,100.7801,100.205,100.9439,103.8096,101.7288,100.9207,98.1457,100.2326,114.9429,98.3789,77.3713,160914.0,154425.0,4.0,24.2,147660.0,20318.0,7093.0,12527.0,7805.0,4722.0,127342.0,27370.0,15705.1,8503.0,22374.0,41.1,4.5,41.9,23.61,27.22,21.28,1299.0,112.0,137.0,680.0,370.0,1317.0,104.0,170.0,673.0,370.0,101.886,1394188.0,481414.0,201021.0,68859.0,1174734.0,1914289.0,1.37,95.7,3659.1,13882.9,5578.6,3825.077,2281.0,2281.0,2109.5759,4305.9283,2825082.37,15290.6,305154.37,731862.64,3427.6438,1.41,1.63,1.41,1.59,1.8,2.38,2.58,3.55,4.26,0.9604,110.871,1.3824,1.2429,,,,,63.7,204.3,248.859,124.855,208.964,480.797,183.957,104.433,312.764,248.301,229.08,237.727,101.199,99.324,101.502,101.4,2789.8
2018-02-28,16963.881,14068.6,101.7319,101.3814,101.3001,100.0299,102.0951,99.4498,104.2913,102.193,101.915,98.5952,101.0827,100.9499,96.5388,78.0999,161778.0,155197.0,4.1,22.9,148054.0,20442.0,7184.0,12551.0,7827.0,4724.0,127612.0,27447.0,15753.0,8527.0,22419.0,41.6,4.7,42.3,23.72,27.43,21.32,1277.0,132.0,149.0,610.0,386.0,1321.0,136.0,182.0,639.0,364.0,101.931,1401163.0,484031.0,201031.0,73922.0,1175682.0,1924252.0,1.37,99.7,3621.3,13919.0,5578.1,3891.241,2305.3,2305.2,2112.0245,4320.386,2838804.51,15321.9,304658.77,728276.35,3409.1608,1.42,1.78,1.57,1.75,1.96,2.6,2.86,3.82,4.51,0.9355,107.97,1.3961,1.2588,,,,,62.23,205.0,249.529,125.839,210.466,481.6,184.378,104.626,313.684,249.089,230.358,238.39,101.416,99.039,101.793,101.676,2705.16
2018-03-31,17008.963,14103.0,102.1943,101.4483,101.4271,100.1263,103.337,99.2241,104.2973,103.1544,102.0723,99.2209,101.0036,105.4117,97.505,78.1015,161686.0,155214.0,4.0,24.0,148280.0,20484.0,7194.0,12576.0,7853.0,4723.0,127796.0,27519.0,15771.1,8538.0,22427.0,41.6,4.6,42.2,23.77,27.43,21.38,1318.0,119.0,182.0,622.0,395.0,1385.0,128.0,200.0,676.0,381.0,102.226,1398064.0,484110.0,201245.0,79291.0,1182533.0,1924441.0,1.36,101.4,3667.4,13975.8,5599.8,3833.319,2230.9,2230.9,2123.2264,4330.6871,2847237.99,15370.5,301929.12,722915.87,3395.1664,1.51,2.08,1.7,1.87,2.06,2.63,2.84,3.87,4.64,0.948,106.0468,1.3976,1.2933,,,,,62.73,202.9,249.577,126.489,208.649,483.078,183.752,105.046,314.414,249.128,230.692,238.371,101.524,98.908,101.505,101.945,2702.77
2018-04-30,17028.008,14121.8,103.3551,102.8669,103.0871,101.9465,103.7469,101.4352,105.367,103.9949,102.8235,99.9216,101.6974,118.0918,97.7007,78.692,161771.0,155312.0,4.0,22.5,148422.0,20529.0,7212.0,12595.0,7870.0,4725.0,127893.0,27517.0,15770.6,8546.0,22444.0,41.7,4.8,42.4,23.84,27.5,21.46,1276.0,96.0,163.0,674.0,343.0,1378.0,103.0,194.0,742.0,339.0,102.318,1398213.0,484154.0,202459.0,75065.0,1185966.0,1930031.0,1.36,98.8,3664.0,13993.7,5592.4,3756.052,2151.0,2151.0,2167.1125,4344.8648,2858811.44,15396.1,303185.93,724653.79,3372.1743,1.69,2.2,1.76,1.93,2.15,2.7,2.87,3.85,4.67,0.9687,107.6562,1.4079,1.2732,,,,,66.25,205.5,250.227,127.326,209.542,483.577,184.54,104.891,314.9,249.801,231.735,239.027,101.766,99.09,102.014,102.114,2653.63
2018-05-31,17072.967,14163.6,102.381,101.1143,100.7436,99.1656,99.7055,99.0025,103.2792,103.9913,102.3037,99.7005,100.8347,103.6017,97.2935,78.0687,161848.0,155652.0,3.8,21.1,148740.0,20623.0,7274.0,12623.0,7885.0,4738.0,128117.0,27565.0,15786.1,8572.0,22449.0,41.6,4.5,42.1,23.85,27.53,21.42,1357.0,109.0,239.0,658.0,351.0,1338.0,149.0,213.0,642.0,334.0,102.633,1408616.0,491960.0,202166.0,75010.0,1188926.0,1933317.0,1.34,98.0,3655.7,14049.4,5602.0,3695.453,2086.6,2086.5,2173.6766,4343.0678,2872798.12,15443.5,305345.48,726863.08,3386.1352,1.7,2.16,1.86,2.02,2.27,2.82,2.98,4.0,4.83,0.9969,109.6882,1.347,1.2866,,,,,69.98,206.9,250.792,127.464,210.576,484.543,184.836,104.583,315.763,250.452,232.727,239.573,101.941,98.91,102.195,102.345,2701.49
2018-06-30,17140.662,14226.0,103.2256,102.0598,101.9627,100.2704,102.773,99.5651,104.6578,104.7129,103.1046,99.9823,101.5156,106.5382,98.0905,78.6317,162210.0,155762.0,4.0,20.8,148959.0,20678.0,7292.0,12656.0,7911.0,4745.0,128281.0,27542.0,15739.8,8590.0,22482.0,41.6,4.5,42.2,23.89,27.56,21.47,1192.0,107.0,164.0,571.0,350.0,1345.0,121.0,179.0,701.0,344.0,102.732,1402036.0,490228.0,204163.0,72127.0,1191069.0,1936068.0,1.35,98.2,3655.9,14109.7,5621.0,3676.642,2052.7,2052.6,2191.1233,4357.0984,2877167.04,15503.3,303955.95,724870.16,3417.154,1.82,2.19,1.9,2.06,2.33,2.78,2.91,3.96,4.83,0.99,110.0638,1.3294,1.3125,,,,,67.87,208.1,251.018,126.384,210.83,486.209,184.778,104.636,316.311,250.666,233.054,239.731,102.029,98.532,102.186,102.539,2754.35
2018-07-31,17219.586,14298.5,103.3561,101.8722,101.7022,100.1734,100.6523,100.0225,103.8344,105.2378,102.618,100.9268,101.5645,105.0181,97.5724,78.6973,162341.0,156146.0,3.8,23.1,149020.0,20724.0,7318.0,12676.0,7928.0,4748.0,128296.0,27545.0,15723.2,8600.0,22436.0,41.6,4.5,42.2,23.95,27.73,21.45,1208.0,103.0,180.0,635.0,290.0,1334.0,135.0,188.0,686.0,325.0,102.95,1405164.0,493142.0,205469.0,67765.0,1186234.0,1948424.0,1.35,97.9,3679.5,14143.9,5630.2,3631.096,2014.6,2014.4,2204.0928,4367.5941,2889348.19,15513.6,306134.43,726589.62,3428.3904,1.91,2.17,1.96,2.11,2.39,2.78,2.89,3.87,4.79,0.9948,111.521,1.3162,1.3133,,,,,70.98,197.0,251.214,125.676,210.467,485.246,184.568,104.864,316.923,250.826,232.755,239.981,102.137,98.613,102.004,102.74,2793.64
2018-08-31,17282.357,14356.7,104.0585,102.4206,102.4432,100.9669,102.9441,100.4041,104.065,106.1323,103.0619,100.1985,101.8219,106.4473,98.8437,78.9186,161660.0,155504.0,3.8,22.4,149279.0,20772.0,7347.0,12688.0,7936.0,4752.0,128507.0,27602.0,15725.1,8612.0,22468.0,41.4,4.5,42.1,24.05,27.82,21.55,1288.0,100.0,184.0,669.0,335.0,1273.0,113.0,194.0,645.0,321.0,103.167,1412014.0,493445.0,206215.0,74270.0,1188869.0,1959101.0,1.35,96.2,3686.3,14193.6,5639.9,3603.593,1976.1,1975.8,2209.5556,4370.3485,2903867.82,15545.7,308907.77,728576.85,3427.4873,1.91,2.19,2.03,2.19,2.45,2.77,2.89,3.88,4.77,0.988,110.9965,1.2878,1.3042,,,,,68.06,191.9,251.663,123.451,211.843,484.273,184.765,104.669,317.557,251.291,232.615,240.497,102.208,98.351,101.985,102.893,2857.82
2018-09-30,17275.742,14354.0,104.1038,102.3297,102.4026,100.9698,104.2605,100.0461,103.5427,106.3482,103.4238,100.0393,101.8508,106.0272,99.3037,78.9586,162087.0,156015.0,3.7,24.2,149358.0,20823.0,7375.0,12710.0,7955.0,4755.0,128535.0,27577.0,15684.5,8629.0,22474.0,41.2,4.5,42.0,24.12,27.96,21.6,1250.0,142.0,176.0,567.0,365.0,1314.0,105.0,179.0,688.0,342.0,102.983,1411531.0,491507.0,206883.0,71722.0,1192854.0,1970647.0,1.36,100.1,3694.8,14229.1,5642.4,3572.161,1938.0,1937.7,2225.8849,4389.3417,2913784.09,15576.1,307812.02,726601.79,3427.6254,1.95,2.24,2.13,2.29,2.56,2.89,3.0,3.98,4.88,0.9683,112.0974,1.3066,1.3034,,,,,70.23,191.9,252.182,125.143,212.734,485.039,185.277,103.488,318.067,251.834,232.868,241.003,102.418,98.124,102.374,103.118,2901.5
2018-10-31,17300.819,14370.2,103.9297,102.1457,102.2347,100.9433,103.0796,100.3359,102.6975,106.1874,103.2108,99.5561,101.3675,111.0461,100.9855,78.5991,162602.0,156391.0,3.8,23.1,149526.0,20861.0,7389.0,12731.0,7975.0,4756.0,128665.0,27569.0,15641.5,8643.0,22479.0,41.3,4.5,42.1,24.22,28.06,21.68,1221.0,97.0,185.0,605.0,334.0,1272.0,139.0,184.0,626.0,323.0,103.284,1406996.0,496416.0,207747.0,69133.0,1187856.0,1981377.0,1.36,98.6,3722.9,14241.1,5634.0,3560.108,1895.8,1895.6,2250.5491,4398.2859,2925906.15,15568.6,308836.55,727380.46,3427.9268,2.19,2.37,2.25,2.4,2.65,3.0,3.15,4.14,5.07,0.994,112.7218,1.3012,1.3004,,,,,70.75,190.7,252.772,126.021,213.82,485.652,185.742,103.726,318.794,252.534,233.231,241.592,102.595,98.174,102.589,103.303,2785.46
2018-11-30,17339.645,14411.1,104.0126,101.9355,102.1601,101.2514,103.035,100.7405,101.4561,106.6387,103.2087,99.546,101.1091,114.597,100.6703,78.4132,162836.0,156721.0,3.8,22.1,149617.0,20861.0,7386.0,12741.0,7983.0,4758.0,128756.0,27638.0,15685.5,8651.0,22473.0,41.2,4.5,41.9,24.31,28.17,21.78,1181.0,106.0,149.0,648.0,278.0,1340.0,130.0,177.0,709.0,324.0,103.835,1411645.0,498854.0,203333.0,67146.0,1178890.0,1981063.0,1.37,97.5,3697.3,14260.5,5645.6,3492.731,1840.8,1840.7,2274.048,4403.7241,2939159.0,15585.9,310232.83,726878.5,3441.5834,2.2,2.56,2.33,2.46,2.7,2.95,3.12,4.22,5.22,1.0011,113.338,1.29,1.3205,,,,,56.96,188.3,252.594,125.099,211.019,487.615,184.729,103.913,319.438,252.22,231.856,241.313,102.63,98.271,101.912,103.549,2723.23
2018-12-31,17538.653,14599.3,104.0451,101.9054,102.0752,101.126,105.3051,99.9573,100.8977,106.751,103.6838,99.8561,101.4569,107.53,101.4301,78.6975,163206.0,156817.0,3.9,21.9,149809.0,20900.0,7396.0,12761.0,8000.0,4761.0,128909.0,27580.0,15635.3,8661.0,22511.0,41.4,4.5,42.1,24.36,28.19,21.82,1095.0,109.0,129.0,624.0,233.0,1317.0,117.0,138.0,708.0,354.0,102.947,1408513.0,489113.0,200731.0,72844.0,1177839.0,1995882.0,1.4,98.3,3761.0,14382.3,5689.9,3372.911,1759.9,1759.8,2303.6527,4412.4644,2953194.51,15705.6,311577.7,728256.33,3499.7273,2.27,2.69,2.37,2.48,2.66,2.68,2.83,4.02,5.13,0.9919,112.1994,1.2664,1.3436,,,,,49.52,189.2,252.767,124.356,208.595,488.82,183.966,104.169,320.612,252.27,230.492,241.438,102.701,98.259,101.166,103.887,2567.31
2019-01-31,17612.196,14598.4,103.3598,101.203,101.1897,100.2999,99.8629,100.3995,99.4985,106.0886,102.0294,99.0664,100.5267,107.2822,103.498,77.9912,162963.0,156487.0,4.0,20.5,150059.0,20960.0,7425.0,12790.0,8025.0,4765.0,129099.0,27633.0,15617.4,8671.0,22508.0,41.6,4.4,42.0,24.41,28.2,21.84,1226.0,135.0,133.0,678.0,280.0,1254.0,135.0,178.0,619.0,322.0,103.243,1411462.0,490440.0,200460.0,70506.0,1171009.0,2010864.0,1.41,91.2,3754.1,14445.7,5719.7,3342.825,1707.3,1707.2,2325.3631,4429.1627,2966088.47,15775.5,312507.74,727121.07,3539.0247,2.4,2.59,2.37,2.45,2.58,2.54,2.71,3.93,5.12,0.9897,108.9605,1.2901,1.33,,,,,51.38,187.3,252.561,124.466,205.719,489.968,183.057,104.808,321.127,251.933,230.765,241.168,102.648,98.627,100.624,103.917,2607.39
2019-02-28,17652.296,14633.7,102.8251,100.7819,101.0439,100.4961,101.2739,100.2621,98.5412,105.4114,101.6458,98.5236,100.0023,108.8636,100.7702,77.6025,162999.0,156863.0,3.8,21.8,150065.0,20920.0,7395.0,12782.0,8020.0,4762.0,129145.0,27591.0,15586.7,8683.0,22525.0,40.9,4.4,41.7,24.39,28.12,21.92,1121.0,85.0,153.0,639.0,244.0,1286.0,140.0,184.0,681.0,281.0,103.294,1408768.0,491751.0,203223.0,64998.0,1159587.0,2017586.0,1.41,93.8,3762.3,14480.8,5716.4,3383.672,1713.7,1713.7,2332.0383,4442.4209,2976323.97,15806.2,311630.26,722277.66,3550.6187,2.4,2.49,2.39,2.44,2.55,2.49,2.68,3.79,4.95,1.0014,110.44,1.3016,1.3209,,,,,54.95,192.2,253.319,124.526,207.495,490.16,183.967,105.042,321.747,252.697,231.792,241.953,102.836,98.562,101.018,104.083,2754.86
2019-03-31,17683.871,14657.7,102.8361,100.8661,101.24,100.8534,100.5561,100.9153,98.1652,105.3311,101.0952,97.6793,99.7679,111.763,101.2857,77.4412,162904.0,156701.0,3.8,22.2,150295.0,20955.0,7425.0,12788.0,8021.0,4767.0,129340.0,27592.0,15574.1,8705.0,22569.0,41.2,4.4,41.7,24.55,28.37,21.96,1191.0,82.0,130.0,655.0,324.0,1295.0,127.0,171.0,672.0,325.0,104.019,1405640.0,499292.0,203826.0,71042.0,1157756.0,2019035.0,1.4,98.4,3738.4,14525.9,5712.6,3410.168,1725.9,1725.9,2337.5318,4454.4684,2987613.81,15840.7,312997.62,722283.88,3571.843,2.41,2.48,2.4,2.44,2.49,2.37,2.57,3.77,4.84,1.0005,111.1443,1.3167,1.3371,,,,,58.15,192.8,254.277,123.666,210.097,491.412,185.182,105.379,322.447,253.735,233.29,242.896,103.069,98.197,101.714,104.268,2803.98
2019-04-30,17673.034,14643.3,102.2748,99.7128,99.8021,99.5034,100.1441,99.3086,96.0048,105.5285,100.5972,97.7174,99.1171,104.5222,100.5311,76.9578,162586.0,156625.0,3.7,22.5,150593.0,20992.0,7468.0,12785.0,8016.0,4769.0,129601.0,27626.0,15571.6,8723.0,22619.0,41.1,4.3,41.6,24.58,28.41,21.95,1272.0,130.0,168.0,657.0,317.0,1322.0,141.0,188.0,652.0,341.0,104.028,1394958.0,499343.0,204098.0,66680.0,1150248.0,2028974.0,1.41,97.2,3789.9,14554.2,5702.3,3314.002,1623.9,1623.9,2329.449,4468.8657,2997822.9,15866.5,314186.46,722494.34,3612.1512,2.42,2.47,2.38,2.39,2.42,2.33,2.53,3.69,4.7,1.0084,111.6414,1.3029,1.3378,,,,,63.86,192.1,255.233,123.901,213.037,492.97,186.211,105.178,323.282,254.889,234.723,243.822,103.36,97.869,102.329,104.559,2903.8
2019-05-31,17679.59,14641.9,102.4176,99.9426,99.949,99.8891,101.3627,99.4663,95.6902,105.5621,100.7157,97.4592,99.1775,106.3741,100.3402,77.0287,162751.0,156821.0,3.6,24.0,150621.0,20994.0,7478.0,12778.0,8006.0,4772.0,129627.0,27632.0,15554.2,8736.0,22562.0,41.0,4.2,41.6,24.63,28.39,22.04,1293.0,86.0,158.0,722.0,327.0,1347.0,107.0,175.0,712.0,353.0,104.413,1403604.0,504741.0,203599.0,59800.0,1134414.0,2033075.0,1.41,100.0,3789.2,14652.0,5739.2,3265.454,1576.3,1576.3,2334.1018,4491.2008,3009562.32,15995.3,316393.43,725600.7,3635.1493,2.39,2.44,2.35,2.35,2.34,2.19,2.4,3.67,4.63,1.0107,109.9714,1.2855,1.346,,,,,60.83,186.8,255.296,123.764,211.761,494.859,185.936,104.849,323.706,254.888,235.131,243.8,103.435,97.832,102.295,104.688,2854.71
2019-06-30,17707.372,14660.2,102.5425,100.452,100.6635,100.6883,102.9577,100.048,95.9415,105.1942,100.6391,96.7977,99.6384,102.506,99.1327,77.4128,163168.0,157232.0,3.6,21.6,150839.0,21023.0,7502.0,12787.0,8007.0,4780.0,129816.0,27645.0,15533.2,8749.0,22604.0,41.2,4.2,41.7,24.7,28.42,22.13,1243.0,112.0,181.0,635.0,315.0,1299.0,128.0,179.0,655.0,337.0,104.766,1405269.0,505251.0,198477.0,59188.0,1118522.0,2034943.0,1.42,98.2,3832.1,14771.0,5787.7,3294.404,1601.3,1601.2,2338.7658,4503.4291,3022440.07,16161.6,315987.15,725007.12,3664.6766,2.38,2.3,2.17,2.11,2.0,1.83,2.07,3.42,4.46,0.988,108.0685,1.2675,1.3289,,,,,54.66,186.9,255.213,124.75,209.25,495.745,185.025,105.167,324.511,254.772,234.791,243.672,103.484,98.148,101.718,104.89,2890.17
2019-07-31,17701.297,14651.8,102.0057,99.8996,99.9643,100.2447,101.0434,100.0111,94.43,104.6812,100.0229,96.8537,98.9144,106.4651,98.7503,76.8775,163590.0,157529.0,3.7,19.6,150936.0,21044.0,7526.0,12790.0,8011.0,4779.0,129892.0,27661.0,15533.3,8770.0,22572.0,40.9,4.2,41.5,24.73,28.44,22.16,1240.0,95.0,177.0,637.0,331.0,1379.0,137.0,176.0,699.0,367.0,105.261,1406165.0,509091.0,199857.0,66079.0,1111328.0,2041461.0,1.42,98.4,3862.5,14853.1,5806.5,3271.69,1578.6,1578.5,2345.4666,4511.8429,3035255.78,16301.1,317484.51,727210.58,3690.0733,2.4,2.22,2.1,2.03,1.96,1.83,2.06,3.29,4.28,0.988,108.2864,1.2461,1.3105,,,,,57.35,188.1,255.802,124.731,209.934,497.714,185.372,105.369,325.341,255.434,235.071,244.195,103.622,97.475,102.029,105.109,2996.11
2019-08-31,17779.85,14726.5,102.7814,100.4173,100.5018,100.6115,102.3817,100.111,95.5056,105.7961,100.4979,97.8878,99.5936,104.6316,98.5995,77.4333,163774.0,157829.0,3.6,21.9,151171.0,21038.0,7530.0,12789.0,8003.0,4786.0,130133.0,27652.0,15516.7,8787.0,22625.0,41.1,4.2,41.5,24.8,28.54,22.2,1375.0,170.0,189.0,712.0,304.0,1482.0,165.0,194.0,774.0,349.0,105.665,1409855.0,512561.0,199626.0,63754.0,1105676.0,2041891.0,1.42,89.8,3847.1,14934.3,5832.9,3290.288,1586.8,1586.7,2363.8488,4519.2127,3050319.32,16426.9,318844.23,728241.54,3730.6262,2.13,2.06,1.95,1.88,1.77,1.49,1.63,2.98,3.87,0.9787,106.1886,1.216,1.3273,,,,,54.81,187.2,256.036,124.532,209.27,500.662,184.969,105.331,326.159,255.668,234.853,244.302,103.67,97.304,101.87,105.26,2897.5
2019-09-30,17812.342,14755.6,102.4601,99.7262,99.6088,99.8454,100.4154,99.6818,94.096,105.964,99.5672,98.2372,98.8595,106.7027,95.4784,76.8932,164092.0,158339.0,3.5,22.5,151365.0,21051.0,7547.0,12787.0,7998.0,4789.0,130314.0,27676.0,15526.5,8785.0,22653.0,41.3,4.2,41.5,24.87,28.6,22.22,1311.0,119.0,163.0,716.0,313.0,1469.0,135.0,182.0,773.0,379.0,105.836,1405353.0,509282.0,198176.0,59428.0,1098202.0,2040635.0,1.43,93.2,3894.0,15031.0,5861.6,3210.493,1504.8,1504.7,2370.4403,4532.4206,3062136.7,16563.4,318925.57,727949.6,3803.8974,2.04,2.03,1.89,1.84,1.8,1.57,1.7,3.03,3.91,0.9906,107.54,1.2369,1.3241,,,,,56.95,189.8,256.43,124.795,209.085,501.71,184.949,104.385,326.981,256.035,234.802,244.665,103.733,97.33,101.713,105.4,2982.16
2019-10-31,17847.211,14786.5,101.5878,99.1509,99.1421,99.3474,96.6463,100.1044,93.707,104.7057,97.7128,97.4874,97.9935,107.9397,94.6319,76.2528,164416.0,158545.0,3.6,22.4,151460.0,21003.0,7553.0,12733.0,7943.0,4790.0,130457.0,27688.0,15527.2,8801.0,22670.0,41.0,4.1,41.4,24.95,28.66,22.28,1325.0,119.0,177.0,677.0,352.0,1523.0,171.0,182.0,793.0,377.0,105.843,1389568.0,510648.0,195493.0,62130.0,1092083.0,2041358.0,1.44,95.5,3926.3,15166.9,5898.0,3284.547,1547.1,1547.1,2370.4462,4551.2812,3076305.88,16750.4,319634.33,728134.72,3806.5951,1.83,1.88,1.65,1.62,1.61,1.53,1.71,3.01,3.92,0.993,108.1368,1.2657,1.3189,,,,,53.96,186.3,257.155,123.489,210.25,506.433,185.47,104.263,327.904,256.783,235.538,245.202,103.917,97.295,101.97,105.599,2977.68
2019-11-30,17908.82,14855.3,102.1494,100.2609,100.6146,100.9,102.9704,100.3127,95.5627,104.5437,98.6492,96.8383,98.841,111.1305,93.2154,76.9494,164496.0,158629.0,3.6,20.3,151668.0,21023.0,7541.0,12777.0,7983.0,4794.0,130645.0,27687.0,15509.6,8814.0,22709.0,40.9,4.1,41.4,25.0,28.74,22.38,1353.0,106.0,176.0,731.0,340.0,1535.0,172.0,211.0,769.0,383.0,106.412,1396759.0,514215.0,196878.0,59182.0,1080067.0,2041379.0,1.43,96.8,3942.6,15276.4,5923.9,3330.788,1595.2,1595.2,2368.866,4578.8803,3087308.56,16914.9,319592.14,727441.38,3831.7932,1.55,1.77,1.54,1.55,1.57,1.64,1.81,3.06,3.94,0.9929,108.8579,1.2884,1.3237,,,,,57.03,188.0,257.879,123.55,211.286,508.315,186.057,103.902,328.698,257.523,235.162,245.871,104.024,97.018,102.203,105.732,3104.9
2019-12-31,17826.208,14796.5,101.9421,100.0876,100.1634,100.0986,101.3077,99.76,95.7775,104.2969,98.5089,97.5554,98.9828,104.5813,91.3843,77.1013,164699.0,158845.0,3.6,20.7,151795.0,20980.0,7527.0,12760.0,7973.0,4787.0,130815.0,27758.0,15550.1,8823.0,22726.0,40.8,4.1,41.4,25.08,28.89,22.45,1548.0,140.0,225.0,781.0,402.0,1443.0,146.0,202.0,724.0,371.0,106.584,1390886.0,515866.0,198029.0,54562.0,1072957.0,2040343.0,1.43,99.3,4003.6,15347.6,5934.2,,1698.3,1698.3,2357.6035,4612.9505,3100202.51,17012.2,321479.31,729225.72,3833.755,1.55,1.76,1.54,1.54,1.55,1.68,1.86,3.01,3.88,0.9826,109.101,1.3109,1.3169,,,,,59.88,188.7,258.63,122.859,213.354,510.875,186.909,103.695,329.354,258.322,234.656,246.537,104.307,96.572,102.691,106.076,3176.75
2020-01-31,17999.946,14945.8,101.3372,99.3855,98.8629,99.3494,102.462,98.4708,93.2118,103.8303,98.3254,97.7854,98.7005,97.5533,91.0882,76.9269,164377.0,158508.0,3.6,21.9,152031.0,20999.0,7575.0,12745.0,7963.0,4782.0,131032.0,27775.0,15512.5,8833.0,22781.0,40.8,3.9,41.3,25.12,28.97,22.45,1581.0,210.0,163.0,778.0,430.0,1495.0,171.0,212.0,741.0,371.0,107.073,1386608.0,515119.0,193807.0,70785.0,1078302.0,2033887.0,1.43,99.8,3989.3,15416.3,5949.3,,1715.2,1715.2,2353.8701,4625.9014,3095440.25,17122.5,320940.16,726533.89,3833.5669,1.55,1.65,1.52,1.52,1.53,1.56,1.76,2.94,3.77,0.9698,109.2667,1.3076,1.3089,,,,,57.52,191.9,259.127,122.477,213.14,511.854,186.754,103.896,330.515,258.777,235.553,247.011,104.49,96.613,102.77,106.314,3278.2
2020-02-29,18077.882,15024.6,101.6718,99.9616,99.5771,100.3067,105.2649,98.9019,93.0784,103.8436,98.3005,97.4803,98.8638,102.0242,87.7326,77.1069,164467.0,158714.0,3.5,20.6,152292.0,21037.0,7610.0,12743.0,7963.0,4780.0,131255.0,27738.0,15519.2,8871.0,22857.0,40.9,4.0,41.5,25.22,29.13,22.51,1549.0,115.0,195.0,872.0,367.0,1455.0,131.0,194.0,759.0,371.0,106.702,1391224.0,515330.0,190553.0,72063.0,1087726.0,2022505.0,1.43,101.0,4001.1,15466.6,5965.9,,1726.9,1726.9,2350.6023,4640.641,3103487.15,17194.4,319147.69,721487.58,3872.7364,1.58,1.59,1.52,1.47,1.41,1.32,1.5,2.78,3.61,0.9762,110.0295,1.2953,1.3286,,,,,50.54,188.4,259.25,122.952,211.402,512.967,186.298,104.421,331.304,258.813,236.084,247.087,104.573,97.008,102.254,106.533,3277.31
2020-03-31,17829.921,14689.3,97.606,95.0501,94.3544,95.1539,87.4857,97.4084,86.7477,100.9472,92.4527,97.6755,94.2944,97.2533,79.3989,73.5991,162559.0,155353.0,4.4,17.0,150895.0,20903.0,7541.0,12684.0,7930.0,4754.0,129992.0,27659.0,15432.9,8855.0,22827.0,40.7,3.9,41.2,25.27,29.15,22.59,1266.0,81.0,156.0,712.0,317.0,1346.0,113.0,161.0,732.0,340.0,99.687,1330719.0,468324.0,172149.0,52513.0,1075146.0,2015653.0,1.51,89.1,4266.0,15993.4,6197.2,,2099.4,2058.8,2564.3082,4664.0499,3107310.71,17965.1,318871.2,717529.42,3995.653,0.65,1.35,0.29,0.29,0.33,0.59,0.87,3.02,4.29,0.9593,107.6673,1.2369,1.396,,,,,29.21,187.0,258.076,121.558,204.709,514.743,184.356,104.703,330.98,257.35,235.184,245.777,104.271,96.707,101.005,106.547,2652.39
2020-04-30,19985.052,13786.4,84.6812,82.2008,80.7648,84.2552,53.476,93.2412,66.7056,87.9487,75.6083,89.2688,79.7721,112.6259,66.2788,62.3158,156269.0,133185.0,14.8,7.2,130424.0,18523.0,6522.0,11382.0,7030.0,4352.0,111901.0,24564.0,13246.9,8590.0,21909.0,38.6,2.7,38.4,25.21,28.71,22.72,936.0,49.0,136.0,576.0,175.0,1076.0,65.0,144.0,616.0,251.0,88.774,1177479.0,401028.0,141723.0,52268.0,1066521.0,1987105.0,1.74,71.8,4804.3,17005.4,6641.9,,2953.6,2829.1,2920.8995,4683.1469,3100275.07,19596.1,319875.22,713024.39,3993.5532,0.05,,0.14,0.17,0.18,0.39,0.66,2.43,4.13,0.9701,107.7386,1.242,1.4048,,,,,16.55,180.9,256.032,117.065,192.375,516.77,181.461,104.336,329.861,254.393,232.86,243.546,103.838,96.01,100.037,106.346,2761.98
2020-05-31,19138.808,14119.0,86.0108,85.3734,84.4523,87.6851,64.4217,94.4765,72.5264,86.7201,79.1718,89.2072,83.274,111.5698,67.8383,65.1109,158101.0,137173.0,13.2,10.5,133040.0,19209.0,7004.0,11610.0,7162.0,4448.0,113831.0,24975.0,13631.4,8607.0,21393.0,39.5,3.1,39.4,25.36,28.91,22.76,1039.0,70.0,142.0,511.0,316.0,1250.0,104.0,171.0,682.0,293.0,96.162,1276086.0,478449.0,146973.0,60504.0,1069953.0,1940682.0,1.56,72.3,16231.5,17852.9,6979.2,,3217.6,3105.8,3035.7977,4678.4643,3108997.73,20683.6,326185.98,716165.76,4028.9058,0.05,0.17,0.13,0.15,0.16,0.34,0.67,2.5,3.95,0.9692,107.2,1.2302,1.3972,,,,,28.56,182.3,255.802,114.244,188.733,519.152,181.207,104.309,329.655,253.857,232.598,243.195,103.942,96.02,99.81,106.587,2919.62
2020-06-30,19132.418,14445.0,91.6745,91.5115,91.8255,95.607,92.253,96.5411,80.556,91.7165,86.2798,90.7471,89.7433,108.8161,71.9281,70.2397,159994.0,142342.0,11.0,14.4,137671.0,19688.0,7159.0,11950.0,7427.0,4523.0,117983.0,25963.0,14452.3,8622.0,21412.0,39.8,3.3,39.9,25.32,29.21,22.6,1266.0,116.0,208.0,649.0,293.0,1334.0,135.0,195.0,697.0,307.0,101.401,1373101.0,518038.0,174127.0,51627.0,1062420.0,1917180.0,1.42,78.1,16554.5,18140.6,7057.4,,3043.6,2945.9,2925.2981,4675.2122,3128429.86,20929.4,334036.91,720036.02,4172.4826,0.08,0.2,0.16,0.18,0.18,0.34,0.73,2.44,3.64,0.9513,107.5782,1.2523,1.3552,,,,,38.31,189.9,257.042,115.665,192.554,520.867,182.834,104.188,330.522,255.061,234.316,244.412,104.27,95.685,100.781,106.82,3104.66
2020-07-31,19315.344,14562.6,95.0037,94.8964,95.6163,99.8693,106.8417,97.764,84.0655,94.9715,90.3877,91.7657,92.8986,112.689,75.29,72.7878,160132.0,143779.0,10.2,17.0,139255.0,19738.0,7196.0,11973.0,7448.0,4525.0,119517.0,26231.0,14675.8,8623.0,21514.0,40.3,3.7,40.7,25.43,29.24,22.81,1526.0,132.0,212.0,866.0,316.0,1546.0,150.0,244.0,777.0,375.0,102.956,1411729.0,526304.0,186224.0,58820.0,1061149.0,1921722.0,1.37,72.5,16761.7,18297.7,7082.5,,2718.5,2625.6,2856.1301,4689.3718,3146880.08,21029.7,339956.54,724333.46,4306.3833,0.09,0.18,0.13,0.14,0.15,0.28,0.62,2.14,3.31,0.9327,106.6818,1.2701,1.3497,,,,,40.71,197.1,258.352,116.576,197.289,522.675,183.628,105.252,332.357,256.738,235.82,245.697,104.578,96.266,100.97,107.119,3207.62
2020-08-31,18687.291,14728.2,95.9294,96.0224,96.657,100.6604,106.6328,98.8608,85.7406,95.6294,91.9805,93.2012,94.3373,108.6685,76.6208,73.9997,160706.0,147245.0,8.4,19.9,140819.0,19786.0,7226.0,11999.0,7440.0,4559.0,121033.0,26613.0,14942.7,8647.0,22000.0,40.6,3.7,41.0,25.47,29.3,22.86,1396.0,89.0,250.0,710.0,347.0,1533.0,120.0,198.0,836.0,379.0,103.78,1413552.0,530735.0,185387.0,62591.0,1061781.0,1932615.0,1.36,74.1,16879.5,18364.1,7081.7,,2799.7,2716.6,2815.0439,4684.9952,3152481.0,21068.9,344023.25,726723.85,4379.1337,0.1,0.15,0.1,0.12,0.13,0.27,0.65,2.25,3.27,0.9099,106.0129,1.3143,1.3229,,,,,42.34,203.8,259.316,116.907,199.971,522.922,184.889,106.97,332.902,257.787,236.785,246.692,104.87,97.195,101.167,107.318,3391.71
2020-09-30,18807.121,14905.4,95.8914,95.4293,95.5883,99.2977,105.0769,97.5678,85.072,96.3628,92.5715,94.4787,94.3641,106.4685,76.2244,74.1083,160174.0,147620.0,7.8,21.5,141770.0,19871.0,7253.0,12057.0,7482.0,4575.0,121899.0,26746.0,14981.1,8674.0,21929.0,40.4,3.9,41.2,25.49,29.23,22.98,1473.0,126.0,214.0,774.0,359.0,1636.0,171.0,219.0,861.0,385.0,105.071,1419956.0,541302.0,186822.0,67203.0,1064471.0,1945659.0,1.36,80.4,17159.2,18596.4,7152.5,,2852.8,2774.4,2759.992,4679.9187,3164987.97,21234.2,347627.43,730734.42,4462.0839,0.09,0.13,0.11,0.12,0.13,0.27,0.68,2.31,3.36,0.9149,105.589,1.2947,1.323,,,,,39.63,204.7,259.997,117.157,202.572,522.947,185.938,107.474,333.197,258.562,237.237,247.403,105.057,97.259,101.078,107.627,3365.52
2020-10-31,18795.411,15127.8,96.5256,96.0196,95.8154,99.438,105.4374,97.6569,85.1084,97.067,93.4411,96.432,95.1929,106.1359,76.3631,74.8493,161003.0,149931.0,6.9,22.0,142461.0,19943.0,7301.0,12086.0,7492.0,4594.0,122518.0,26947.0,15090.3,8692.0,21805.0,40.7,4.0,41.4,25.55,29.34,22.98,1543.0,91.0,208.0,852.0,392.0,1613.0,147.0,221.0,856.0,389.0,105.391,1432103.0,539114.0,187171.0,69200.0,1068989.0,1965316.0,1.36,81.8,17360.5,18751.1,7203.1,,2876.6,2802.6,2698.3277,4672.0764,3173569.2,21349.7,348262.68,730398.69,4536.2375,0.09,0.12,0.1,0.11,0.13,0.34,0.79,2.35,3.44,0.9124,105.2095,1.298,1.3218,,,,,39.4,205.5,260.319,117.158,203.23,520.943,186.248,107.819,333.517,258.839,237.328,247.833,105.151,97.497,100.952,107.77,3418.7
2020-11-30,18640.614,15108.4,96.9529,96.2238,96.074,99.56,107.1051,97.3456,85.4922,97.8011,94.0509,96.8521,95.7421,100.1811,75.256,75.3724,160629.0,149934.0,6.7,23.3,142731.0,19993.0,7321.0,12118.0,7517.0,4601.0,122738.0,27112.0,15126.8,8704.0,21683.0,40.8,4.1,41.3,25.71,29.57,23.11,1543.0,142.0,201.0,791.0,409.0,1703.0,165.0,233.0,904.0,401.0,105.114,1431857.0,533941.0,190731.0,68008.0,1074211.0,1979283.0,1.36,76.9,17618.5,18978.9,7274.1,,3034.7,2968.1,2637.2822,4655.475,3182412.92,21563.9,350766.1,733096.73,4641.5505,0.09,0.16,0.09,0.1,0.12,0.39,0.87,2.3,3.3,0.911,104.4061,1.3198,1.3073,,,,,40.94,206.1,260.911,117.411,204.355,520.567,186.472,107.612,334.416,259.526,237.052,248.469,105.258,97.619,101.092,107.864,3548.99
2020-12-31,18677.122,15089.9,98.2039,97.7692,97.671,101.5421,108.4927,99.5113,86.3489,98.6765,94.6642,96.9548,96.4147,112.1106,77.2776,75.9935,160745.0,149975.0,6.7,23.2,142548.0,20067.0,7357.0,12153.0,7533.0,4620.0,122481.0,27158.0,15144.2,8718.0,21678.0,40.9,4.2,41.5,25.78,29.65,23.16,1614.0,132.0,224.0,816.0,442.0,1752.0,149.0,257.0,900.0,446.0,105.538,1442553.0,538548.0,196562.0,68688.0,1078561.0,1992588.0,1.34,80.7,17827.9,19133.0,7301.4,,3135.0,3076.3,2590.6251,4642.6545,3194423.05,21726.7,350336.43,733463.42,4702.0484,0.09,0.17,0.09,0.09,0.1,0.39,0.93,2.26,3.16,0.8884,103.7952,1.3434,1.2809,,,,,47.02,215.9,262.045,117.967,208.196,519.866,188.296,107.691,334.774,260.658,237.289,249.687,105.699,97.888,101.889,108.215,3695.31
2021-01-31,20562.164,15086.9,98.8135,98.3861,98.578,101.9248,109.8167,99.6384,88.0055,99.2866,95.7301,97.3952,97.3299,106.3301,80.1108,76.8065,160088.0,149852.0,6.4,25.9,142913.0,20046.0,7358.0,12145.0,7528.0,4617.0,122867.0,27220.0,15163.0,8729.0,21779.0,41.1,4.2,41.6,25.87,29.72,23.25,1630.0,211.0,210.0,805.0,404.0,1855.0,186.0,244.0,944.0,481.0,106.878,1472712.0,559230.0,201629.0,70147.0,1085066.0,2010292.0,1.31,79.0,18088.5,19359.5,7371.1,,3153.8,3101.2,2561.387,4656.6552,3206035.47,21981.1,355240.05,738832.82,4771.1297,0.09,0.14,0.08,0.09,0.1,0.45,1.08,2.45,3.24,0.8865,103.7883,1.3641,1.2725,,,,,52.0,218.3,262.639,119.233,210.241,521.774,189.42,107.517,334.842,261.276,238.594,250.219,106.147,97.88,102.766,108.607,3793.75
2021-02-28,19073.36,15098.9,95.5072,95.9221,96.1864,99.5102,103.1235,98.4524,85.1719,94.9205,93.3918,88.9559,93.41,117.2179,74.182,73.7971,160184.0,150189.0,6.2,27.5,143422.0,20011.0,7293.0,12179.0,7553.0,4626.0,123411.0,27301.0,15202.9,8727.0,21764.0,40.4,4.1,41.4,25.9,29.75,23.39,1404.0,99.0,135.0,751.0,419.0,1711.0,173.0,243.0,866.0,429.0,105.895,1428248.0,544891.0,200328.0,75267.0,1100507.0,2026338.0,1.34,76.8,18349.1,19596.5,7434.9,,3345.9,3292.5,2586.5954,4650.2273,3221449.87,,355291.71,736048.95,4856.17,0.08,0.11,0.04,0.06,0.07,0.54,1.26,2.7,3.42,0.8979,105.3774,1.3867,1.2696,,,,,59.04,222.5,263.573,118.398,212.747,523.455,190.4,107.893,335.761,262.314,240.288,251.117,106.5,97.935,103.185,109.0,3883.43
2021-03-31,22918.422,15241.0,98.1929,97.7447,97.7283,100.746,105.0904,99.4918,87.387,98.6972,95.3866,94.5744,96.3114,107.0323,83.6875,76.1725,160400.0,150644.0,6.1,29.6,144246.0,20185.0,7399.0,12232.0,7588.0,4644.0,124061.0,27436.0,15236.9,8738.0,21856.0,41.1,4.1,41.6,26.01,29.87,23.38,1696.0,158.0,273.0,882.0,383.0,1756.0,156.0,236.0,934.0,430.0,110.454,1482801.0,603581.0,203662.0,75028.0,1114752.0,2030053.0,1.28,84.9,18607.9,19823.2,7484.8,,3721.3,3663.3,2586.7795,4642.9254,3236466.01,,358586.15,743388.12,4973.3985,0.07,0.1,0.03,0.05,0.08,0.82,1.61,3.04,3.74,0.9298,108.6991,1.3863,1.2569,,,,,62.33,228.7,264.847,118.481,216.728,523.943,191.908,108.597,336.761,263.749,242.43,252.426,107.054,98.248,103.892,109.556,3910.51
2021-04-30,19859.6,15377.5,98.3317,97.3199,97.0644,100.21,101.7405,99.756,86.2376,99.5423,94.1951,98.0365,96.3244,106.6009,86.5023,76.2628,160843.0,151081.0,6.1,28.4,144611.0,20147.0,7401.0,12191.0,7552.0,4639.0,124464.0,27396.0,15189.9,8755.0,21909.0,41.1,4.1,41.6,26.2,30.2,23.47,1495.0,155.0,176.0,787.0,377.0,1721.0,176.0,224.0,900.0,421.0,111.327,1483733.0,608961.0,203345.0,78374.0,1125862.0,2033473.0,1.26,88.3,18969.5,20161.5,7561.7,,3887.3,3820.5,2556.3543,4641.0277,3253819.67,,362666.77,751213.18,5074.7804,0.07,0.11,0.02,0.04,0.06,0.86,1.64,2.9,3.6,0.9218,109.0445,1.3845,1.2494,,,,,61.72,235.4,266.625,119.495,220.726,524.39,193.647,111.983,338.508,265.649,244.958,254.264,107.618,99.729,104.236,109.996,4141.18
2021-05-31,19385.541,15456.9,99.1867,98.0916,97.9387,100.8724,103.5324,100.1113,87.9233,100.5045,95.099,99.7965,97.366,106.8927,87.6326,77.1628,160800.0,151535.0,5.8,29.6,145032.0,20164.0,7389.0,12219.0,7575.0,4644.0,124868.0,27444.0,15202.0,8762.0,21910.0,40.9,4.2,41.5,26.3,30.25,23.63,1589.0,140.0,266.0,804.0,379.0,1703.0,151.0,224.0,921.0,407.0,111.142,1455876.0,605282.0,208299.0,76444.0,1138468.0,2050150.0,1.27,82.9,19257.8,20430.5,7611.8,,3872.4,3791.6,2545.6238,4635.6145,3277465.78,,365154.6,754248.23,5188.386,0.06,0.1,0.02,0.04,0.05,0.82,1.62,2.96,3.62,0.9027,109.112,1.4084,1.2125,,,,,65.17,257.2,268.404,120.612,225.932,523.935,195.923,115.051,339.699,267.53,247.484,256.144,108.175,101.369,104.59,110.393,4167.85
2021-06-30,19316.247,15508.5,99.6483,98.3146,98.1361,101.2441,103.7703,100.5267,87.2477,101.2593,94.8366,100.5399,97.4368,108.6745,89.2393,77.2875,161197.0,151734.0,5.9,32.0,145828.0,20201.0,7392.0,12249.0,7602.0,4647.0,125627.0,27592.0,15268.6,8769.0,22004.0,40.6,4.0,41.3,26.43,30.41,23.77,1650.0,150.0,196.0,863.0,441.0,1654.0,139.0,212.0,917.0,386.0,112.053,1460523.0,611950.0,211967.0,80605.0,1153013.0,2067735.0,1.26,85.5,19318.7,20472.9,7562.7,,3848.1,3760.3,2478.0379,4648.0089,3403726.84,,443965.88,949306.22,5252.6036,0.08,0.09,0.04,0.05,0.07,0.84,1.52,2.79,3.44,0.9078,110.1073,1.4025,1.222,,,,,71.38,254.7,270.71,121.171,233.5,523.117,199.068,119.434,341.123,269.866,250.261,258.592,108.76,102.595,105.18,110.845,4238.49
2021-07-31,19435.463,15570.0,100.0668,99.1476,99.0521,101.7232,105.6986,100.6113,89.2357,101.1845,95.5105,100.0912,98.256,106.0006,89.9483,77.9981,161504.0,152773.0,5.4,29.8,146759.0,20282.0,7417.0,12303.0,7640.0,4663.0,126477.0,27643.0,15237.4,8803.0,22055.0,40.9,4.0,41.5,26.55,30.54,23.88,1597.0,69.0,187.0,924.0,417.0,1658.0,133.0,218.0,878.0,429.0,111.876,1465158.0,601817.0,218780.0,75595.0,1161328.0,2094809.0,1.27,81.2,19488.5,20628.1,7584.8,,3943.9,3856.3,2450.3579,4663.9771,3415385.77,,443904.72,947671.11,5293.2126,0.1,0.1,0.05,0.05,0.08,0.76,1.32,2.57,3.24,0.9174,110.2143,1.3808,1.253,,,,,72.49,256.054,271.965,121.318,234.827,524.376,200.178,120.31,342.516,271.042,251.473,259.845,109.256,102.93,105.663,111.379,4363.71
2021-08-31,19407.737,15569.7,100.0412,99.1491,98.8364,101.4276,104.5847,100.5428,89.3889,101.1286,95.6831,99.5924,97.9823,108.183,89.1494,77.8329,161527.0,153250.0,5.1,29.5,147246.0,20345.0,7431.0,12349.0,7665.0,4684.0,126901.0,27698.0,15224.2,8821.0,22099.0,40.8,4.1,41.4,26.7,30.64,24.05,1594.0,167.0,199.0,898.0,330.0,1736.0,154.0,215.0,926.0,441.0,112.637,1451943.0,605533.0,217346.0,82077.0,1176513.0,2114579.0,1.28,70.3,19686.7,20811.0,7630.0,,4140.1,4059.3,2428.3734,4691.5127,3429796.65,,444563.09,946512.72,5344.309,0.09,0.1,0.05,0.06,0.07,0.77,1.28,2.55,3.24,0.9147,109.8527,1.3797,1.2599,,,,,67.73,260.429,272.752,121.569,234.912,524.785,201.155,120.666,343.003,271.76,252.072,260.649,109.674,103.814,106.09,111.704,4454.21
2021-09-30,19234.211,15608.0,98.9955,98.6092,98.1185,100.668,100.8131,100.6036,89.0799,99.4886,94.5641,97.7221,97.0662,107.9831,89.395,77.1468,161495.0,153843.0,4.7,28.5,147712.0,20434.0,7478.0,12391.0,7694.0,4697.0,127278.0,27825.0,15287.6,8847.0,22080.0,41.2,4.1,41.4,26.81,30.73,24.11,1577.0,128.0,206.0,814.0,429.0,1640.0,134.0,219.0,896.0,391.0,112.79,1457262.0,609671.0,218677.0,76387.0,1184047.0,2139149.0,1.29,72.8,19867.8,20979.1,7658.2,,4193.2,4124.6,2416.6678,4708.3471,3442211.34,,448672.35,947339.43,5428.0178,0.08,0.1,0.04,0.05,0.08,0.86,1.37,2.53,3.23,0.9228,110.161,1.3732,1.2671,,,,,71.65,267.362,273.942,121.124,235.987,525.098,202.684,120.107,343.833,272.772,252.664,261.878,110.034,103.839,106.807,112.009,4445.54
2021-10-31,19258.34,15663.7,100.3542,99.1478,98.6551,101.1847,105.2063,100.0718,89.4255,101.8044,96.1449,99.8329,98.4387,101.2095,91.2946,78.2709,161754.0,154475.0,4.5,26.8,148569.0,20543.0,7520.0,12454.0,7738.0,4716.0,128026.0,27967.0,15338.9,8877.0,22043.0,40.7,4.1,41.3,26.89,30.96,24.16,1579.0,121.0,214.0,822.0,422.0,1707.0,130.0,233.0,896.0,448.0,113.505,1465891.0,618573.0,226308.0,77225.0,1191314.0,2172723.0,1.28,71.7,20046.4,21142.1,7645.6,,4128.1,4073.5,2420.7405,4730.4585,3450721.96,,447603.61,941828.13,5554.3243,0.08,0.11,0.05,0.06,0.11,1.11,1.58,2.68,3.35,0.9227,113.1215,1.3701,1.2434,,,,,81.48,277.874,276.528,122.522,241.133,527.688,205.875,122.097,345.702,275.345,255.337,264.46,110.762,105.188,108.091,112.424,4460.71
2021-11-30,19227.878,15657.2,101.2684,100.321,99.7717,102.4166,108.3109,100.7988,90.5309,102.4185,96.8706,100.0888,99.3211,104.8273,90.4203,78.9967,162281.0,155530.0,4.2,28.9,149206.0,20635.0,7565.0,12498.0,7755.0,4743.0,128571.0,28117.0,15378.3,8908.0,22044.0,41.1,4.2,41.5,27.0,31.06,24.22,1705.0,110.0,225.0,941.0,429.0,1765.0,157.0,215.0,954.0,439.0,113.734,1470618.0,624874.0,229126.0,81608.0,1200818.0,2209108.0,1.28,67.4,20234.9,21316.6,7645.2,,4180.6,4135.3,2434.992,4762.339,3463399.34,,447955.69,937886.33,5632.1544,0.08,0.14,0.05,0.07,0.18,1.2,1.56,2.62,3.28,0.9213,113.965,1.3463,1.2567,,,,,79.15,267.626,278.824,123.62,247.735,529.529,208.886,123.678,347.099,277.674,256.714,266.775,111.5,105.807,109.334,113.013,4667.39
2021-12-31,19170.498,15610.8,101.1948,100.226,99.5432,101.704,106.932,100.2623,92.0257,102.3681,97.1067,100.5533,99.3838,101.8774,91.1692,79.0619,162497.0,156099.0,3.9,28.0,149781.0,20709.0,7601.0,12532.0,7771.0,4761.0,129072.0,28220.0,15394.2,8934.0,22074.0,41.1,4.2,41.5,27.16,31.21,24.38,1722.0,138.0,313.0,884.0,387.0,1919.0,282.0,262.0,949.0,426.0,113.307,1467940.0,619938.0,232019.0,81822.0,1214534.0,2265965.0,1.31,70.6,20398.8,21471.0,7646.2,,4187.9,4149.9,2473.1762,4790.8533,3479173.48,,448582.66,934525.5,5693.4714,0.08,0.17,0.06,0.15,0.3,1.23,1.47,2.65,3.3,0.921,113.8329,1.3303,1.28,,,,,71.71,269.049,280.806,124.887,252.96,531.041,211.54,125.747,348.284,279.694,257.431,268.776,112.191,106.855,110.124,113.599,4674.77
2022-01-31,19062.795,15496.6,101.2146,100.5323,99.9872,102.5377,107.1052,101.2679,91.4694,102.0596,95.6215,99.6015,98.8169,111.5506,87.9126,78.6178,163627.0,157115.0,4.0,24.5,150006.0,20723.0,7586.0,12560.0,7795.0,4765.0,129283.0,28310.0,15407.9,8935.0,22056.0,40.7,4.2,41.2,27.29,31.37,24.52,1702.0,109.0,201.0,925.0,467.0,1920.0,144.0,272.0,1028.0,476.0,113.372,1485162.0,631509.0,233333.0,88259.0,1228227.0,2306732.0,1.3,67.2,20520.8,21587.3,7640.4,,3871.1,3839.1,2486.9777,4815.2978,3483611.9,,448109.2,929241.11,5785.8072,0.08,0.22,0.15,0.33,0.55,1.54,1.76,2.93,3.58,0.9191,114.8255,1.3555,1.2622,,,,,83.22,282.527,282.542,125.561,254.498,534.649,213.262,127.345,350.061,281.328,260.156,270.423,112.805,108.135,110.841,114.049,4573.82
2022-02-28,19079.074,15483.6,101.8458,101.474,100.79,102.9208,105.2485,102.2389,93.2992,102.3378,97.0525,100.3125,99.699,115.5603,89.8162,79.3173,163899.0,157598.0,3.8,26.3,150875.0,20856.0,7667.0,12608.0,7816.0,4792.0,130019.0,28556.0,15552.2,8985.0,22041.0,41.2,4.4,41.5,27.41,31.55,24.58,1735.0,123.0,232.0,978.0,402.0,1857.0,189.0,233.0,959.0,476.0,113.448,1472992.0,638101.0,237221.0,82408.0,1237502.0,2349427.0,1.31,62.8,20640.9,21684.9,7621.4,,3804.5,3775.8,2499.0141,4839.3583,3503158.41,,452636.47,928906.99,5824.9792,0.08,0.38,0.33,0.64,1.0,1.81,1.93,3.25,3.97,0.9228,115.2763,1.354,1.2711,,,,,91.64,296.755,284.525,126.129,257.932,536.283,215.488,128.109,351.801,283.183,262.949,272.419,113.471,108.485,112.353,114.49,4435.98
2022-03-31,18998.629,15420.6,102.6732,101.9966,101.4432,103.3116,108.3649,101.9101,94.8775,103.5065,98.1043,100.355,100.6406,106.8304,90.8211,80.0559,164220.0,158206.0,3.7,24.2,151346.0,20961.0,7695.0,12676.0,7865.0,4811.0,130385.0,28615.0,15545.5,9004.0,22042.0,40.9,4.2,41.5,27.52,31.66,24.74,1712.0,210.0,231.0,845.0,426.0,1868.0,196.0,239.0,980.0,453.0,114.041,1470559.0,651027.0,248720.0,80307.0,1243817.0,2405153.0,1.31,59.4,20684.4,21721.3,7556.1,,3874.7,3848.5,2538.9137,4870.8581,3520856.95,,446825.24,918241.74,5846.7078,0.2,0.73,0.44,0.83,1.34,2.11,2.13,3.43,4.29,0.9294,118.5774,1.3168,1.266,,,,,108.5,301.98,287.467,126.456,265.504,538.973,219.138,127.471,353.927,286.155,267.42,275.369,114.469,108.208,115.074,115.153,4391.27
2022-04-30,19006.44,15417.5,102.9024,102.3321,101.8074,103.4404,108.5615,102.0174,95.6738,103.615,98.5762,99.8107,100.6022,113.9605,88.4485,80.0073,163893.0,157891.0,3.7,24.8,151651.0,21022.0,7699.0,12725.0,7893.0,4832.0,130629.0,28607.0,15487.1,9043.0,22079.0,40.8,4.1,41.3,27.63,31.74,24.87,1820.0,133.0,220.0,1044.0,423.0,1859.0,177.0,253.0,995.0,434.0,114.632,1469438.0,660194.0,250866.0,81641.0,1249595.0,2435750.0,1.32,65.2,20727.2,21749.9,7536.8,,3615.4,3591.4,2565.6263,4921.524,3540264.96,,446791.03,913593.26,5831.8863,0.33,0.91,0.76,1.23,1.89,2.78,2.75,3.76,4.66,0.945,126.3743,1.2933,1.2628,,,,,101.78,304.417,288.582,125.96,264.608,541.35,218.636,127.622,356.716,287.041,268.974,276.424,114.812,108.19,114.993,115.708,4391.3
2022-05-31,18963.136,15401.5,102.9659,102.1474,101.5297,102.9896,107.1675,101.8089,95.9567,103.9519,98.0195,99.8701,100.3795,112.4934,88.3418,79.8042,164362.0,158378.0,3.6,22.4,151892.0,21076.0,7737.0,12739.0,7898.0,4841.0,130816.0,28586.0,15426.2,9051.0,22103.0,40.8,4.0,41.1,27.86,32.14,24.97,1531.0,129.0,227.0,849.0,326.0,1704.0,140.0,231.0,931.0,402.0,114.473,1450168.0,659847.0,257430.0,80154.0,1253866.0,2478363.0,1.34,58.4,20669.5,21690.7,7446.2,,3317.9,3296.0,2610.234,4972.9416,3561123.33,,446762.86,908744.28,5809.5079,0.77,1.33,0.98,1.45,2.06,2.87,2.9,4.13,5.12,0.9804,128.8486,1.2438,1.2859,,,,,109.55,272.069,291.299,126.53,269.626,543.521,221.46,128.122,359.238,289.668,272.55,279.163,115.525,108.528,116.556,116.209,4040.36
2022-06-30,18871.331,15342.3,102.8224,101.7908,101.274,102.5474,106.8113,101.3421,96.1351,104.0416,97.5284,99.6154,100.0451,110.1711,88.2767,79.5043,164046.0,158094.0,3.6,22.3,152353.0,21137.0,7760.0,12768.0,7909.0,4859.0,131216.0,28669.0,15486.3,9059.0,22124.0,40.6,3.9,40.9,27.93,32.33,24.94,1551.0,123.0,206.0,864.0,358.0,1737.0,178.0,203.0,933.0,423.0,114.544,1446858.0,666113.0,261448.0,81613.0,1262761.0,2514765.0,1.34,50.0,20593.1,21642.8,7334.8,,3228.4,3207.0,2667.8607,5023.4634,3579643.52,,447246.66,902950.77,5776.4844,1.21,1.87,1.49,2.11,2.65,3.19,3.14,4.24,5.27,0.9702,133.9619,1.232,1.2804,,,,,114.84,266.501,295.072,127.274,279.429,546.84,225.757,129.464,362.434,293.531,277.194,282.953,116.638,109.107,119.047,116.966,3898.95
2022-07-31,19050.186,15515.9,103.0505,101.6992,101.1291,102.1821,106.8792,100.8637,96.4127,104.6205,98.634,99.2865,100.0951,110.3025,87.1861,79.5023,164026.0,158258.0,3.5,22.2,153049.0,21203.0,7789.0,12800.0,7932.0,4868.0,131846.0,28706.0,15501.2,9072.0,22282.0,40.7,3.9,41.0,28.06,32.43,25.06,1381.0,171.0,163.0,713.0,334.0,1703.0,160.0,222.0,935.0,386.0,114.646,1452657.0,659550.0,255320.0,84024.0,1270557.0,2532783.0,1.37,51.5,20531.7,21641.7,7337.7,,3258.7,3239.1,2699.2152,5071.4005,3592119.63,,447688.07,897860.85,5769.4585,1.68,2.5,2.23,2.76,3.02,2.96,2.9,4.06,5.21,0.9701,136.709,1.1987,1.2936,,,,,101.62,241.022,294.94,127.344,272.826,549.967,223.995,129.856,364.066,292.896,276.416,282.669,116.631,108.835,118.202,117.291,3911.73
2022-08-31,19115.806,15585.4,103.1703,102.03,101.6304,102.5251,107.0083,101.2604,97.212,104.5051,98.5341,98.503,100.3375,108.0771,88.6925,79.6451,164654.0,158735.0,3.6,22.4,153286.0,21237.0,7799.0,12826.0,7959.0,4867.0,132049.0,28738.0,15527.6,9088.0,22269.0,40.6,3.8,40.9,28.15,32.53,25.15,1531.0,180.0,184.0,804.0,363.0,1557.0,147.0,203.0,836.0,371.0,115.268,1468234.0,663566.0,251163.0,80526.0,1274539.0,2552630.0,1.38,58.2,20435.2,21606.8,7320.3,,3305.9,3287.2,2724.0642,5124.9443,3607201.96,,448726.84,894209.68,5737.0869,2.33,2.76,2.63,3.05,3.28,3.03,2.9,4.07,5.15,0.9574,135.2835,1.1983,1.2917,,,,,93.67,244.922,295.162,127.493,266.144,553.036,222.115,130.123,366.448,292.754,275.409,282.757,116.956,109.369,117.229,118.004,4158.56
2022-09-30,19158.931,15638.0,103.5326,102.1557,101.7063,102.3897,106.3242,101.2669,97.9141,105.1321,99.0743,97.9807,100.5667,105.6986,90.2854,79.7703,164602.0,158810.0,3.5,20.2,153513.0,21289.0,7827.0,12848.0,7973.0,4875.0,132224.0,28700.0,15501.5,9093.0,22280.0,40.6,3.8,41.0,28.29,32.78,25.24,1488.0,152.0,212.0,747.0,377.0,1600.0,154.0,213.0,860.0,373.0,115.348,1465161.0,661854.0,256353.0,82902.0,1277332.0,2558913.0,1.39,58.6,20281.5,21521.0,7260.3,,3131.4,3111.1,2747.7115,5167.468,3623772.74,,452094.91,890597.65,5665.0767,2.56,3.21,3.13,3.63,3.89,3.7,3.52,4.59,5.69,0.9733,143.2843,1.132,1.3339,,,,,84.26,233.27,296.421,127.712,265.777,556.558,221.998,128.688,369.186,293.888,275.381,283.909,117.371,109.774,117.005,118.632,3850.52
2022-10-31,19196.543,15614.3,103.4442,102.2745,102.0213,102.6779,107.4288,101.3428,98.1314,104.8078,99.4677,97.1229,100.6531,104.755,90.0359,79.7758,164648.0,158684.0,3.6,20.8,153913.0,21346.0,7846.0,12883.0,8002.0,4881.0,132567.0,28731.0,15501.7,9119.0,22309.0,40.7,3.9,41.0,28.46,32.95,25.39,1435.0,99.0,234.0,789.0,313.0,1594.0,121.0,221.0,912.0,340.0,115.556,1466963.0,668671.0,259239.0,85554.0,1283660.0,2571649.0,1.39,59.9,20092.3,21424.4,7189.9,,3055.7,3035.9,2771.3432,5210.7361,3643959.46,,455441.43,889337.93,5573.4501,3.08,3.85,3.72,4.18,4.43,4.18,3.98,5.1,6.26,0.9949,147.0515,1.1332,1.3689,,,,,87.55,226.866,297.979,127.76,268.176,554.071,223.553,127.903,370.701,295.351,276.154,285.654,117.919,109.469,118.105,119.159,3726.05
2022-11-30,19205.667,15618.5,103.1058,101.9095,101.541,102.3305,104.7324,101.6101,96.9059,104.4992,98.3455,97.1547,99.9369,108.643,89.1782,79.1402,164450.0,158507.0,3.6,21.5,154210.0,21384.0,7864.0,12896.0,8012.0,4884.0,132826.0,28727.0,15500.8,9132.0,22374.0,40.5,3.8,40.9,28.57,33.0,25.57,1424.0,86.0,243.0,740.0,355.0,1401.0,135.0,199.0,790.0,277.0,115.247,1451828.0,659458.0,252477.0,76708.0,1280862.0,2580941.0,1.41,56.7,19923.0,21358.1,7150.2,,3126.2,3107.0,2789.375,5255.0126,3658211.78,,459789.97,887778.13,5533.8328,3.78,4.46,4.15,4.48,4.73,4.06,3.89,4.9,6.07,0.966,142.445,1.1727,1.3457,,,,,84.37,240.346,298.708,128.386,267.192,551.402,223.531,126.596,372.126,295.968,274.96,286.54,118.224,108.821,118.375,119.654,3917.49
2022-12-31,19259.807,15662.6,101.8266,101.1156,101.1565,102.2734,103.9818,101.7363,95.5058,102.6551,96.7264,93.0146,98.1109,117.651,86.5891,77.6234,165025.0,159259.0,3.5,19.4,154336.0,21407.0,7892.0,12889.0,8025.0,4864.0,132929.0,28747.0,15515.6,9141.0,22373.0,40.3,3.6,40.6,28.73,33.21,25.67,1308.0,199.0,118.0,686.0,305.0,1410.0,141.0,180.0,769.0,320.0,115.146,1465472.0,651763.0,248920.0,88042.0,1291737.0,2593136.0,1.43,59.8,19671.3,21219.0,7101.2,,3107.3,3090.0,2797.9494,5350.9755,3665827.89,,462762.71,885344.18,5522.3171,4.1,4.51,4.25,4.55,4.68,3.76,3.62,4.43,5.59,0.9316,134.9148,1.218,1.3585,,,,,76.44,244.226,298.808,128.69,262.087,551.943,221.579,125.624,374.364,295.89,272.711,286.62,118.384,108.584,117.443,120.241,3912.38
2023-01-31,19295.401,15762.0,102.7476,101.3946,101.2646,101.9991,105.8688,100.8945,96.5753,104.3314,98.1092,96.8104,99.8961,100.0029,87.3772,78.96,165964.0,160217.0,3.5,20.3,154780.0,21453.0,7922.0,12897.0,8029.0,4868.0,133327.0,28811.0,15538.9,9144.0,22492.0,40.9,3.9,41.0,28.92,33.35,25.84,1361.0,128.0,131.0,795.0,307.0,1410.0,136.0,177.0,794.0,303.0,116.635,1483458.0,680253.0,252488.0,82799.0,1295691.0,2591740.0,1.4,64.9,19527.5,21205.2,7057.7,,3029.9,3014.2,2811.7779,5373.295,3673137.94,,466213.74,883925.8,5509.3315,4.33,4.61,4.54,4.67,4.69,3.64,3.53,4.4,5.5,0.9241,130.4475,1.2237,1.3422,,,,,78.12,251.897,300.456,129.414,263.801,550.887,222.601,125.749,376.731,297.536,274.976,288.385,119.018,108.888,118.316,120.861,3960.66
2023-02-28,19362.608,15806.5,102.8003,101.1548,101.0195,101.9996,105.1866,101.0774,95.6848,104.7327,98.4834,97.0986,99.8461,102.1864,87.9421,78.8427,166358.0,160395.0,3.6,19.3,155086.0,21481.0,7947.0,12900.0,8033.0,4867.0,133605.0,28851.0,15600.6,9156.0,22548.0,40.6,3.7,40.7,28.98,33.6,25.81,1399.0,98.0,183.0,772.0,346.0,1618.0,149.0,192.0,892.0,385.0,116.562,1471736.0,672152.0,248128.0,78093.0,1295662.0,2588252.0,1.41,66.9,19384.6,21184.5,7026.9,,3021.8,3006.2,2806.6495,5410.3767,3679664.47,,468611.8,881878.16,5489.3717,4.57,4.74,4.65,4.81,4.93,3.94,3.75,4.56,5.59,0.9258,133.0463,1.2084,1.3454,,,,,76.83,255.57,301.476,130.244,264.042,548.946,222.944,125.825,378.526,298.524,276.174,289.537,119.369,108.922,118.551,121.31,4079.68
2023-03-31,19448.229,15882.7,102.8143,100.9177,100.8202,101.918,104.0444,101.2793,94.9627,105.0498,97.5683,97.0946,99.2197,107.4916,88.4235,78.2685,166651.0,160812.0,3.5,19.5,155171.0,21456.0,7931.0,12890.0,8029.0,4861.0,133715.0,28831.0,15575.3,9152.0,22585.0,40.4,3.6,40.6,29.11,33.74,25.93,1377.0,184.0,131.0,825.0,237.0,1480.0,169.0,202.0,789.0,320.0,116.578,1459513.0,665071.0,241550.0,85117.0,1302209.0,2585438.0,1.43,62.0,18925.0,20876.1,6920.8,,3258.4,3043.1,2797.7127,5421.7732,3687092.24,,473622.87,883817.87,5358.3733,4.65,4.91,4.69,4.77,4.68,3.82,3.66,4.6,5.71,0.9255,133.6643,1.2138,1.3683,,,,,73.28,242.279,301.643,130.443,262.546,547.054,222.339,126.227,379.52,298.694,276.61,289.798,119.538,108.793,118.255,121.688,3968.56
2023-04-30,19474.528,15925.7,103.2241,101.5265,101.775,102.9887,107.2646,101.778,95.7177,105.2157,98.7919,96.837,99.8849,107.4861,88.3687,78.7116,166725.0,160974.0,3.4,20.9,155387.0,21482.0,7955.0,12889.0,8027.0,4862.0,133905.0,28809.0,15559.5,9182.0,22634.0,40.6,3.6,40.7,29.24,33.89,26.01,1354.0,125.0,175.0,751.0,303.0,1474.0,130.0,181.0,817.0,346.0,116.938,1456995.0,670494.0,240516.0,84951.0,1311484.0,2585390.0,1.42,63.7,18615.3,20729.8,6844.7,,3269.5,2939.8,2771.123,5425.3577,3687455.89,,477413.3,885270.58,5244.9345,4.83,5.03,4.92,4.79,4.68,3.54,3.46,4.47,5.53,0.8985,133.4745,1.2446,1.3484,,,,,79.45,244.57,302.858,130.436,265.333,547.039,223.316,127.406,380.933,300.025,278.101,291.066,119.951,108.833,118.585,122.199,4121.47
2023-05-31,19532.638,15975.5,102.9809,101.1843,101.3571,102.3006,108.2442,100.6455,95.6734,105.0954,98.9386,96.3445,99.7784,103.2993,88.6954,78.5451,166886.0,160796.0,3.6,21.2,155614.0,21481.0,7965.0,12874.0,8019.0,4855.0,134133.0,28834.0,15558.8,9179.0,22695.0,40.5,3.6,40.7,29.34,33.99,26.12,1584.0,96.0,260.0,885.0,343.0,1575.0,169.0,201.0,847.0,358.0,116.888,1472101.0,673902.0,239849.0,90502.0,1315948.0,2580863.0,1.42,59.0,18549.1,20801.1,6857.9,,3235.6,2928.4,2766.4873,5450.6748,3685188.94,,483082.33,889095.91,5203.0931,5.06,5.15,5.14,5.03,4.91,3.59,3.57,4.67,5.77,0.8977,137.0532,1.2484,1.3517,,,,,71.58,251.809,303.316,130.833,265.1,547.452,223.278,128.059,381.878,300.444,278.336,291.525,120.15,108.994,118.447,122.513,4146.17
2023-06-30,19553.713,16006.6,102.3809,100.325,100.218,100.7068,104.9185,99.5197,95.5606,104.8219,98.7602,95.8474,99.1514,100.747,88.5609,77.969,166937.0,160979.0,3.6,20.7,155871.0,21524.0,8006.0,12877.0,8031.0,4846.0,134347.0,28811.0,15547.6,9183.0,22782.0,40.5,3.6,40.7,29.55,34.11,26.35,1421.0,95.0,169.0,817.0,340.0,1464.0,136.0,200.0,794.0,334.0,117.256,1472700.0,677117.0,241159.0,100227.0,1333562.0,2577918.0,1.42,64.2,18435.0,20782.7,6834.2,,3265.6,2974.3,2755.9522,5442.4265,3702654.86,,492904.98,902738.96,5167.3646,5.08,5.22,5.16,5.19,5.24,3.95,3.75,4.65,5.75,0.9004,141.3581,1.2627,1.3286,,,,,70.25,251.261,304.099,130.955,266.075,547.487,223.546,128.392,383.259,301.272,279.002,292.341,120.469,108.586,118.637,123.013,4345.37
2023-07-31,19596.868,16071.5,103.0722,101.0357,101.2042,101.9324,107.886,100.2765,95.9899,105.4874,98.9219,95.835,99.4088,107.0203,88.8714,78.0895,167103.0,161183.0,3.5,20.6,156019.0,21519.0,8014.0,12863.0,8028.0,4835.0,134500.0,28811.0,15545.1,9192.0,22820.0,40.5,3.6,40.7,29.68,34.3,26.43,1460.0,111.0,177.0,788.0,384.0,1522.0,122.0,199.0,853.0,348.0,117.816,1482383.0,678424.0,243537.0,89802.0,1339736.0,2573912.0,1.41,71.5,18342.1,20772.1,6819.1,,3178.7,2906.8,2754.8911,5452.6956,3702977.09,,498240.85,906519.21,5143.1293,5.12,5.35,5.25,5.27,5.37,4.14,3.9,4.66,5.74,0.8723,140.936,1.2893,1.3211,,,,,76.07,256.294,304.615,131.265,265.585,547.356,223.086,128.029,384.826,301.77,279.181,292.885,120.607,107.864,118.456,123.42,4508.08
2023-08-31,19622.827,16107.2,103.0951,101.19,101.3228,102.1533,106.0569,101.0514,95.8045,105.3429,98.3065,96.0679,99.4716,107.5814,89.7451,78.0575,167759.0,161475.0,3.7,20.4,156176.0,21535.0,8039.0,12856.0,8023.0,4833.0,134641.0,28783.0,15536.7,9190.0,22869.0,40.6,3.6,40.7,29.77,34.49,26.48,1317.0,127.0,160.0,741.0,289.0,1561.0,155.0,213.0,828.0,365.0,117.892,1482238.0,684755.0,250102.0,83833.0,1340742.0,2580885.0,1.4,69.4,18226.1,20746.9,6777.0,,3228.0,2971.2,2757.8377,5484.5174,3674318.62,,504406.44,910966.86,5092.9041,5.33,5.44,5.3,5.28,5.37,4.31,4.17,4.95,6.02,0.8783,144.7804,1.2706,1.3478,,,,,81.39,246.357,306.138,131.268,270.492,547.848,224.61,127.556,386.23,303.381,280.663,294.452,120.97,107.471,119.712,123.64,4457.36
2023-09-30,19628.768,16126.7,103.3081,101.0927,101.0848,102.1499,106.7003,100.8744,94.8687,105.9501,98.6334,96.9976,99.6109,106.7719,89.7276,78.0859,167767.0,161442.0,3.8,21.4,156334.0,21558.0,8049.0,12869.0,8026.0,4843.0,134776.0,28801.0,15531.8,9182.0,22938.0,40.5,3.6,40.7,29.9,34.54,26.61,1371.0,86.0,195.0,790.0,300.0,1537.0,131.0,201.0,859.0,346.0,118.043,1491541.0,689403.0,254083.0,95592.0,1352106.0,2587291.0,1.38,67.8,18124.7,20720.4,6741.1,,3239.6,3017.4,2760.7145,5498.2786,3678139.8,,508808.61,913938.95,5064.8338,5.33,5.49,5.32,5.31,5.44,4.49,4.38,5.13,6.16,0.8996,147.845,1.2381,1.3531,,,,,89.43,251.022,307.374,130.56,272.18,548.636,225.137,125.849,388.233,304.74,280.869,295.705,121.419,107.342,120.2,124.188,4409.1
2023-10-31,19689.563,16186.9,102.5781,100.5655,100.3987,101.4192,102.1855,101.1652,94.0965,104.9638,97.2021,96.2269,98.8688,105.0064,89.9963,77.4241,167690.0,161211.0,3.9,21.5,156520.0,21550.0,8076.0,12836.0,7989.0,4847.0,134970.0,28830.0,15534.1,9174.0,23007.0,40.6,3.5,40.8,29.98,34.68,26.64,1368.0,81.0,211.0,724.0,352.0,1528.0,150.0,174.0,865.0,339.0,118.361,1490802.0,686148.0,244490.0,84067.0,1353877.0,2583446.0,1.4,63.8,18022.5,20687.3,6724.2,,3276.5,3104.6,2771.3412,5508.3783,3684921.28,,513250.88,916401.9,5017.6326,5.33,5.46,5.34,5.33,5.42,4.77,4.8,5.61,6.63,0.9035,149.5933,1.2175,1.3712,,,,,85.64,245.972,307.653,131.257,270.184,549.746,224.505,125.259,389.469,304.901,280.313,295.945,121.484,107.206,120.006,124.375,4269.4
2023-11-30,19785.645,16280.3,102.8868,100.9558,101.0976,102.1301,106.841,100.8125,95.028,105.1687,98.1839,95.9833,99.3261,106.0022,89.6624,77.7019,168140.0,161886.0,3.7,19.4,156661.0,21579.0,8085.0,12858.0,8018.0,4840.0,135082.0,28775.0,15478.1,9171.0,23051.0,40.7,3.5,40.6,30.22,34.94,26.83,1514.0,133.0,203.0,813.0,365.0,1503.0,114.0,199.0,811.0,379.0,118.783,1497859.0,685328.0,243817.0,96486.0,1366160.0,2577995.0,1.4,61.3,17957.4,20696.7,6717.8,,3403.5,3250.1,2763.0715,5521.7525,3689780.02,,517477.03,918934.92,5013.4268,5.33,5.41,5.27,5.24,5.28,4.49,4.5,5.28,6.29,0.8902,149.679,1.2437,1.3707,,,,,77.69,247.491,308.087,130.192,269.416,552.23,223.388,124.57,391.438,305.342,278.876,296.285,121.493,106.659,119.256,124.737,4460.06
2023-12-31,19847.006,16327.6,102.6309,100.6803,100.8413,101.9747,107.7707,100.3649,94.522,104.9382,98.0376,96.0914,99.2357,102.2363,90.9881,77.5511,167439.0,161124.0,3.8,22.2,156930.0,21601.0,8099.0,12865.0,8023.0,4842.0,135329.0,28854.0,15543.7,9176.0,23107.0,40.4,3.4,40.3,30.43,34.95,27.14,1521.0,126.0,197.0,814.0,384.0,1519.0,127.0,202.0,856.0,334.0,119.267,1508602.0,686277.0,246429.0,102456.0,1384271.0,2591108.0,1.4,69.7,17915.0,20701.3,6705.2,,3492.0,3358.5,2761.0691,5534.2828,3689387.06,,521938.91,921959.34,5081.0816,5.33,5.32,5.24,5.12,4.96,4.0,4.02,4.74,5.64,0.8648,143.9815,1.2657,1.3416,,,,,71.9,243.786,308.735,130.269,269.182,554.294,223.166,124.061,392.93,305.992,277.848,296.867,121.66,106.196,119.051,125.144,4685.05
