ticker,macro_feature,macro_group,best_lag,max_abs_spearman_corr,sector_prior_weight,normalized_max_abs_corr,composite_score,low_corr_flag,rank
AKAM,PPIITM,Prices,10,0.04362937014209163,1.0,0.9368430864333556,0.9557901605033488,True,1
AKAM,PPICRM,Prices,10,0.03635888023618823,1.0,0.7807255862002304,0.8465079103401612,True,2
AKAM,MCOILWTICO,Prices,50,0.03459176987302936,1.0,0.7427808457352982,0.8199465920147087,True,3
AKAM,IPNMAT,Output_Income,60,0.04657062722018102,0.05,1.0,0.715,True,4
AKAM,PPICMM,Prices,10,0.026424525725778157,1.0,0.5674075549991152,0.6971852884993806,True,5
AKAM,CPITRNSL,Prices,60,0.024835193275267745,1.0,0.5332801973623753,0.6732961381536626,True,6
AKAM,DTCTHFNM,Money_Credit,50,0.04293550703198539,0.05,0.9219439289273652,0.6603607502491556,True,7
AKAM,CUUR0000SAD,Prices,60,0.02266042852810738,1.0,0.48658199128328805,0.6406073938983017,True,8
AKAM,EXUSUK,Rates_FX,10,0.03898515050446595,0.05,0.8371188629293795,0.6009832040505656,True,9
AKAM,SP500,Stock_Market,10,0.019763731931731192,1.0,0.42438191434034905,0.5970673400382442,True,10
AKAM,PPIFCG,Prices,30,0.0189559723643807,1.0,0.40703708530183325,0.5849259597112832,True,11
AKAM,IPFINAL,Output_Income,60,0.037549026759613885,0.05,0.8062813193836974,0.5793969235685882,True,12
AKAM,DDURRG3M086SBEA,Prices,10,0.01838707757476012,1.0,0.39482134281395764,0.5763749399697703,True,13
AKAM,DMANEMP,Labor_Market,10,0.0171014336324272,1.0,0.36721501627138114,0.5570505113899668,True,14
AKAM,CES2000000008,Labor_Market,60,0.016801836800279208,1.0,0.36078184476326447,0.552547291334285,True,15
AKAM,PPIFGS,Prices,10,0.01641726793622046,1.0,0.35252408902721766,0.5467668623190524,True,16
AKAM,CPIMEDSL,Prices,60,0.016361915158460538,1.0,0.3513355119977905,0.5459348583984533,True,17
AKAM,CUSR0000SAS,Prices,10,0.01607712613588472,1.0,0.34522030506211054,0.5416542135434773,True,18
AKAM,CES0600000008,Labor_Market,60,0.01595498409557326,1.0,0.342597578085856,0.5398183046600992,True,19
AKAM,CLF16OV,Labor_Market,60,0.01578858196810886,1.0,0.33902446478683024,0.5373171253507811,True,20
AKAM,ANDENO,Consumption_Orders_Inventories,60,0.03474822590365212,0.05,0.7461403888628376,0.5372982722039863,True,21
AKAM,DSERRG3M086SBEA,Prices,60,0.015770853322376256,1.0,0.338643781794334,0.5370506472560338,True,22
AKAM,CES3000000008,Labor_Market,10,0.015749772368679908,1.0,0.338191115490385,0.5367337808432695,True,23
AKAM,IPMANSICS,Output_Income,60,0.03448814804887212,0.05,0.7405557989549032,0.5333890592684323,True,24
AKAM,MANEMP,Labor_Market,10,0.013652859777104372,1.0,0.2931646102285694,0.5052152271599986,True,25
AKAM,PCEPI,Prices,60,0.013246823957145546,1.0,0.28444589965507566,0.4991121297585529,True,26
AKAM,USGOVT,Labor_Market,30,0.013167476524851774,1.0,0.2827420911167318,0.49791946378171226,True,27
AKAM,IPFPNSS,Output_Income,10,0.03150645430697969,0.05,0.6765305985255575,0.48857141896789025,True,28
AKAM,CUSR0000SAC,Prices,10,0.012267856991763155,1.0,0.26342477488572397,0.48439734242000676,True,29
AKAM,CPIAUCSL,Prices,60,0.011872979819634014,1.0,0.25494567130263923,0.4784619699118474,True,30
AKAM,IPCONGD,Output_Income,10,0.030700590231691118,0.05,0.6592264709371844,0.4764585296560291,True,31
AKAM,CUSR0000SA0L5,Prices,60,0.011706577985865982,1.0,0.2513725643100857,0.47596079501705996,True,32
AKAM,HOUSTNE,Housing,10,0.030578749529208984,0.05,0.6566102145164564,0.47462715016151946,True,33
AKAM,CPIULFSL,Prices,60,0.01159858633695431,1.0,0.24905368532224,0.474337579725568,True,34
AKAM,USGOOD,Labor_Market,10,0.010828232180691486,1.0,0.23251205377794773,0.46275843764456337,True,35
AKAM,USFIRE,Labor_Market,30,0.009507970750768518,1.0,0.20416239415921614,0.44291367591145125,True,36
AKAM,DNDGRG3M086SBEA,Prices,10,0.009494731908460332,1.0,0.2038781196476105,0.44271468375332734,True,37
AKAM,IPBUSEQ,Output_Income,60,0.02844746491112168,0.05,0.6108456469058289,0.4425919528340802,True,38
AKAM,CUUR0000SA0L2,Prices,60,0.009038160335742538,1.0,0.1940742668766531,0.43585198681365717,True,39
AKAM,ISRATIO,Consumption_Orders_Inventories,60,0.02787283570442213,0.05,0.5985067706441294,0.4339547394508906,True,40
AKAM,CES0600000007,Labor_Market,30,0.008651182494985187,1.0,0.1857647837570086,0.430035348629906,True,41
AKAM,UEMPMEAN,Labor_Market,50,0.008439120234396958,1.0,0.18121122128112396,0.4268478548967868,True,42
AKAM,REALLN,Money_Credit,60,0.0269517315250524,0.05,0.5787281197143309,0.4201096838000316,True,43
AKAM,ACOGNO,Consumption_Orders_Inventories,60,0.026743896635339503,0.05,0.5742653305676382,0.41698573139734674,True,44
AKAM,SRVPRD,Labor_Market,30,0.0076485317846728676,1.0,0.16423510356670556,0.4149645724966939,True,45
AKAM,CE16OV,Labor_Market,30,0.0071087161013920165,1.0,0.15264376981187638,0.40685063886831346,True,46
AKAM,USCONS,Labor_Market,30,0.006710760399071393,1.0,0.14409856168231586,0.4008689931776211,True,47
AKAM,AWHMAN,Labor_Market,30,0.006315286288868234,1.0,0.13560664018996835,0.39492464813297784,True,48
AKAM,UNRATE,Labor_Market,60,0.006222207863638705,1.0,0.13360798930666665,0.3935255925146666,True,49
AKAM,NDMANEMP,Labor_Market,30,0.0058869129418443,1.0,0.126408281211494,0.3884857968480458,True,50
AKAM,PAYEMS,Labor_Market,30,0.005804199938141835,1.0,0.12463220455889909,0.38724254319122936,True,51
AKAM,USTPU,Labor_Market,30,0.005131856187979334,1.0,0.11019512714991916,0.3771365890049434,True,52
AKAM,USTRADE,Labor_Market,60,0.004975300585467063,1.0,0.10683344593888258,0.3747834121572178,True,53
AKAM,AWOTMAN,Labor_Market,30,0.004954199423670747,1.0,0.10638034571121006,0.37446624199784706,True,54
AKAM,IPB51222S,Output_Income,50,0.023896156369525,0.05,0.5131164812650362,0.3741815368855253,True,55
AKAM,BAA,Rates_FX,10,0.023893618764468053,0.05,0.5130619918752981,0.37414339431270865,True,56
AKAM,AAA,Rates_FX,10,0.023803229614819028,0.05,0.5111210871668072,0.372784761016765,True,57
AKAM,EXCAUS,Rates_FX,60,0.023341236396159114,0.05,0.5012008166822449,0.36584057167757145,True,58
AKAM,CPIAPPSL,Prices,50,0.002020576859490128,1.0,0.043387366245617724,0.3303711563719324,True,59
AKAM,GS10,Rates_FX,10,0.019451121602732137,0.05,0.417669307110022,0.3073685149770154,True,60
AKAM,IPNCONGD,Output_Income,10,0.01925134935446942,0.05,0.4133796451452343,0.304365751601664,True,61
AKAM,INDPRO,Output_Income,60,0.018376836662818894,0.05,0.39460144214796905,0.2912210095035783,True,62
AKAM,INVEST,Money_Credit,10,0.01691437851208588,0.05,0.3631984261692779,0.2692388983184945,True,63
AKAM,M2REAL,Money_Credit,10,0.016829736726685484,0.05,0.3613809332461051,0.2679666532722736,True,64
AKAM,UMCSENT,Consumption_Orders_Inventories,30,0.016571546728967435,0.05,0.35583688084377535,0.26408581659064273,True,65
AKAM,M1SL,Money_Credit,60,0.01639290200054019,0.05,0.35200088508656485,0.2614006195605954,True,66
AKAM,M2SL,Money_Credit,10,0.016088457977085507,0.05,0.3454636309925776,0.2568245416948043,True,67
AKAM,CUMFNS,Output_Income,60,0.01573605305876048,0.05,0.33789652401205755,0.2515275668084403,True,68
AKAM,MZMSL,Money_Credit,10,0.015581171231924868,0.05,0.33457078338796536,0.24919954837157576,True,69
AKAM,GS5,Rates_FX,10,0.014855864139209722,0.05,0.31899643672336125,0.23829750570635289,True,70
AKAM,BUSLOANS,Money_Credit,60,0.014781623275790516,0.05,0.3174022803237018,0.23718159622659124,True,71
AKAM,EXSZUS,Rates_FX,30,0.014709611735465311,0.05,0.31585599364852474,0.2360991955539673,True,72
AKAM,HOUSTW,Housing,30,0.012502121176908867,0.05,0.2684550740062004,0.20291855180434026,True,73
AKAM,PERMITW,Housing,30,0.011985446342368311,0.05,0.25736063819158767,0.19515244673411136,True,74
AKAM,IPFUELS,Output_Income,10,0.011960290201492934,0.05,0.2568204663627557,0.19477432645392895,True,75
AKAM,NONREVSL,Money_Credit,60,0.0117866156006312,0.05,0.25309119297245714,0.19216383508072,True,76
AKAM,DPCERA3M086SBEA,Consumption_Orders_Inventories,10,0.01162583588965801,0.05,0.24963880848527725,0.18974716593969404,True,77
AKAM,HOUST,Housing,30,0.010644997530699847,0.05,0.22857749972684324,0.17500424980879026,True,78
AKAM,HOUSTMW,Housing,60,0.010528047289549241,0.05,0.2260662550189359,0.17324637851325514,True,79
AKAM,RPI,Output_Income,10,0.010376558551775413,0.05,0.2228133733891136,0.1709693613723795,True,80
AKAM,HOUSTS,Housing,30,0.010355663876955763,0.05,0.2223647070071716,0.17065529490502013,True,81
AKAM,IPDMAT,Output_Income,60,0.009533124423949386,0.05,0.20470251299983094,0.15829175909988163,True,82
AKAM,W875RX1,Output_Income,50,0.009214321452195202,0.05,0.19785693262473922,0.15349985283731743,True,83
AKAM,PERMITS,Housing,60,0.009034572027810828,0.05,0.19399721599402822,0.15079805119581974,True,84
AKAM,TB3MS,Rates_FX,50,0.008950154134859858,0.05,0.19218453066016206,0.14952917146211342,True,85
AKAM,EXJPUS,Rates_FX,10,0.008783386036771238,0.05,0.18860355896098013,0.14702249127268607,True,86
AKAM,BUSINV,Consumption_Orders_Inventories,60,0.008549930040382497,0.05,0.18359061388542885,0.1435134297198002,True,87
AKAM,PERMITMW,Housing,60,0.008427066036791227,0.05,0.18095238436340885,0.14166666905438619,True,88
AKAM,PERMIT,Housing,30,0.008236140750994795,0.05,0.17685269111912943,0.1387968837833906,True,89
AKAM,PERMITNE,Housing,60,0.007949369468627066,0.05,0.170694919590481,0.13448644371333668,True,90
AKAM,IPDCONGD,Output_Income,60,0.007919711359019161,0.05,0.17005807805799136,0.13404065464059395,True,91
AKAM,TOTRESNS,Money_Credit,60,0.007891359654351057,0.05,0.1694492886480042,0.13361450205360292,True,92
AKAM,RSAFS,Consumption_Orders_Inventories,30,0.0076280035997861855,0.05,0.16379430673591291,0.12965601471513905,True,93
AKAM,AMBSL,Money_Credit,60,0.007552704949550574,0.05,0.1621774367315729,0.12852420571210102,True,94
AKAM,NONBORRES,Money_Credit,10,0.0073830429495226856,0.05,0.1585343249644553,0.1259740274751187,True,95
AKAM,CMRMTSPL,Consumption_Orders_Inventories,10,0.006970606970127493,0.05,0.14967818528986515,0.1197747297029056,True,96
AKAM,FEDFUNDS,Rates_FX,60,0.006617110675772622,0.05,0.14208764345147465,0.11446135041603225,True,97
AKAM,AMDMUO,Consumption_Orders_Inventories,30,0.006375268373332753,0.05,0.13689462122103607,0.11082623485472524,True,98
AKAM,IPMAT,Output_Income,60,0.0063171705065242735,0.05,0.13564709954747564,0.10995296968323294,True,99
AKAM,CPF3M,Rates_FX,10,0.004945567964255053,0.05,0.10619500443644292,0.08933650310551004,True,100
AKAM,TB6MS,Rates_FX,30,0.004589819213585293,0.05,0.0985560961394209,0.08398926729759462,True,101
AKAM,DTCOLNVHFNM,Money_Credit,50,0.004512207342335824,0.05,0.09688955489052321,0.08282268842336625,True,102
AKAM,GS1,Rates_FX,10,0.004400401802585947,0.05,0.09448878113196352,0.08114214679237446,True,103
ATO,CPIAPPSL,Prices,30,0.031381292955581626,0.05,1.0,0.715,True,1
ATO,AAA,Rates_FX,30,0.012375902870882945,1.0,0.3943719874257669,0.5760603911980369,True,2
ATO,HOUSTMW,Housing,30,0.012307275723292656,1.0,0.39218510660835043,0.5745295746258452,True,3
ATO,AMBSL,Money_Credit,10,0.011941686313755178,1.0,0.38053519116175144,0.5663746338132261,True,4
ATO,DTCTHFNM,Money_Credit,10,0.011528629917361779,1.0,0.36737268708717247,0.5571608809610207,True,5
ATO,PERMITNE,Housing,10,0.011008220430805493,1.0,0.35078925672014155,0.545552479704099,True,6
ATO,IPCONGD,Output_Income,50,0.023694690363314362,0.05,0.7550578109338197,0.5435404676536738,True,7
ATO,HOUSTS,Housing,60,0.01069922634986882,1.0,0.34094281472127186,0.5386599703048902,True,8
ATO,GS10,Rates_FX,50,0.010380173893933491,1.0,0.33077585135277937,0.5315430959469456,True,9
ATO,HOUST,Housing,50,0.010294629983447434,1.0,0.3280498989642931,0.5296349292750051,True,10
ATO,PERMITW,Housing,60,0.010233714932480575,1.0,0.3261087727317608,0.5282761409122325,True,11
ATO,BAA,Rates_FX,30,0.010175207598947392,1.0,0.32424437110828414,0.5269710597757988,True,12
ATO,HOUSTNE,Housing,60,0.009896961671744288,1.0,0.3153777534199389,0.5207644273939572,True,13
ATO,PERMITS,Housing,50,0.00983681382218349,1.0,0.3134610749183254,0.5194227524428278,True,14
ATO,HOUSTW,Housing,50,0.009637282155523197,1.0,0.30710277518406276,0.5149719426288439,True,15
ATO,EXCAUS,Rates_FX,10,0.008987263688315721,1.0,0.2863892096809607,0.5004724467766725,True,16
ATO,AWHMAN,Labor_Market,10,0.0214510159010858,0.05,0.6835606146454338,0.49349243025180367,True,17
ATO,IPFUELS,Output_Income,30,0.021375445011280574,0.05,0.681152463715764,0.49180672460103475,True,18
ATO,PERMIT,Housing,50,0.008435079127797753,1.0,0.2687932310417264,0.4881552617292085,True,19
ATO,GS5,Rates_FX,30,0.007934601159422633,1.0,0.25284494079493774,0.4769914585564564,True,20
ATO,IPB51222S,Output_Income,50,0.020321081497228315,0.05,0.6475539910350925,0.4682877937245647,True,21
ATO,PERMITMW,Housing,30,0.007229048658703381,1.0,0.23036172119917667,0.46125320483942367,True,22
ATO,PPICMM,Prices,10,0.019902920067841265,0.05,0.6342288093741923,0.4589601665619346,True,23
ATO,CES0600000007,Labor_Market,10,0.01946004704165419,0.05,0.620116165041343,0.4490813155289401,True,24
ATO,FEDFUNDS,Rates_FX,30,0.00650250218004228,1.0,0.2072095050145381,0.4450466535101767,True,25
ATO,REALLN,Money_Credit,60,0.006193350868750459,1.0,0.1973580526945395,0.4381506368861776,True,26
ATO,BUSLOANS,Money_Credit,30,0.006043009742059716,1.0,0.19256726453601644,0.4347970851752115,True,27
ATO,M2REAL,Money_Credit,10,0.005710870343589444,1.0,0.1819832711059052,0.4273882897741336,True,28
ATO,MZMSL,Money_Credit,10,0.005651573833642598,1.0,0.18009372149331349,0.42606560504531943,True,29
ATO,CPF3M,Rates_FX,50,0.005610408852467822,1.0,0.1787819533251554,0.42514736732760877,True,30
ATO,EXUSUK,Rates_FX,10,0.005246154857060102,1.0,0.1671745923434616,0.4170222146404231,True,31
ATO,UMCSENT,Consumption_Orders_Inventories,30,0.017954125696708054,0.05,0.5721282970118874,0.4154898079083212,True,32
ATO,GS1,Rates_FX,30,0.0051714217171636495,1.0,0.16479313725165795,0.41535519607616056,True,33
ATO,EXJPUS,Rates_FX,10,0.005062849057964722,1.0,0.1613333480277848,0.41293334361944933,True,34
ATO,M2SL,Money_Credit,10,0.004907067713780321,1.0,0.15636920125394407,0.40945844087776084,True,35
ATO,TB3MS,Rates_FX,10,0.004795519562949982,1.0,0.15281459466114916,0.4069702162628044,True,36
ATO,UEMPMEAN,Labor_Market,30,0.017269142037536406,0.05,0.5503005265582862,0.40021036859080034,True,37
ATO,M1SL,Money_Credit,10,0.00443005586246414,1.0,0.14116868507408611,0.39881807955186027,True,38
ATO,DNDGRG3M086SBEA,Prices,30,0.01693907827872041,0.05,0.539782675707361,0.3928478729951527,True,39
ATO,AWOTMAN,Labor_Market,30,0.016715249694706356,0.05,0.5326501275255232,0.3878550892678662,True,40
ATO,NONBORRES,Money_Credit,10,0.00392556804395398,1.0,0.1250926164677278,0.38756483152740945,True,41
ATO,INVEST,Money_Credit,10,0.003781194807964531,1.0,0.12049200182148613,0.38434440127504027,True,42
ATO,EXSZUS,Rates_FX,50,0.003542172755567873,1.0,0.11287529677574504,0.37901270774302154,True,43
ATO,TOTRESNS,Money_Credit,30,0.003462925392634335,1.0,0.110349990917707,0.3772449936423949,True,44
ATO,USGOOD,Labor_Market,50,0.01578760227519513,0.05,0.5030896049293301,0.367162723450531,True,45
ATO,PPIFGS,Prices,30,0.01527291823944022,0.05,0.4866886224560007,0.3556820357192005,True,46
ATO,DTCOLNVHFNM,Money_Credit,30,0.0021219628336372263,1.0,0.06761871910888885,0.3473331033762222,True,47
ATO,IPMAT,Output_Income,10,0.014790165418511823,0.05,0.47130516385817606,0.34491361470072324,True,48
ATO,NONREVSL,Money_Credit,10,0.0019667314257177846,1.0,0.06267209666923466,0.34387046766846424,True,49
ATO,NDMANEMP,Labor_Market,60,0.01469830984201202,0.05,0.4683780831725644,0.3428646582207951,True,50
ATO,TB6MS,Rates_FX,60,0.0014562933167657798,1.0,0.04640641540254818,0.3324844907817837,True,51
ATO,CPITRNSL,Prices,30,0.013347429792536749,0.05,0.42533077943694836,0.31273154560586386,True,52
ATO,USCONS,Labor_Market,50,0.013216082198639399,0.05,0.4211452414451497,0.3098016690116048,True,53
ATO,IPDMAT,Output_Income,30,0.013098603077713288,0.05,0.417401637856464,0.30718114649952477,True,54
ATO,IPNCONGD,Output_Income,50,0.012878218748932413,0.05,0.4103788447200303,0.3022651913040212,True,55
ATO,PPIFCG,Prices,60,0.012846507246733242,0.05,0.40936832223314434,0.30155782556320104,True,56
ATO,CLF16OV,Labor_Market,30,0.012303586677197755,0.05,0.392067551028339,0.2894472857198373,True,57
ATO,SRVPRD,Labor_Market,30,0.011986112784063873,0.05,0.38195089032913687,0.2823656232303958,True,58
ATO,MANEMP,Labor_Market,50,0.01144950177021529,0.05,0.36485118017353163,0.2703958261214721,True,59
ATO,CUSR0000SAC,Prices,30,0.011274365401165495,0.05,0.3592702638837634,0.26648918471863436,True,60
ATO,USFIRE,Labor_Market,50,0.011227845659166926,0.05,0.35778786027265613,0.2654515021908593,True,61
ATO,AMDMUO,Consumption_Orders_Inventories,60,0.010805533900332006,0.05,0.3443304237217569,0.2560312966052298,True,62
ATO,SP500,Stock_Market,60,0.010634930587768888,0.05,0.33889395834715946,0.2522257708430116,True,63
ATO,ACOGNO,Consumption_Orders_Inventories,30,0.010385925290375837,0.05,0.3309591260333506,0.2466713882233454,True,64
ATO,DMANEMP,Labor_Market,50,0.010169629587462623,0.05,0.32406662153331717,0.241846635073322,True,65
ATO,PPIITM,Prices,30,0.009323410529842533,0.05,0.2971009047663929,0.222970633336475,True,66
ATO,IPNMAT,Output_Income,10,0.0090836607981894,0.05,0.2894610114072351,0.21762270798506456,True,67
ATO,ISRATIO,Consumption_Orders_Inventories,50,0.00829898836097466,0.05,0.2644565465394109,0.2001195825775876,True,68
ATO,IPFINAL,Output_Income,50,0.008078029179766714,0.05,0.2574154350874162,0.1951908045611913,True,69
ATO,CE16OV,Labor_Market,30,0.00792311760204869,0.05,0.25247900439486026,0.19173530307640219,True,70
ATO,ANDENO,Consumption_Orders_Inventories,60,0.007835046170987271,0.05,0.24967250973620872,0.1897707568153461,True,71
ATO,INDPRO,Output_Income,30,0.007767528246218089,0.05,0.2475209755446523,0.18826468288125658,True,72
ATO,PAYEMS,Labor_Market,30,0.007732141537686588,0.05,0.24639333849726902,0.18747533694808832,True,73
ATO,USGOVT,Labor_Market,60,0.007448988992233312,0.05,0.23737036593033045,0.1811592561512313,True,74
ATO,IPDCONGD,Output_Income,50,0.007102997368976498,0.05,0.22634495586368517,0.17344146910457958,True,75
ATO,IPFPNSS,Output_Income,60,0.006916648230624953,0.05,0.2204067321386363,0.1692847124970454,True,76
ATO,USTRADE,Labor_Market,30,0.006611210161144369,0.05,0.210673606422213,0.16247152449554908,True,77
ATO,DPCERA3M086SBEA,Consumption_Orders_Inventories,10,0.006212539421129169,0.05,0.19796951737847937,0.15357866216493554,True,78
ATO,UNRATE,Labor_Market,30,0.006180077197975195,0.05,0.19693507232868737,0.15285455063008113,True,79
ATO,PPICRM,Prices,30,0.006146385053615566,0.05,0.19586143446401053,0.15210300412480737,True,80
ATO,USTPU,Labor_Market,30,0.00568634635326871,0.05,0.18120178672425635,0.14184125070697945,True,81
ATO,IPMANSICS,Output_Income,60,0.005631335988386844,0.05,0.1794488199182127,0.1406141739427489,True,82
ATO,RSAFS,Consumption_Orders_Inventories,30,0.005539710772188686,0.05,0.17652907992127095,0.13857035594488964,True,83
ATO,CES2000000008,Labor_Market,10,0.005241936142494677,0.05,0.16704015828520288,0.131928110799642,True,84
ATO,CPIMEDSL,Prices,10,0.005188778741199471,0.05,0.1653462382363876,0.13074236676547132,True,85
ATO,CMRMTSPL,Consumption_Orders_Inventories,60,0.005154497645973081,0.05,0.16425383279359995,0.12997768295551995,True,86
ATO,CUMFNS,Output_Income,30,0.004865207805620111,0.05,0.15503528846011944,0.1235247019220836,True,87
ATO,CES3000000008,Labor_Market,10,0.0047200486337196125,0.05,0.150409629087003,0.1202867403609021,True,88
ATO,CES0600000008,Labor_Market,10,0.004705272677979109,0.05,0.1499387767304281,0.11995714371129966,True,89
ATO,CUSR0000SAS,Prices,10,0.004654108157563199,0.05,0.14830836205986844,0.1188158534419079,True,90
ATO,IPBUSEQ,Output_Income,30,0.004574269972153547,0.05,0.1457642289827942,0.11703496028795593,True,91
ATO,CUUR0000SA0L2,Prices,60,0.0041632884787043715,0.05,0.1326678440113115,0.10786749080791803,True,92
ATO,DDURRG3M086SBEA,Prices,10,0.004116120269173427,0.05,0.13116477625697426,0.10681534337988198,True,93
ATO,DSERRG3M086SBEA,Prices,10,0.004085690893726549,0.05,0.13019511017310867,0.10613657712117607,True,94
ATO,MCOILWTICO,Prices,10,0.003655366758358972,0.05,0.11648235028215469,0.09653764519750828,True,95
ATO,CUUR0000SAD,Prices,30,0.0034262123379917324,0.05,0.1091800883679756,0.09142606185758291,True,96
ATO,PCEPI,Prices,10,0.003131557396457771,0.05,0.0997905790844981,0.08485340535914866,True,97
ATO,CPIAUCSL,Prices,10,0.0026528462989826424,0.05,0.08453591452517875,0.07417514016762512,True,98
ATO,CPIULFSL,Prices,10,0.002105172059667812,0.05,0.06708366231587587,0.06195856362111311,True,99
ATO,W875RX1,Output_Income,60,0.0018957995269832254,0.05,0.06041177237874227,0.05728824066511959,True,100
ATO,CUSR0000SA0L5,Prices,10,0.0017732245669237008,0.05,0.056505784176375265,0.05455404892346268,True,101
ATO,BUSINV,Consumption_Orders_Inventories,60,0.0017320514058578934,0.05,0.05519375534684024,0.05363562874278817,True,102
ATO,RPI,Output_Income,50,0.0006171974683562861,0.05,0.01966768766442775,0.028767381365099425,True,103
BXP,AAA,Rates_FX,60,0.02419492341935622,1.0,1.0,1.0,True,1
BXP,PERMITMW,Housing,50,0.02258536297960955,1.0,0.9334752827339391,0.9534326979137573,True,2
BXP,BAA,Rates_FX,60,0.02243391518132832,1.0,0.9272157961608147,0.9490510573125703,True,3
BXP,GS10,Rates_FX,50,0.022007690853290893,1.0,0.9095995251501595,0.9367196676051117,True,4
BXP,HOUSTW,Housing,50,0.02036304532096469,1.0,0.8416247064735082,0.8891372945314557,True,5
BXP,EXUSUK,Rates_FX,50,0.020137860803092315,1.0,0.8323176087005836,0.8826223260904085,True,6
BXP,DTCOLNVHFNM,Money_Credit,50,0.01976345437365199,1.0,0.8168430224433361,0.8717901157103352,True,7
BXP,HOUSTMW,Housing,30,0.018806818111054238,1.0,0.7773043040925092,0.8441130128647563,True,8
BXP,PERMITNE,Housing,10,0.018717486182251986,1.0,0.7736121275456396,0.8415284892819477,True,9
BXP,DTCTHFNM,Money_Credit,50,0.018438974514508183,1.0,0.7621009661785823,0.8334706763250075,True,10
BXP,PERMIT,Housing,50,0.018387722475801584,1.0,0.7599826689714253,0.8319878682799977,True,11
BXP,EXJPUS,Rates_FX,50,0.01752454108907026,1.0,0.7243065326278496,0.8070145728394946,True,12
BXP,BUSLOANS,Money_Credit,30,0.01704085080613437,1.0,0.7043151371374663,0.7930205959962264,True,13
BXP,HOUST,Housing,50,0.016992551038545765,1.0,0.7023188602015382,0.7916232021410767,True,14
BXP,PERMITW,Housing,50,0.0168943077264559,1.0,0.6982583674119116,0.7887808571883381,True,15
BXP,PERMITS,Housing,50,0.016822467097859364,1.0,0.6952891235192419,0.7867023864634692,True,16
BXP,NONREVSL,Money_Credit,50,0.014775786781803088,1.0,0.6106978115079417,0.7274884680555591,True,17
BXP,HOUSTNE,Housing,60,0.014314435812205236,1.0,0.5916297218264192,0.7141408052784934,True,18
BXP,HOUSTS,Housing,60,0.013897419780433296,1.0,0.5743940387641483,0.7020758271349038,True,19
BXP,GS5,Rates_FX,30,0.013851833192132859,1.0,0.5725099001987843,0.700756930139149,True,20
BXP,M2SL,Money_Credit,50,0.012693202955649083,1.0,0.5246225720844553,0.6672358004591187,True,21
BXP,AMBSL,Money_Credit,50,0.01266141864135838,1.0,0.5233088950895004,0.6663162265626503,True,22
BXP,M2REAL,Money_Credit,50,0.012511089231162967,1.0,0.517095632596793,0.661966942817755,True,23
BXP,IPBUSEQ,Output_Income,60,0.022308392939684073,0.05,0.9220278383620384,0.6604194868534269,True,24
BXP,M1SL,Money_Credit,50,0.012366733608521512,1.0,0.5111292726236936,0.6577904908365855,True,25
BXP,INVEST,Money_Credit,50,0.012275762416477353,1.0,0.5073693437135082,0.6551585405994557,True,26
BXP,ANDENO,Consumption_Orders_Inventories,60,0.021902499520165084,0.05,0.9052518638121759,0.6486763046685231,True,27
BXP,TOTRESNS,Money_Credit,50,0.01203159620304548,1.0,0.4972777137794147,0.6480943996455903,True,28
BXP,USGOOD,Labor_Market,10,0.021853579547599433,0.05,0.9032299531940785,0.6472609672358549,True,29
BXP,NONBORRES,Money_Credit,50,0.011501525860402569,1.0,0.4753693847694188,0.6327585693385931,True,30
BXP,MZMSL,Money_Credit,50,0.011340762281728747,1.0,0.4687248678231403,0.6281074074761982,True,31
BXP,DMANEMP,Labor_Market,50,0.02074480009252778,0.05,0.8574030069436673,0.6151821048605671,True,32
BXP,IPFINAL,Output_Income,60,0.020562090705281266,0.05,0.8498514481278066,0.6098960136894646,True,33
BXP,IPFPNSS,Output_Income,60,0.02050756588801817,0.05,0.8475978837615117,0.6083185186330582,True,34
BXP,MANEMP,Labor_Market,10,0.020272733621799967,0.05,0.8378920350531692,0.6015244245372184,True,35
BXP,EXCAUS,Rates_FX,10,0.01030035090872898,1.0,0.42572364169950544,0.5980065491896538,True,36
BXP,IPMANSICS,Output_Income,60,0.019950193989275247,0.05,0.8245611545649638,0.5921928081954746,True,37
BXP,IPCONGD,Output_Income,50,0.019808980449426788,0.05,0.8187246599664528,0.588107261976517,True,38
BXP,USCONS,Labor_Market,10,0.01861772620613083,0.05,0.7694889495387462,0.5536422646771223,True,39
BXP,FEDFUNDS,Rates_FX,60,0.008534169753480477,1.0,0.35272563609988705,0.5469079452699209,True,40
BXP,IPDCONGD,Output_Income,50,0.017893205367373793,0.05,0.7395437901266106,0.5326806530886274,True,41
BXP,BUSINV,Consumption_Orders_Inventories,60,0.017383525682032493,0.05,0.7184782270534269,0.5179347589373988,True,42
BXP,PPIFGS,Prices,50,0.01733472163219004,0.05,0.716461107635582,0.5165227753449074,True,43
BXP,USTRADE,Labor_Market,60,0.01733088993949521,0.05,0.7163027400049672,0.516411918003477,True,44
BXP,USFIRE,Labor_Market,50,0.01728654258658638,0.05,0.7144698202581184,0.5151288741806829,True,45
BXP,RPI,Output_Income,60,0.01721875420412749,0.05,0.7116680596869459,0.513167641780862,True,46
BXP,GS1,Rates_FX,60,0.007185434236377351,1.0,0.2969810696168156,0.5078867487317709,True,47
BXP,IPNMAT,Output_Income,50,0.016462644402042162,0.05,0.680417297327416,0.49129210812919116,True,48
BXP,W875RX1,Output_Income,60,0.016312890016862498,0.05,0.674227801184607,0.48695946082922487,True,49
BXP,IPNCONGD,Output_Income,10,0.01622236044813038,0.05,0.6704861250005985,0.4843402875004189,True,50
BXP,CLF16OV,Labor_Market,50,0.01615614909346541,0.05,0.6677495445404181,0.4824246811782927,True,51
BXP,REALLN,Money_Credit,30,0.0062856652884711985,1.0,0.2597927333567253,0.4818549133497077,True,52
BXP,CMRMTSPL,Consumption_Orders_Inventories,50,0.016115520160025442,0.05,0.66607031073026,0.481249217511182,True,53
BXP,UEMPMEAN,Labor_Market,30,0.016115492726095575,0.05,0.6660691768589353,0.4812484238012547,True,54
BXP,TB6MS,Rates_FX,10,0.006196814977616694,1.0,0.256120462553693,0.47928432378758506,True,55
BXP,USTPU,Labor_Market,50,0.016031514972112172,0.05,0.6625982936274464,0.47881880553921247,True,56
BXP,TB3MS,Rates_FX,60,0.006179561757108793,1.0,0.2554073699677459,0.47878515897742213,True,57
BXP,CPF3M,Rates_FX,50,0.0061204355816078014,1.0,0.252963626936359,0.47707453885545126,True,58
BXP,PAYEMS,Labor_Market,50,0.015806918013249325,0.05,0.6533154802467201,0.4723208361727041,True,59
BXP,SRVPRD,Labor_Market,50,0.01544826123797935,0.05,0.6384918426987275,0.46194428988910924,True,60
BXP,EXSZUS,Rates_FX,60,0.005423340071311959,1.0,0.22415198334429215,0.4569063883410045,True,61
BXP,ISRATIO,Consumption_Orders_Inventories,30,0.015034853862846701,0.05,0.6214053089673615,0.449983716277153,True,62
BXP,NDMANEMP,Labor_Market,10,0.015019350443085683,0.05,0.6207645373686129,0.449535176158029,True,63
BXP,AMDMUO,Consumption_Orders_Inventories,50,0.01498384316014342,0.05,0.6192969864147687,0.44850789049033807,True,64
BXP,RSAFS,Consumption_Orders_Inventories,50,0.014960232397011244,0.05,0.6183211303344273,0.4478247912340991,True,65
BXP,CUUR0000SA0L2,Prices,10,0.014778448025012804,0.05,0.6108078033092625,0.44256546231648375,True,66
BXP,INDPRO,Output_Income,50,0.014556158520705008,0.05,0.6016203592965255,0.4361342515075678,True,67
BXP,CE16OV,Labor_Market,50,0.014476590405225533,0.05,0.5983317307648137,0.4338322115353696,True,68
BXP,PPIFCG,Prices,50,0.014423435634319571,0.05,0.5961347917629967,0.4322943542340977,True,69
BXP,DDURRG3M086SBEA,Prices,50,0.014365160437580746,0.05,0.5937262205214691,0.4306083543650283,True,70
BXP,UNRATE,Labor_Market,10,0.014283482481247743,0.05,0.5903503901905633,0.42824527313339433,True,71
BXP,CUMFNS,Output_Income,60,0.014266493580892199,0.05,0.5896482222166836,0.4277537555516785,True,72
BXP,DSERRG3M086SBEA,Prices,50,0.013663663359839769,0.05,0.5647326558144292,0.41031285907010046,True,73
BXP,DPCERA3M086SBEA,Consumption_Orders_Inventories,50,0.013627175466003802,0.05,0.5632245752471323,0.4092572026729926,True,74
BXP,SP500,Stock_Market,60,0.013605891337174032,0.05,0.5623448812526168,0.40864141687683175,True,75
BXP,IPDMAT,Output_Income,50,0.013352127441484146,0.05,0.5518565696637953,0.40129959876465665,True,76
BXP,UMCSENT,Consumption_Orders_Inventories,60,0.01330662063157252,0.05,0.5499757284177668,0.39998300989243674,True,77
BXP,PCEPI,Prices,50,0.012997539366962005,0.05,0.5372010955225353,0.39104076686577466,True,78
BXP,CUSR0000SAS,Prices,50,0.012634162320876339,0.05,0.5221823645355645,0.3805276551748952,True,79
BXP,CPIAUCSL,Prices,50,0.012469049812687219,0.05,0.5153581020517649,0.3757506714362354,True,80
BXP,CPIMEDSL,Prices,50,0.01244470109213364,0.05,0.5143517454648249,0.3750462218253774,True,81
BXP,CES0600000008,Labor_Market,50,0.012431092899271882,0.05,0.5137893054592958,0.37465251382150705,True,82
BXP,CES3000000008,Labor_Market,50,0.01239769379300375,0.05,0.512408887522473,0.37368622126573114,True,83
BXP,CES2000000008,Labor_Market,50,0.01224009945188553,0.05,0.5058953582838501,0.36912675079869506,True,84
BXP,CUSR0000SA0L5,Prices,50,0.01207981742492465,0.05,0.4992707443438592,0.3644895210407014,True,85
BXP,IPMAT,Output_Income,50,0.012045670846403166,0.05,0.497859432643068,0.3635016028501476,True,86
BXP,CPIULFSL,Prices,50,0.011884448964948759,0.05,0.4911959735917602,0.35883718151423216,True,87
BXP,PPIITM,Prices,60,0.011701413567889379,0.05,0.4836309404694421,0.35354165832860945,True,88
BXP,CES0600000007,Labor_Market,60,0.0115787777958605,0.05,0.4785622833010227,0.34999359831071586,True,89
BXP,USGOVT,Labor_Market,10,0.011572838226103938,0.05,0.4783167950366618,0.3498217565256633,True,90
BXP,IPFUELS,Output_Income,50,0.011431552930510826,0.05,0.4724773347025951,0.3457341342918166,True,91
BXP,MCOILWTICO,Prices,30,0.010802847945117336,0.05,0.44649233882157824,0.32754463717510474,True,92
BXP,AWHMAN,Labor_Market,60,0.010679221960264263,0.05,0.4413827551824678,0.32396792862772744,True,93
BXP,IPB51222S,Output_Income,10,0.01045297068630543,0.05,0.43203156733048104,0.31742209713133673,True,94
BXP,AWOTMAN,Labor_Market,50,0.009742249460103023,0.05,0.40265675948819535,0.29685973164173673,True,95
BXP,DNDGRG3M086SBEA,Prices,10,0.0074006291944318835,0.05,0.305875289049739,0.2291127023348173,True,96
BXP,CUSR0000SAC,Prices,10,0.0071948846469310716,0.05,0.29737166438704576,0.223160165070932,True,97
BXP,CUUR0000SAD,Prices,10,0.006971272799873938,0.05,0.28812956664689576,0.21669069665282703,True,98
BXP,ACOGNO,Consumption_Orders_Inventories,50,0.006280311715215065,0.05,0.2595714649045239,0.19670002543316673,True,99
BXP,CPITRNSL,Prices,10,0.005568215951223295,0.05,0.2301398460624454,0.17609789224371175,True,100
BXP,PPICRM,Prices,60,0.004463923892554992,0.05,0.18449836832233163,0.14414885782563214,True,101
BXP,CPIAPPSL,Prices,10,0.00409189656555956,0.05,0.16912211271088362,0.13338547889761854,True,102
BXP,PPICMM,Prices,50,0.0030057128871868546,0.05,0.1242290721524768,0.10196035050673376,True,103
CAG,ANDENO,Consumption_Orders_Inventories,60,0.04320742407237177,1.0,1.0,1.0,True,1
CAG,ISRATIO,Consumption_Orders_Inventories,60,0.034119267152771915,1.0,0.7896621445338344,0.852763501173684,True,2
CAG,MCOILWTICO,Prices,60,0.03154196775125422,1.0,0.7300126871350144,0.81100888099451,True,3
CAG,PPICMM,Prices,60,0.027925570823653656,1.0,0.6463141791762165,0.7524199254233515,True,4
CAG,MANEMP,Labor_Market,10,0.024221433922418156,1.0,0.5605850022868206,0.6924095016007744,True,5
CAG,DMANEMP,Labor_Market,10,0.023478534211449853,1.0,0.5433912045328986,0.680373843173029,True,6
CAG,CES0600000007,Labor_Market,60,0.023118661397552018,1.0,0.5350622466830843,0.674543572678159,True,7
CAG,ACOGNO,Consumption_Orders_Inventories,60,0.02291719057428056,1.0,0.5303993715500054,0.6712795600850037,True,8
CAG,USGOOD,Labor_Market,10,0.021684764482601128,1.0,0.5018758916587919,0.6513131241611543,True,9
CAG,UNRATE,Labor_Market,60,0.020978728497465467,1.0,0.4855352742696815,0.639874691988777,True,10
CAG,CPITRNSL,Prices,60,0.020831639574555024,1.0,0.4821310231237657,0.637491716186636,True,11
CAG,IPNMAT,Output_Income,30,0.03817447581560619,0.05,0.8835165862159368,0.6334616103511557,True,12
CAG,USTRADE,Labor_Market,50,0.01926451998115318,1.0,0.4458613396828611,0.6121029377780027,True,13
CAG,NDMANEMP,Labor_Market,50,0.018493007287948362,1.0,0.4280053181826544,0.5996037227278581,True,14
CAG,IPMANSICS,Output_Income,60,0.03576331284692229,0.05,0.827712218784885,0.5943985531494195,True,15
CAG,AWHMAN,Labor_Market,60,0.01759781945831054,1.0,0.4072869382084538,0.5851008567459176,True,16
CAG,CUUR0000SAD,Prices,60,0.01672464769046192,1.0,0.38707810172734186,0.5709546712091393,True,17
CAG,USTPU,Labor_Market,50,0.016719571457656405,1.0,0.3869606165285711,0.5708724315699998,True,18
CAG,HOUSTNE,Housing,60,0.03428642002291608,0.05,0.7935307591002614,0.5704715313701829,True,19
CAG,CE16OV,Labor_Market,50,0.016675954480840534,1.0,0.3859511377699482,0.5701657964389637,True,20
CAG,PPICRM,Prices,30,0.016631956933451375,1.0,0.3849328510209982,0.5694529957146988,True,21
CAG,IPFPNSS,Output_Income,10,0.03342220285808882,0.05,0.7735291694803917,0.5564704186362742,True,22
CAG,PAYEMS,Labor_Market,60,0.015586908801589756,1.0,0.3607460786248661,0.5525222550374063,True,23
CAG,SRVPRD,Labor_Market,60,0.015455929214868895,1.0,0.3577146647062424,0.5504002652943696,True,24
CAG,PPIITM,Prices,30,0.015395883012359404,1.0,0.35632494514302765,0.5494274616001193,True,25
CAG,USGOVT,Labor_Market,60,0.014122206098167606,1.0,0.3268467491723906,0.5287927244206734,True,26
CAG,USCONS,Labor_Market,10,0.01386679173864139,1.0,0.32093539562587037,0.5246547769381092,True,27
CAG,IPCONGD,Output_Income,10,0.030550402946815203,0.05,0.7070637420005356,0.5099446194003748,True,28
CAG,UMCSENT,Consumption_Orders_Inventories,60,0.012143480946030625,1.0,0.2810507964022683,0.4967355574815878,True,29
CAG,AWOTMAN,Labor_Market,60,0.012043504628313093,1.0,0.27873692743497985,0.49511584920448587,True,30
CAG,CMRMTSPL,Consumption_Orders_Inventories,60,0.0120388949974667,1.0,0.278630241351619,0.49504116894613326,True,31
CAG,DDURRG3M086SBEA,Prices,10,0.011475720241137542,1.0,0.2655960286342432,0.4859172200439702,True,32
CAG,IPDCONGD,Output_Income,60,0.02854846718382825,0.05,0.6607305988899039,0.4775114192229327,True,33
CAG,IPFINAL,Output_Income,60,0.028491208302440757,0.05,0.659405389562646,0.4765837726938522,True,34
CAG,CUMFNS,Output_Income,60,0.02800525974882594,0.05,0.6481585132665526,0.4687109592865868,True,35
CAG,DNDGRG3M086SBEA,Prices,60,0.009912826974600254,1.0,0.22942416002389826,0.46059691201672875,True,36
CAG,CPIAPPSL,Prices,10,0.00970969713756625,1.0,0.22472288839303767,0.45730602187512637,True,37
CAG,RSAFS,Consumption_Orders_Inventories,60,0.008663245315102108,1.0,0.20050362874193345,0.44035254011935343,True,38
CAG,CES2000000008,Labor_Market,10,0.008299317603931615,1.0,0.1920808236573045,0.43445657656011316,True,39
CAG,USFIRE,Labor_Market,50,0.00829398687570518,1.0,0.19195744837305923,0.43437021386114144,True,40
CAG,CUSR0000SAC,Prices,60,0.008282860455189386,1.0,0.191699936596908,0.4341899556178356,True,41
CAG,DPCERA3M086SBEA,Consumption_Orders_Inventories,60,0.007724306511625525,1.0,0.1787726687591334,0.42514086813139335,True,42
CAG,CPIMEDSL,Prices,10,0.007700077690529714,1.0,0.17821191278684428,0.424748338950791,True,43
CAG,CES0600000008,Labor_Market,10,0.0071030336354930175,1.0,0.16439382323731092,0.41507567626611763,True,44
CAG,CUUR0000SA0L2,Prices,50,0.0070176917958419335,1.0,0.16241865712909448,0.4136930599903661,True,45
CAG,UEMPMEAN,Labor_Market,10,0.007010107349861369,1.0,0.16224312141634611,0.41357018499144227,True,46
CAG,CUSR0000SAS,Prices,10,0.006926551229017351,1.0,0.1603092842890954,0.4122164990023668,True,47
CAG,CES3000000008,Labor_Market,10,0.00680698745240841,1.0,0.15754207982884633,0.41027945588019243,True,48
CAG,PPIFCG,Prices,10,0.006208232607168138,1.0,0.1436843954587398,0.4005790768211178,True,49
CAG,DSERRG3M086SBEA,Prices,10,0.005665815477308116,1.0,0.13113060079253885,0.39179142055477717,True,50
CAG,AMDMUO,Consumption_Orders_Inventories,30,0.005536245642265568,1.0,0.12813181440746021,0.3896922700852221,True,51
CAG,CPIAUCSL,Prices,10,0.0045028373523797365,1.0,0.10421443650141127,0.37295010555098784,True,52
CAG,PPIFGS,Prices,50,0.004396173795712245,1.0,0.10174579693408063,0.3712220578538564,True,53
CAG,CLF16OV,Labor_Market,50,0.004357064195249376,1.0,0.10084063766336453,0.3705884463643552,True,54
CAG,PCEPI,Prices,10,0.004271121269070977,1.0,0.09885155990592995,0.3691960919341509,True,55
CAG,INDPRO,Output_Income,60,0.021824060403885816,0.05,0.5050997802444981,0.36856984617114863,True,56
CAG,CPIULFSL,Prices,10,0.004124062917092524,1.0,0.09544801629888378,0.36681361140921864,True,57
CAG,BUSINV,Consumption_Orders_Inventories,60,0.0038500515948960167,1.0,0.08910625147306259,0.3623743760311438,True,58
CAG,CUSR0000SA0L5,Prices,10,0.003522104738381922,1.0,0.08151619343200027,0.35706133540240015,True,59
CAG,IPBUSEQ,Output_Income,60,0.02056963152699004,0.05,0.47606706413546485,0.3482469448948254,True,60
CAG,DTCTHFNM,Money_Credit,10,0.020330240393599798,0.05,0.4705265548704537,0.34436858840931756,True,61
CAG,CPF3M,Rates_FX,10,0.019367962236686187,0.05,0.4482554249067278,0.32877879743470945,True,62
CAG,HOUST,Housing,60,0.01859339482610544,0.05,0.4303287045060078,0.31623009315420547,True,63
CAG,PERMITNE,Housing,60,0.016943642118714738,0.05,0.3921465461661033,0.2895025823162723,True,64
CAG,GS5,Rates_FX,60,0.01669323643661733,0.05,0.3863511143051809,0.2854457800136266,True,65
CAG,GS10,Rates_FX,10,0.01652360942220197,0.05,0.38242523772130405,0.28269766640491284,True,66
CAG,IPDMAT,Output_Income,60,0.016442115148580648,0.05,0.38053912033821685,0.2813773842367518,True,67
CAG,HOUSTW,Housing,60,0.016276222195534876,0.05,0.3766996655082343,0.278689765855764,True,68
CAG,HOUSTS,Housing,50,0.016103087615747705,0.05,0.37269260923250785,0.2758848264627555,True,69
CAG,TB3MS,Rates_FX,10,0.016022789924294685,0.05,0.3708341857514292,0.2745839300260004,True,70
CAG,EXJPUS,Rates_FX,30,0.01549899070423357,0.05,0.35871128716845047,0.2660979010179153,True,71
CAG,TB6MS,Rates_FX,10,0.015222155862334346,0.05,0.3523041743205397,0.26161292202437775,True,72
CAG,GS1,Rates_FX,10,0.015178489724078486,0.05,0.35129355776115584,0.2609054904328091,True,73
CAG,IPB51222S,Output_Income,60,0.01478281723404452,0.05,0.34213604609438253,0.25449523226606774,True,74
CAG,AAA,Rates_FX,50,0.013874383288439344,0.05,0.32111109575058133,0.23977776702540693,True,75
CAG,FEDFUNDS,Rates_FX,50,0.013452380217017633,0.05,0.3113441846124662,0.23294092922872633,True,76
CAG,PERMITMW,Housing,60,0.013236593706887928,0.05,0.3063499847784686,0.22944498934492802,True,77
CAG,IPMAT,Output_Income,60,0.012804696413989455,0.05,0.2963540800891482,0.22244785606240375,True,78
CAG,IPNCONGD,Output_Income,10,0.012450926282809888,0.05,0.2881663637701423,0.2167164546390996,True,79
CAG,EXCAUS,Rates_FX,60,0.011804279587803721,0.05,0.2732002622519624,0.2062401835763737,True,80
CAG,PERMIT,Housing,50,0.011538043934384004,0.05,0.26703845883193494,0.20192692118235445,True,81
CAG,PERMITW,Housing,50,0.011267645671791048,0.05,0.2607803152744749,0.19754622069213246,True,82
CAG,MZMSL,Money_Credit,10,0.00936068411190942,0.05,0.21664527133648187,0.1666516899355373,True,83
CAG,SP500,Stock_Market,60,0.009216132213229042,0.05,0.21329973751252013,0.16430981625876406,True,84
CAG,HOUSTMW,Housing,10,0.008993966939793525,0.05,0.2081579064914578,0.16071053454402046,True,85
CAG,EXUSUK,Rates_FX,10,0.008300411485326223,0.05,0.19210614063507145,0.14947429844455,True,86
CAG,BAA,Rates_FX,10,0.007786849780188244,0.05,0.18022018084543506,0.14115412659180454,True,87
CAG,M2REAL,Money_Credit,10,0.00753447174584439,0.05,0.17437910052735997,0.13706537036915195,True,88
CAG,INVEST,Money_Credit,10,0.007419131164684132,0.05,0.17170963842364687,0.1351967468965528,True,89
CAG,PERMITS,Housing,50,0.0073825681190676125,0.05,0.17086341705309543,0.13460439193716678,True,90
CAG,REALLN,Money_Credit,50,0.007323364033855337,0.05,0.16949318759639118,0.1336452313174738,True,91
CAG,M2SL,Money_Credit,10,0.007130004911244839,0.05,0.16501805104840758,0.1305126357338853,True,92
CAG,M1SL,Money_Credit,10,0.0069324696193641885,0.05,0.16044626052579317,0.1273123823680552,True,93
CAG,IPFUELS,Output_Income,50,0.005459245609775311,0.05,0.12634971250846055,0.10344479875592238,True,94
CAG,BUSLOANS,Money_Credit,60,0.004831269180477142,0.05,0.11181571880760215,0.0932710031653215,True,95
CAG,NONBORRES,Money_Credit,10,0.004214323734918644,0.05,0.0975370280778534,0.08327591965449738,True,96
CAG,TOTRESNS,Money_Credit,10,0.003842571420439909,0.05,0.08893312903827964,0.07725319032679574,True,97
CAG,AMBSL,Money_Credit,10,0.0033786881463369494,0.05,0.07819693533865149,0.06973785473705604,True,98
CAG,EXSZUS,Rates_FX,10,0.0033531966133449483,0.05,0.07760695494664055,0.06932486846264838,True,99
CAG,NONREVSL,Money_Credit,10,0.003004876362785437,0.05,0.06954537159522205,0.06368176011665544,True,100
CAG,DTCOLNVHFNM,Money_Credit,30,0.002966279254509548,0.05,0.06865207353118473,0.06305645147182931,True,101
CAG,RPI,Output_Income,50,0.0027857200832460895,0.05,0.0644731812426506,0.06013122686985541,True,102
CAG,W875RX1,Output_Income,60,0.0019705419839235977,0.05,0.04560656012779124,0.04692459208945387,True,103
CHRW,IPFINAL,Output_Income,60,0.023600665242211882,1.0,0.9599021532203754,0.9719315072542627,True,1
CHRW,IPFPNSS,Output_Income,60,0.02312997015983094,1.0,0.9407577257878984,0.9585304080515289,True,2
CHRW,IPB51222S,Output_Income,60,0.01820924177521714,1.0,0.7406185465178516,0.8184329825624961,True,3
CHRW,IPMANSICS,Output_Income,60,0.018137037030652912,1.0,0.7376817865126309,0.8163772505588416,True,4
CHRW,IPNCONGD,Output_Income,10,0.01807567557488821,1.0,0.7351860520530816,0.8146302364371572,True,5
CHRW,INDPRO,Output_Income,60,0.01784579288522094,1.0,0.725836108458906,0.8080852759212342,True,6
CHRW,MCOILWTICO,Prices,60,0.017333061797036087,1.0,0.7049819642845556,0.7934873749991889,True,7
CHRW,DMANEMP,Labor_Market,60,0.016929703454648674,1.0,0.6885763020965014,0.7820034114675509,True,8
CHRW,IPCONGD,Output_Income,60,0.016902434392334527,1.0,0.6874671964266819,0.7812270374986773,True,9
CHRW,IPBUSEQ,Output_Income,60,0.015495687886149424,1.0,0.6302510549974514,0.7411757384982159,True,10
CHRW,IPDCONGD,Output_Income,10,0.015200943241715023,1.0,0.6182630022904998,0.7327841016033498,True,11
CHRW,PPIITM,Prices,10,0.015060016429760863,1.0,0.6125311320718871,0.728771792450321,True,12
CHRW,PPICRM,Prices,50,0.01477159631288077,1.0,0.6008003148095798,0.7205602203667059,True,13
CHRW,ANDENO,Consumption_Orders_Inventories,50,0.024586532245014784,0.05,1.0,0.715,True,14
CHRW,IPNMAT,Output_Income,50,0.014558058425055004,1.0,0.5921151580051239,0.7144806106035867,True,15
CHRW,UNRATE,Labor_Market,60,0.014410686704643431,1.0,0.586121156128692,0.7102848092900844,True,16
CHRW,IPDMAT,Output_Income,60,0.014067556667025072,1.0,0.5721651401196458,0.7005155980837521,True,17
CHRW,MANEMP,Labor_Market,60,0.01360015106327935,1.0,0.5531545045778851,0.6872081532045196,True,18
CHRW,PERMITMW,Housing,10,0.02345668250747606,0.05,0.9540459904520364,0.6828321933164254,True,19
CHRW,CES2000000008,Labor_Market,50,0.013408946847874742,1.0,0.5453777179412346,0.6817644025588642,True,20
CHRW,HOUSTMW,Housing,10,0.023351707579257815,0.05,0.9497763794645199,0.6798434656251638,True,21
CHRW,CPIMEDSL,Prices,50,0.013271253065565824,1.0,0.539777343681996,0.6778441405773972,True,22
CHRW,DSERRG3M086SBEA,Prices,50,0.013070763242092677,1.0,0.5316228865395579,0.6721360205776905,True,23
CHRW,CES0600000008,Labor_Market,50,0.013070695579560082,1.0,0.5316201345234574,0.6721340941664201,True,24
CHRW,CES3000000008,Labor_Market,50,0.01304268574714085,1.0,0.5304808997529699,0.6713366298270789,True,25
CHRW,USTRADE,Labor_Market,60,0.012715958641277883,1.0,0.5171920348326551,0.6620344243828585,True,26
CHRW,PCEPI,Prices,50,0.012605202333520154,1.0,0.5126872796823965,0.6588810957776775,True,27
CHRW,SRVPRD,Labor_Market,10,0.012575971852229565,1.0,0.5114983978588317,0.6580488785011822,True,28
CHRW,CUSR0000SAS,Prices,60,0.012499461577906972,1.0,0.5083865204472415,0.6558705643130691,True,29
CHRW,CPIAUCSL,Prices,50,0.012353676557703423,1.0,0.5024570539104098,0.6517199377372869,True,30
CHRW,CLF16OV,Labor_Market,10,0.012245851233049549,1.0,0.4980715096791473,0.6486500567754031,True,31
CHRW,CE16OV,Labor_Market,10,0.012147962953248196,1.0,0.494090131629333,0.6458630921405331,True,32
CHRW,CPIULFSL,Prices,60,0.012112597711616031,1.0,0.4926517327010199,0.6448562128907139,True,33
CHRW,W875RX1,Output_Income,10,0.012089130171007875,1.0,0.49169724508258345,0.6441880715578083,True,34
CHRW,CUSR0000SA0L5,Prices,50,0.012073255539896532,1.0,0.49105158139348953,0.6437361069754426,True,35
CHRW,CUUR0000SA0L2,Prices,30,0.012005118544911758,1.0,0.48828026763904214,0.6417961873473295,True,36
CHRW,PAYEMS,Labor_Market,10,0.011696585451773723,1.0,0.4757314018590542,0.633011981301338,True,37
CHRW,USTPU,Labor_Market,10,0.011499175972626,1.0,0.46770223055581966,0.6273915613890737,True,38
CHRW,CUUR0000SAD,Prices,50,0.011406939104411323,1.0,0.4639507105246295,0.6247654973672406,True,39
CHRW,AWHMAN,Labor_Market,60,0.011328130445979778,1.0,0.4607453516864581,0.6225217461805206,True,40
CHRW,CPIAPPSL,Prices,30,0.011177160199879854,1.0,0.45460498814940276,0.6182234917045819,True,41
CHRW,PPIFGS,Prices,10,0.011053818645591854,1.0,0.449588357375333,0.6147118501627331,True,42
CHRW,NDMANEMP,Labor_Market,10,0.01090501095604345,1.0,0.44353595079495495,0.6104751655564684,True,43
CHRW,CUMFNS,Output_Income,60,0.01069095855056302,1.0,0.4348298671818894,0.6043809070273225,True,44
CHRW,USGOVT,Labor_Market,60,0.010584151814360001,1.0,0.43048575166618164,0.6013400261663271,True,45
CHRW,DDURRG3M086SBEA,Prices,60,0.010518293975174089,1.0,0.42780713727153613,0.5994649960900753,True,46
CHRW,CES0600000007,Labor_Market,60,0.010482375839668571,1.0,0.42634625067119825,0.5984423754698387,True,47
CHRW,RPI,Output_Income,50,0.010381668380315266,1.0,0.42225020905175736,0.5955751463362301,True,48
CHRW,IPMAT,Output_Income,60,0.01035322043717303,1.0,0.4210931551468496,0.5947652086027947,True,49
CHRW,USCONS,Labor_Market,10,0.010235004060129305,1.0,0.41628497903377876,0.5913994853236451,True,50
CHRW,CPITRNSL,Prices,60,0.009477217051499932,1.0,0.38546375540298294,0.5698246287820881,True,51
CHRW,PPICMM,Prices,10,0.009238259916149495,1.0,0.37574472984178825,0.5630213108892517,True,52
CHRW,PPIFCG,Prices,50,0.008878913408428746,1.0,0.3611291466379547,0.5527904026465682,True,53
CHRW,IPFUELS,Output_Income,50,0.008651111483989404,1.0,0.35186383332865173,0.5463046833300562,True,54
CHRW,DNDGRG3M086SBEA,Prices,10,0.008342643495171786,1.0,0.3393176155154356,0.5375223308608049,True,55
CHRW,USGOOD,Labor_Market,60,0.007954786391906074,1.0,0.32354243016597034,0.5264797011161793,True,56
CHRW,UEMPMEAN,Labor_Market,50,0.0077558421307166074,1.0,0.3154508351737646,0.5208155846216351,True,57
CHRW,USFIRE,Labor_Market,10,0.007685655241573122,1.0,0.3125961467433652,0.5188173027203556,True,58
CHRW,REALLN,Money_Credit,60,0.016769946238366112,0.05,0.682078548989617,0.4924549842927318,True,59
CHRW,AWOTMAN,Labor_Market,60,0.0065682449639776755,1.0,0.26714808328895046,0.48700365830226533,True,60
CHRW,CMRMTSPL,Consumption_Orders_Inventories,10,0.015896673002106,0.05,0.6465601917215976,0.4675921342051183,True,61
CHRW,CUSR0000SAC,Prices,10,0.005700188774924763,1.0,0.23184191727894224,0.4622893420952595,True,62
CHRW,EXUSUK,Rates_FX,60,0.015517261395314773,0.05,0.6311285072933002,0.4567899551053101,True,63
CHRW,HOUSTS,Housing,10,0.015064535916255313,0.05,0.6127149516707395,0.44390046616951767,True,64
CHRW,DTCTHFNM,Money_Credit,30,0.01495393147073507,0.05,0.6082163731636925,0.44075146121458475,True,65
CHRW,HOUST,Housing,10,0.014907267285883303,0.05,0.6063184160062236,0.4394228912043565,True,66
CHRW,PERMITW,Housing,10,0.01471246618774362,0.05,0.5983953345322519,0.43387673417257633,True,67
CHRW,RSAFS,Consumption_Orders_Inventories,10,0.014562475167041409,0.05,0.5922947987101405,0.4296063590970983,True,68
CHRW,DPCERA3M086SBEA,Consumption_Orders_Inventories,10,0.014538106887259221,0.05,0.5913036756213149,0.4289125729349204,True,69
CHRW,SP500,Stock_Market,50,0.014377655248701781,0.05,0.5847776785039307,0.42434437495275146,True,70
CHRW,NONBORRES,Money_Credit,50,0.014196380073566451,0.05,0.5774047324809272,0.419183312736649,True,71
CHRW,AAA,Rates_FX,60,0.014070962218287405,0.05,0.5723036529944341,0.41561255709610384,True,72
CHRW,EXCAUS,Rates_FX,60,0.013627201195484405,0.05,0.5542547057748448,0.4029782940423914,True,73
CHRW,TOTRESNS,Money_Credit,60,0.013505024252768597,0.05,0.5492854428670763,0.3994998100069534,True,74
CHRW,GS10,Rates_FX,60,0.01340579805280116,0.05,0.5452496480270961,0.39667475361896726,True,75
CHRW,INVEST,Money_Credit,30,0.013207392367192459,0.05,0.5371799583436748,0.3910259708405724,True,76
CHRW,M2SL,Money_Credit,50,0.013016158586582597,0.05,0.5294019692110822,0.38558137844775753,True,77
CHRW,ISRATIO,Consumption_Orders_Inventories,50,0.012915556420727434,0.05,0.5253102101597193,0.38271714711180355,True,78
CHRW,M1SL,Money_Credit,60,0.012865708541097774,0.05,0.5232827636238312,0.3812979345366818,True,79
CHRW,M2REAL,Money_Credit,50,0.012801127776150912,0.05,0.5206560912528237,0.3794592638769766,True,80
CHRW,HOUSTW,Housing,10,0.012682292624433513,0.05,0.5158227479194428,0.37607592354360997,True,81
CHRW,BAA,Rates_FX,60,0.012613999547146156,0.05,0.5130450858804537,0.3741315601163176,True,82
CHRW,NONREVSL,Money_Credit,60,0.012554322926439775,0.05,0.5106178781672359,0.3724325147170651,True,83
CHRW,MZMSL,Money_Credit,50,0.012423804461978096,0.05,0.505309343268495,0.3687165402879465,True,84
CHRW,FEDFUNDS,Rates_FX,60,0.0124047679916409,0.05,0.5045350791247154,0.36817455538730076,True,85
CHRW,TB3MS,Rates_FX,50,0.012113533093572678,0.05,0.49268977718599755,0.35988284403019827,True,86
CHRW,PERMIT,Housing,10,0.011294415149716765,0.05,0.4593740604475381,0.3365618423132767,True,87
CHRW,BUSLOANS,Money_Credit,60,0.011261972384040466,0.05,0.45805452642976796,0.33563816850083755,True,88
CHRW,GS5,Rates_FX,60,0.01092574007788277,0.05,0.44437905960073304,0.3260653417205131,True,89
CHRW,PERMITS,Housing,10,0.010592477490851375,0.05,0.43082437918829025,0.3165770654318032,True,90
CHRW,HOUSTNE,Housing,60,0.010548924735174495,0.05,0.4290529721739599,0.3153370805217719,True,91
CHRW,ACOGNO,Consumption_Orders_Inventories,60,0.010103901521935682,0.05,0.41095268829480297,0.3026668818063621,True,92
CHRW,CPF3M,Rates_FX,60,0.009304070726007729,0.05,0.37842143142794127,0.27989500199955886,True,93
CHRW,UMCSENT,Consumption_Orders_Inventories,60,0.009171348188827944,0.05,0.373023250999032,0.2761162756993224,True,94
CHRW,BUSINV,Consumption_Orders_Inventories,50,0.007609108211624087,0.05,0.3094827743821793,0.23163794206752553,True,95
CHRW,DTCOLNVHFNM,Money_Credit,60,0.006735507905924876,0.05,0.27395111432563174,0.20676578002794221,True,96
CHRW,GS1,Rates_FX,60,0.006382489336868067,0.05,0.2595929053053911,0.19671503371377375,True,97
CHRW,TB6MS,Rates_FX,10,0.006039435531758677,0.05,0.24563998987629684,0.1869479929134078,True,98
CHRW,AMBSL,Money_Credit,50,0.005127723294106074,0.05,0.20855821565262755,0.1609907509568393,True,99
CHRW,PERMITNE,Housing,30,0.004882975916746067,0.05,0.19860368546833804,0.15402257982783663,True,100
CHRW,EXSZUS,Rates_FX,50,0.004857694437802191,0.05,0.1975754201281129,0.153302794089679,True,101
CHRW,EXJPUS,Rates_FX,50,0.004847054011954585,0.05,0.19714264556106254,0.1529998518927438,True,102
CHRW,AMDMUO,Consumption_Orders_Inventories,60,0.0027508078536443714,0.05,0.11188270986048189,0.09331789690233731,True,103
CINF,DTCTHFNM,Money_Credit,60,0.02136712875282205,1.0,0.7514246797468541,0.8259972758227978,True,1
CINF,GS10,Rates_FX,10,0.021314339587843043,1.0,0.7495682262267145,0.8246977583587001,True,2
CINF,FEDFUNDS,Rates_FX,60,0.020840460721881733,1.0,0.7329031759425602,0.8130322231597922,True,3
CINF,GS5,Rates_FX,10,0.019811713758171985,1.0,0.6967249010471066,0.7877074307329746,True,4
CINF,AAA,Rates_FX,10,0.017231960290235177,1.0,0.6060018822505718,0.7242013175754003,True,5
CINF,HOUSTNE,Housing,30,0.028435489715376898,0.05,1.0,0.715,True,6
CINF,HOUSTMW,Housing,10,0.026825006158869964,0.05,0.9433636074979908,0.6753545252485935,True,7
CINF,MZMSL,Money_Credit,10,0.0149217547257641,1.0,0.5247581411511597,0.6673306988058118,True,8
CINF,INVEST,Money_Credit,10,0.014765172917264936,1.0,0.5192515783992444,0.6634761048794711,True,9
CINF,TB3MS,Rates_FX,60,0.014764259103135858,1.0,0.5192194420042596,0.6634536094029817,True,10
CINF,M2SL,Money_Credit,10,0.013975492877986127,1.0,0.491480646821028,0.6440364527747195,True,11
CINF,EXUSUK,Rates_FX,10,0.0138676269993785,1.0,0.48768729282265116,0.6413811049758558,True,12
CINF,M2REAL,Money_Credit,10,0.01382183522713391,1.0,0.48607691886029153,0.640253843202204,True,13
CINF,M1SL,Money_Credit,10,0.013751192483819235,1.0,0.4835926028164404,0.6385148219715082,True,14
CINF,GS1,Rates_FX,60,0.013275568598635623,1.0,0.46686618488081355,0.6268063294165694,True,15
CINF,TOTRESNS,Money_Credit,60,0.012671761330134734,1.0,0.4456319007329175,0.6119423305130423,True,16
CINF,NDMANEMP,Labor_Market,60,0.024196566668512328,0.05,0.8509284317135459,0.6106499021994821,True,17
CINF,EXCAUS,Rates_FX,60,0.012563852266890415,1.0,0.44183702804655167,0.6092859196325862,True,18
CINF,PERMITNE,Housing,30,0.0238943921231716,0.05,0.8403017624222721,0.6032112336955904,True,19
CINF,NONREVSL,Money_Credit,10,0.012153473012101837,1.0,0.42740508898391405,0.5991835622887398,True,20
CINF,NONBORRES,Money_Credit,60,0.011577691706360109,1.0,0.40715640287001303,0.585009482009009,True,21
CINF,CPF3M,Rates_FX,60,0.011384114749203785,1.0,0.40034881984281995,0.580244173889974,True,22
CINF,TB6MS,Rates_FX,60,0.011323595780780545,1.0,0.3982205298422256,0.578754370889558,True,23
CINF,RSAFS,Consumption_Orders_Inventories,30,0.022639510339303136,0.05,0.7961709316741782,0.5723196521719247,True,24
CINF,BAA,Rates_FX,10,0.010859436625691964,1.0,0.3818972957522011,0.5673281070265408,True,25
CINF,MANEMP,Labor_Market,60,0.020895892839639094,0.05,0.7348525750319447,0.5293968025223612,True,26
CINF,CLF16OV,Labor_Market,30,0.020848454880468707,0.05,0.7331843090852277,0.5282290163596594,True,27
CINF,IPNMAT,Output_Income,60,0.020815181682565843,0.05,0.7320141798475774,0.5274099258933042,True,28
CINF,CMRMTSPL,Consumption_Orders_Inventories,10,0.020527949479861668,0.05,0.7219129927191261,0.5203390949033883,True,29
CINF,PPIFGS,Prices,60,0.020435185697763522,0.05,0.7186507389993323,0.5180555172995326,True,30
CINF,IPDCONGD,Output_Income,10,0.020426962680937192,0.05,0.7183615575254545,0.5178530902678181,True,31
CINF,CES0600000007,Labor_Market,30,0.019694840152014434,0.05,0.6926147694007945,0.4998303385805561,True,32
CINF,IPB51222S,Output_Income,30,0.01954521616739044,0.05,0.6873528946758769,0.4961470262731138,True,33
CINF,DTCOLNVHFNM,Money_Credit,10,0.00791614792907473,1.0,0.2783897168049812,0.4948728017634868,True,34
CINF,SRVPRD,Labor_Market,30,0.01945254309000097,0.05,0.6840938307977067,0.49386568155839466,True,35
CINF,DMANEMP,Labor_Market,60,0.01943759384639765,0.05,0.6835681059463693,0.4934976741624585,True,36
CINF,DPCERA3M086SBEA,Consumption_Orders_Inventories,10,0.019380948687723158,0.05,0.681576047457436,0.4921032332202052,True,37
CINF,REALLN,Money_Credit,10,0.00748428114900662,1.0,0.2632021190392718,0.4842414833274903,True,38
CINF,PERMITMW,Housing,30,0.01883311537321102,0.05,0.6623102173277059,0.4786171521293941,True,39
CINF,AMBSL,Money_Credit,60,0.007095798838229439,1.0,0.24954023683975046,0.4746781657878253,True,40
CINF,EXSZUS,Rates_FX,30,0.007092511513580786,1.0,0.24942463043797725,0.47459724130658404,True,41
CINF,DNDGRG3M086SBEA,Prices,30,0.018202129990752824,0.05,0.6401201517169498,0.46308410620186485,True,42
CINF,CUSR0000SAC,Prices,30,0.01804179930421655,0.05,0.6344817509670033,0.4591372256769023,True,43
CINF,USGOVT,Labor_Market,60,0.017984574474021364,0.05,0.6324693069835174,0.45772851488846217,True,44
CINF,BUSLOANS,Money_Credit,60,0.006275505151109182,1.0,0.22069270527511306,0.45448489369257916,True,45
CINF,HOUST,Housing,30,0.017778350140557286,0.05,0.6252169496115056,0.4526518647280539,True,46
CINF,HOUSTS,Housing,10,0.017212139171478288,0.05,0.605304826600914,0.4387133786206398,True,47
CINF,AWHMAN,Labor_Market,10,0.016984315595866648,0.05,0.5972928817428502,0.43310501721999517,True,48
CINF,USGOOD,Labor_Market,60,0.016924473694384365,0.05,0.5951884023728353,0.4316318816609847,True,49
CINF,HOUSTW,Housing,30,0.01655945926890371,0.05,0.5823518228331741,0.42264627598322185,True,50
CINF,PERMIT,Housing,30,0.016122377540739804,0.05,0.5669808293127935,0.41188658051895544,True,51
CINF,IPMAT,Output_Income,10,0.016118455508728993,0.05,0.566842901953354,0.41179003136734776,True,52
CINF,ANDENO,Consumption_Orders_Inventories,60,0.016074782866246175,0.05,0.5653070521079686,0.410714936475578,True,53
CINF,PPICRM,Prices,10,0.016014506943165092,0.05,0.5631873093609856,0.4092311165526899,True,54
CINF,UNRATE,Labor_Market,60,0.015787273577486518,0.05,0.5551961206052071,0.40363728442364494,True,55
CINF,PPICMM,Prices,60,0.015726091349041287,0.05,0.5530445055263873,0.4021311538684711,True,56
CINF,UMCSENT,Consumption_Orders_Inventories,10,0.015566070544267577,0.05,0.5474170024879157,0.39819190174154095,True,57
CINF,CPITRNSL,Prices,30,0.015318285187822514,0.05,0.5387030552717694,0.39209213869023857,True,58
CINF,EXJPUS,Rates_FX,30,0.0036214595250137808,1.0,0.12735703029075757,0.3891499212035303,True,59
CINF,UEMPMEAN,Labor_Market,10,0.014975544791139337,0.05,0.5266497936570123,0.3836548555599086,True,60
CINF,IPFPNSS,Output_Income,60,0.01488124922095043,0.05,0.5233336710534365,0.38133356973740556,True,61
CINF,PAYEMS,Labor_Market,30,0.01484299655193256,0.05,0.5219884271557312,0.3803918990090119,True,62
CINF,DDURRG3M086SBEA,Prices,10,0.014661853080103452,0.05,0.5156180965005447,0.3759326675503813,True,63
CINF,IPMANSICS,Output_Income,60,0.014524696956033388,0.05,0.5107946830322725,0.37255627812259073,True,64
CINF,DSERRG3M086SBEA,Prices,10,0.014511452753946549,0.05,0.5103289199235866,0.37223024394651066,True,65
CINF,MCOILWTICO,Prices,60,0.014415989287518714,0.05,0.5069717255378606,0.36988020787650244,True,66
CINF,CPIMEDSL,Prices,10,0.014342737886808385,0.05,0.5043956700015032,0.36807696900105225,True,67
CINF,CUSR0000SAS,Prices,10,0.014232941681358375,0.05,0.5005344315790597,0.3653741021053418,True,68
CINF,CES2000000008,Labor_Market,10,0.014138455372805737,0.05,0.49721160121818353,0.3630481208527285,True,69
CINF,PPIFCG,Prices,60,0.014014728808493734,0.05,0.492860469391356,0.3600023285739492,True,70
CINF,CPIAPPSL,Prices,10,0.013993591197577924,0.05,0.4921171162391021,0.3594819813673715,True,71
CINF,CES0600000008,Labor_Market,10,0.013801906625008123,0.05,0.48537608330847715,0.35476325831593397,True,72
CINF,CPIAUCSL,Prices,10,0.013774900121294323,0.05,0.4844263369181699,0.35409843584271894,True,73
CINF,CE16OV,Labor_Market,30,0.013766658014609402,0.05,0.4841364841051035,0.35389553887357245,True,74
CINF,CES3000000008,Labor_Market,10,0.01368706673010972,0.05,0.4813374718392222,0.3519362302874555,True,75
CINF,CUSR0000SA0L5,Prices,10,0.013662300148584484,0.05,0.48046649751195947,0.3513265482583716,True,76
CINF,PCEPI,Prices,10,0.01365745686280033,0.05,0.48029617212517584,0.3512073204876231,True,77
CINF,USTPU,Labor_Market,30,0.013128901127403808,0.05,0.4617082828119597,0.3381957979683718,True,78
CINF,CPIULFSL,Prices,10,0.012929138766758734,0.05,0.45468317571359135,0.33327822299951393,True,79
CINF,IPBUSEQ,Output_Income,60,0.0128521248179683,0.05,0.4519748014404102,0.3313823610082871,True,80
CINF,PERMITW,Housing,30,0.012845269905193761,0.05,0.45173373252114235,0.33121361276479966,True,81
CINF,IPFUELS,Output_Income,30,0.012696787269556873,0.05,0.4465119959826436,0.3275583971878505,True,82
CINF,INDPRO,Output_Income,60,0.012601628958126042,0.05,0.4431655330807097,0.3252158731564968,True,83
CINF,ACOGNO,Consumption_Orders_Inventories,30,0.012529234137485872,0.05,0.4406196011708041,0.3234337208195629,True,84
CINF,PERMITS,Housing,10,0.0117342272220211,0.05,0.4126613376268195,0.30386293633877365,True,85
CINF,IPFINAL,Output_Income,60,0.011568411274987953,0.05,0.4068300349591718,0.29978102447142024,True,86
CINF,W875RX1,Output_Income,10,0.01141532036797443,0.05,0.4014462378610428,0.29601236650272994,True,87
CINF,IPNCONGD,Output_Income,30,0.011409784046148078,0.05,0.4012515402531673,0.2958760781772171,True,88
CINF,CUUR0000SA0L2,Prices,30,0.011163934458452448,0.05,0.3926056688383809,0.2898239681868666,True,89
CINF,USTRADE,Labor_Market,60,0.010709604956094609,0.05,0.3766281173031192,0.27863968211218343,True,90
CINF,RPI,Output_Income,50,0.010680734384950505,0.05,0.37561281665477153,0.2779289716583401,True,91
CINF,CUMFNS,Output_Income,60,0.010639486344514308,0.05,0.37416223356831635,0.2769135634978214,True,92
CINF,USCONS,Labor_Market,60,0.010079490025070146,0.05,0.35446866313751285,0.263128064196259,True,93
CINF,BUSINV,Consumption_Orders_Inventories,10,0.009178779324553481,0.05,0.32279308063366763,0.2409551564435673,True,94
CINF,AWOTMAN,Labor_Market,30,0.00826317326160789,0.05,0.290593668135051,0.21841556769453568,True,95
CINF,IPDMAT,Output_Income,30,0.008086678527656037,0.05,0.2843868211379194,0.21407077479654357,True,96
CINF,IPCONGD,Output_Income,60,0.00707306986808934,0.05,0.24874091984652816,0.18911864389256972,True,97
CINF,ISRATIO,Consumption_Orders_Inventories,50,0.005259078829179522,0.05,0.18494771434640003,0.14446340004248004,True,98
CINF,PPIITM,Prices,10,0.005109855997421178,0.05,0.17969994709315487,0.1407899629652084,True,99
CINF,AMDMUO,Consumption_Orders_Inventories,50,0.005048425473977472,0.05,0.17753960014437395,0.13927772010106176,True,100
CINF,CUUR0000SAD,Prices,50,0.005022391830976669,0.05,0.1766240666592332,0.13863684666146323,True,101
CINF,SP500,Stock_Market,30,0.004852739182621827,0.05,0.17065783748389743,0.1344604862387282,True,102
CINF,USFIRE,Labor_Market,60,0.004758576157536741,0.05,0.16734637613655984,0.13214246329559187,True,103
COO,PPIITM,Prices,60,0.03345843000640415,1.0,1.0,1.0,True,1
COO,IPMANSICS,Output_Income,60,0.022692882446270726,1.0,0.6782411022252738,0.7747687715576916,True,2
COO,IPCONGD,Output_Income,10,0.021752389996554725,1.0,0.6501318200642164,0.7550922740449515,True,3
COO,PPIFGS,Prices,10,0.021678165162786728,1.0,0.647913400558167,0.7535393803907169,True,4
COO,PPIFCG,Prices,50,0.021555355371463667,1.0,0.6442428819086202,0.7509700173360341,True,5
COO,MCOILWTICO,Prices,50,0.01949592393796675,1.0,0.5826909372088024,0.7078836560461617,True,6
COO,PPICMM,Prices,10,0.01928312862893196,1.0,0.5763309463486794,0.7034316624440755,True,7
COO,CPITRNSL,Prices,60,0.019260527574151694,1.0,0.5756554497764871,0.702958814843541,True,8
COO,EXSZUS,Rates_FX,60,0.032741009617245374,0.05,0.9785578585420338,0.6999905009794236,True,9
COO,PPICRM,Prices,30,0.01776154669999186,1.0,0.5308541583269804,0.6715979108288862,True,10
COO,IPFPNSS,Output_Income,10,0.017299462196010813,1.0,0.5170434534047051,0.6619304173832936,True,11
COO,CUUR0000SAD,Prices,60,0.017004121326363916,1.0,0.5082163545363372,0.6557514481754361,True,12
COO,IPFINAL,Output_Income,60,0.016891726038577293,1.0,0.5048571028390786,0.653399971987355,True,13
COO,USGOVT,Labor_Market,30,0.01680153077278811,1.0,0.5021613617127938,0.6515129531989556,True,14
COO,ANDENO,Consumption_Orders_Inventories,50,0.0297610147155378,0.05,0.8894922657710286,0.63764458603972,True,15
COO,CUSR0000SAC,Prices,60,0.015863992665904013,1.0,0.47414037845970497,0.6318982649217935,True,16
COO,IPFUELS,Output_Income,30,0.015361781958616252,1.0,0.45913038823626545,0.6213912717653858,True,17
COO,DNDGRG3M086SBEA,Prices,60,0.015114800834388232,1.0,0.4517486574084667,0.6162240601859267,True,18
COO,CES0600000007,Labor_Market,60,0.014416179050224048,1.0,0.430868365534925,0.6016078558744475,True,19
COO,CUMFNS,Output_Income,60,0.01436391996298892,1.0,0.4293064546136677,0.6005145182295674,True,20
COO,IPB51222S,Output_Income,50,0.013709859995930154,1.0,0.40975801892993785,0.5868306132509564,True,21
COO,IPBUSEQ,Output_Income,60,0.012858603258768614,1.0,0.3843157989274272,0.569021059249199,True,22
COO,AWOTMAN,Labor_Market,60,0.012627398141920343,1.0,0.3774055787884662,0.5641839051519263,True,23
COO,HOUSTNE,Housing,50,0.025914696165682396,0.05,0.7745341356639317,0.5571738949647521,True,24
COO,UEMPMEAN,Labor_Market,60,0.01204214438854791,1.0,0.3599136117935889,0.5519395282555122,True,25
COO,IPDMAT,Output_Income,60,0.01199776127040554,1.0,0.35858709652871024,0.5510109675700972,True,26
COO,DTCTHFNM,Money_Credit,10,0.025248028206512407,0.05,0.7546088744056364,0.5432262120839455,True,27
COO,CPIAPPSL,Prices,10,0.011446384398854752,1.0,0.3421076361521997,0.5394753453065397,True,28
COO,INDPRO,Output_Income,60,0.010775057182952977,1.0,0.32204311980241046,0.5254301838616873,True,29
COO,IPNMAT,Output_Income,10,0.010719102940496158,1.0,0.3203707686954963,0.5242595380868473,True,30
COO,IPMAT,Output_Income,60,0.010068431846513412,1.0,0.300923619087514,0.5106465333612598,True,31
COO,CUUR0000SA0L2,Prices,60,0.010040861369151324,1.0,0.3000995972384072,0.510069718066885,True,32
COO,TB3MS,Rates_FX,50,0.023365744323727247,0.05,0.6983514862847688,0.5038460403993381,True,33
COO,TB6MS,Rates_FX,60,0.023233346616805754,0.05,0.6943944056059638,0.5010760839241746,True,34
COO,AWHMAN,Labor_Market,60,0.009424595821603123,1.0,0.28168075488895317,0.4971765284222672,True,35
COO,NDMANEMP,Labor_Market,60,0.008821928646382477,1.0,0.26366833843351,0.48456783690345695,True,36
COO,IPDCONGD,Output_Income,10,0.008001017392285748,1.0,0.23913307918973795,0.46739315543281656,True,37
COO,CPIULFSL,Prices,60,0.007957854062167504,1.0,0.23784302074676908,0.46649011452273836,True,38
COO,CPIAUCSL,Prices,60,0.007951013940255339,1.0,0.2376385843189135,0.46634700902323944,True,39
COO,CUSR0000SA0L5,Prices,60,0.007602308076128806,1.0,0.22721652135720882,0.4590515649500462,True,40
COO,IPNCONGD,Output_Income,50,0.007506798499772183,1.0,0.22436194699916687,0.4570533628994168,True,41
COO,PCEPI,Prices,60,0.006909869472028133,1.0,0.2065210313426404,0.4445647219398483,True,42
COO,CPF3M,Rates_FX,60,0.020345722342424228,0.05,0.6080895708056214,0.440662699563935,True,43
COO,FEDFUNDS,Rates_FX,30,0.020334918213377216,0.05,0.6077666587907736,0.4404366611535415,True,44
COO,TOTRESNS,Money_Credit,60,0.019905297774445416,0.05,0.5949262344537809,0.43144836411764664,True,45
COO,NONBORRES,Money_Credit,60,0.019777756671909383,0.05,0.5911143071603717,0.4287800150122602,True,46
COO,DSERRG3M086SBEA,Prices,60,0.005652432571163491,1.0,0.1689389660567331,0.41825727623971315,True,47
COO,DMANEMP,Labor_Market,10,0.00539745804192625,1.0,0.16131832966738555,0.41292283076716985,True,48
COO,CES3000000008,Labor_Market,60,0.005238112430174885,1.0,0.15655583448393356,0.4095890841387535,True,49
COO,CES0600000008,Labor_Market,60,0.004997774460238008,1.0,0.1493726531484413,0.4045608572039089,True,50
COO,USTRADE,Labor_Market,50,0.004933287635423739,1.0,0.14744528163692908,0.40321169714585037,True,51
COO,CUSR0000SAS,Prices,60,0.00485367932901631,1.0,0.14506596179459963,0.4015461732562197,True,52
COO,RPI,Output_Income,60,0.004788224386419073,1.0,0.1431096553395535,0.40017675873768743,True,53
COO,ACOGNO,Consumption_Orders_Inventories,60,0.018382897573715744,0.05,0.5494249900607154,0.3995974930425008,True,54
COO,EXUSUK,Rates_FX,30,0.01825400584468508,0.05,0.5455726954669167,0.39690088682684166,True,55
COO,CPIMEDSL,Prices,60,0.004626704968414581,1.0,0.1382821897957854,0.3967975328570498,True,56
COO,CES2000000008,Labor_Market,60,0.004549857244188482,1.0,0.1359853777752755,0.3951897644426928,True,57
COO,UNRATE,Labor_Market,50,0.004309854185956813,1.0,0.1288122062252138,0.39016854435764964,True,58
COO,DTCOLNVHFNM,Money_Credit,50,0.01784737577668495,0.05,0.5334194035186006,0.3883935824630204,True,59
COO,DDURRG3M086SBEA,Prices,10,0.004045991713500466,1.0,0.12092592846484541,0.38464814992539176,True,60
COO,USTPU,Labor_Market,50,0.003980421873329451,1.0,0.11896618797019386,0.38327633157913565,True,61
COO,PERMITNE,Housing,50,0.017313218317117737,0.05,0.5174545940680384,0.3772182158476269,True,62
COO,W875RX1,Output_Income,60,0.0034338246982832527,1.0,0.1026295823691069,0.3718407076583748,True,63
COO,SRVPRD,Labor_Market,30,0.003387334941655007,1.0,0.101240104242986,0.37086807297009017,True,64
COO,CLF16OV,Labor_Market,10,0.003383927157619876,1.0,0.10113825295963293,0.370796777071743,True,65
COO,ISRATIO,Consumption_Orders_Inventories,60,0.016981469361626016,0.05,0.5075393363757851,0.37027753546304953,True,66
COO,CE16OV,Labor_Market,30,0.0033196348511709078,1.0,0.09921669518072154,0.36945168662650507,True,67
COO,USGOOD,Labor_Market,10,0.0030693349790698265,1.0,0.09173577416759653,0.3642150419173176,True,68
COO,PAYEMS,Labor_Market,30,0.0027636940330691743,1.0,0.08260082832757502,0.3578205798293025,True,69
COO,USCONS,Labor_Market,60,0.002723739086887856,1.0,0.08140666153093601,0.3569846630716552,True,70
COO,EXCAUS,Rates_FX,60,0.016039362825663914,0.05,0.47938181267303576,0.35056726887112505,True,71
COO,EXJPUS,Rates_FX,10,0.016033119418082317,0.05,0.4791952107440032,0.3504366475208022,True,72
COO,HOUSTMW,Housing,10,0.015804640796160837,0.05,0.4723664796326585,0.3456565357428609,True,73
COO,AMBSL,Money_Credit,60,0.01577749079820034,0.05,0.47155502500208263,0.34508851750145786,True,74
COO,USFIRE,Labor_Market,50,0.0020868247975912285,1.0,0.06237067301698846,0.3436594711118919,True,75
COO,AMDMUO,Consumption_Orders_Inventories,10,0.015379038922038707,0.05,0.4596461614933834,0.33675231304536835,True,76
COO,MANEMP,Labor_Market,30,0.001552440844189289,1.0,0.04639909415630507,0.3324793659094135,True,77
COO,GS1,Rates_FX,60,0.014948895998974292,0.05,0.4467901212373976,0.3277530848661783,True,78
COO,BAA,Rates_FX,60,0.012820917173969024,0.05,0.38318944348300327,0.2832326104381023,True,79
COO,PERMITW,Housing,50,0.01233975555288261,0.05,0.36880856485258584,0.2731659953968101,True,80
COO,PERMIT,Housing,50,0.011813238964916246,0.05,0.353072124503604,0.26215048715252276,True,81
COO,AAA,Rates_FX,60,0.011468148561211134,0.05,0.3427581198225995,0.25493068387581963,True,82
COO,PERMITMW,Housing,30,0.011450937402600203,0.05,0.34224371557208216,0.2545706009004575,True,83
COO,REALLN,Money_Credit,50,0.010538258766804275,0.05,0.3149657280627688,0.2354760096439381,True,84
COO,GS10,Rates_FX,60,0.0101288045681694,0.05,0.30272802896701023,0.22690962027690714,True,85
COO,GS5,Rates_FX,60,0.009196722574104102,0.05,0.27487011710781983,0.20740908197547386,True,86
COO,PERMITS,Housing,10,0.009159561728762023,0.05,0.27375945993308193,0.20663162195315732,True,87
COO,HOUSTS,Housing,10,0.008543592503053315,0.05,0.2553494740015601,0.19374463180109208,True,88
COO,HOUST,Housing,10,0.00791689984952253,0.05,0.23661898804000028,0.18063329162800018,True,89
COO,BUSINV,Consumption_Orders_Inventories,60,0.007140359058665276,0.05,0.21340986583347057,0.16438690608342937,True,90
COO,CMRMTSPL,Consumption_Orders_Inventories,60,0.006943676138935218,0.05,0.20753143938930055,0.16027200757251037,True,91
COO,RSAFS,Consumption_Orders_Inventories,60,0.006828260597260792,0.05,0.2040819188453798,0.15785734319176586,True,92
COO,HOUSTW,Housing,50,0.005983757136560798,0.05,0.17884153964831792,0.14018907775382256,True,93
COO,DPCERA3M086SBEA,Consumption_Orders_Inventories,60,0.005599144248877568,0.05,0.16734629352919,0.132142405470433,True,94
COO,NONREVSL,Money_Credit,60,0.005439797522687964,0.05,0.162583765037593,0.1288086355263151,True,95
COO,SP500,Stock_Market,30,0.004830201700062848,0.05,0.14436426631908064,0.11605498642335645,True,96
COO,M2SL,Money_Credit,60,0.004705345389877594,0.05,0.14063258165362097,0.11344280715753467,True,97
COO,UMCSENT,Consumption_Orders_Inventories,30,0.004491540681989001,0.05,0.1342424220481742,0.10896969543372192,True,98
COO,M1SL,Money_Credit,60,0.0043973755914264515,0.05,0.1314280314582832,0.10699962202079823,True,99
COO,MZMSL,Money_Credit,60,0.004263492891908465,0.05,0.1274265675673487,0.10419859729714408,True,100
COO,M2REAL,Money_Credit,60,0.004041290553156518,0.05,0.12078542096514959,0.09954979467560471,True,101
COO,INVEST,Money_Credit,60,0.0032759958567902267,0.05,0.09791242016326471,0.08353869411428529,True,102
COO,BUSLOANS,Money_Credit,10,0.0030323340887757873,0.05,0.09062989770277266,0.07844092839194086,True,103
CPB,ANDENO,Consumption_Orders_Inventories,60,0.021418706864560547,1.0,0.9040020728784851,0.9328014510149396,True,1
CPB,PPICMM,Prices,10,0.01740480911381802,1.0,0.7345907302638953,0.8142135111847266,True,2
CPB,CUUR0000SA0L2,Prices,50,0.016257142895430118,1.0,0.6861521085041515,0.780306475952906,True,3
CPB,ISRATIO,Consumption_Orders_Inventories,50,0.01570034851111617,1.0,0.6626519373327657,0.7638563561329359,True,4
CPB,CES0600000007,Labor_Market,50,0.015166913413917134,1.0,0.6401376727385778,0.7480963709170044,True,5
CPB,AWHMAN,Labor_Market,60,0.014909254378450339,1.0,0.629262865793848,0.7404840060556936,True,6
CPB,CPITRNSL,Prices,50,0.014486401471664852,1.0,0.6114158544558639,0.7279910981191047,True,7
CPB,AWOTMAN,Labor_Market,50,0.014433344316969887,1.0,0.6091765139518559,0.7264235597662991,True,8
CPB,UMCSENT,Consumption_Orders_Inventories,60,0.014092861878790811,1.0,0.5948060464983848,0.7163642325488693,True,9
CPB,IPCONGD,Output_Income,60,0.02369320547723968,0.05,1.0,0.715,True,10
CPB,DPCERA3M086SBEA,Consumption_Orders_Inventories,60,0.01229354528205261,1.0,0.5188637431884054,0.6632046202318838,True,11
CPB,MCOILWTICO,Prices,60,0.01201527072864001,1.0,0.5071188337172104,0.6549831836020472,True,12
CPB,SRVPRD,Labor_Market,60,0.011810901982013811,1.0,0.4984932069812029,0.648945244886842,True,13
CPB,CE16OV,Labor_Market,60,0.011783150436320361,1.0,0.49732191989131935,0.6481253439239235,True,14
CPB,UEMPMEAN,Labor_Market,60,0.011544885388972706,1.0,0.48726565934959826,0.6410859615447188,True,15
CPB,USTPU,Labor_Market,60,0.011483295286185123,1.0,0.4846661755926728,0.639266322914871,True,16
CPB,RSAFS,Consumption_Orders_Inventories,60,0.011154293191352692,1.0,0.47078024972466476,0.6295461748072653,True,17
CPB,IPNMAT,Output_Income,30,0.020767711949097233,0.05,0.8765260559212744,0.628568239144892,True,18
CPB,CMRMTSPL,Consumption_Orders_Inventories,60,0.01088461529600117,1.0,0.4593981724616038,0.6215787207231227,True,19
CPB,PAYEMS,Labor_Market,60,0.010856657973318364,1.0,0.4582182003084199,0.6207527402158939,True,20
CPB,CPIULFSL,Prices,50,0.010713040271618303,1.0,0.4521566438914115,0.616509650723988,True,21
CPB,CUSR0000SA0L5,Prices,50,0.010549201607769487,1.0,0.44524163764600483,0.6116691463522034,True,22
CPB,USTRADE,Labor_Market,60,0.010440382943616659,1.0,0.44064881611928647,0.6084541712835005,True,23
CPB,IPDCONGD,Output_Income,60,0.019964704460274093,0.05,0.8426341669746931,0.6048439168822851,True,24
CPB,CPIAUCSL,Prices,60,0.01023084821114302,1.0,0.4318051527882559,0.602263606951779,True,25
CPB,MANEMP,Labor_Market,10,0.009856290231724909,1.0,0.4159964864692167,0.5911975405284517,True,26
CPB,PCEPI,Prices,60,0.009829595161075363,1.0,0.4148697891687949,0.5904088524181563,True,27
CPB,CPIAPPSL,Prices,50,0.00964260796915511,1.0,0.4069777716830276,0.5848844401781192,True,28
CPB,PPIITM,Prices,50,0.009496527015182906,1.0,0.4008122507655421,0.5805685755358794,True,29
CPB,UNRATE,Labor_Market,60,0.009313488632795587,1.0,0.3930868974965152,0.5751608282475607,True,30
CPB,USGOOD,Labor_Market,10,0.009051616780042267,1.0,0.3820342835728787,0.567423998501015,True,31
CPB,DSERRG3M086SBEA,Prices,60,0.00892344766496776,1.0,0.3766247531825046,0.5636373272277532,True,32
CPB,ACOGNO,Consumption_Orders_Inventories,60,0.008858510341186425,1.0,0.37388399597074967,0.5617187971795248,True,33
CPB,CES2000000008,Labor_Market,60,0.008327119440168066,1.0,0.3514560091148206,0.5460192063803744,True,34
CPB,CES0600000008,Labor_Market,60,0.008315227734979282,1.0,0.3509541055121102,0.5456678738584771,True,35
CPB,CUSR0000SAS,Prices,60,0.008305190592288365,1.0,0.3505304759318679,0.5453713331523076,True,36
CPB,HOUSTW,Housing,60,0.017929098761710022,0.05,0.756719000260779,0.5447033001825453,True,37
CPB,NDMANEMP,Labor_Market,60,0.008273648486208967,1.0,0.34919920371926255,0.5444394426034838,True,38
CPB,CES3000000008,Labor_Market,60,0.008107283366489826,1.0,0.34217756539012406,0.5395242957730868,True,39
CPB,DMANEMP,Labor_Market,10,0.00809554716821123,1.0,0.34168222514205715,0.53917755759944,True,40
CPB,PPIFCG,Prices,10,0.007995428481309023,1.0,0.3374565965331134,0.5362196175731794,True,41
CPB,CUSR0000SAC,Prices,50,0.007849534989407991,1.0,0.33129898767595894,0.5319092913731712,True,42
CPB,DNDGRG3M086SBEA,Prices,50,0.007815532729411007,1.0,0.3298638817326265,0.5309047172128385,True,43
CPB,CPIMEDSL,Prices,60,0.007721460530746608,1.0,0.3258934523724132,0.5281254166606892,True,44
CPB,PPIFGS,Prices,10,0.007717402986474506,1.0,0.3257221988763001,0.52800553921341,True,45
CPB,BUSINV,Consumption_Orders_Inventories,60,0.007514411273330581,1.0,0.31715469148102915,0.5220082840367204,True,46
CPB,CUUR0000SAD,Prices,50,0.007201228456178035,1.0,0.30393643709778845,0.5127555059684519,True,47
CPB,USCONS,Labor_Market,10,0.007102606407826058,1.0,0.2997739759041473,0.5098417831329031,True,48
CPB,CLF16OV,Labor_Market,60,0.0066458608554959275,1.0,0.280496485031547,0.4963475395220829,True,49
CPB,PPICRM,Prices,10,0.005798287947061381,1.0,0.24472365938966636,0.4713065615727664,True,50
CPB,EXSZUS,Rates_FX,50,0.015367213709898655,0.05,0.6485915856620079,0.46901410996340553,True,51
CPB,USFIRE,Labor_Market,10,0.005386771600852776,1.0,0.2273551211138337,0.45914858477968357,True,52
CPB,SP500,Stock_Market,30,0.015010879995858942,0.05,0.6335520962023813,0.45848646734166687,True,53
CPB,USGOVT,Labor_Market,60,0.0049682187586142165,1.0,0.20968959912945587,0.4467827193906191,True,54
CPB,DDURRG3M086SBEA,Prices,10,0.004868817077794857,1.0,0.20549423261753125,0.44384596283227185,True,55
CPB,PERMITNE,Housing,10,0.012947883578366494,0.05,0.5464808715226217,0.3975366100658352,True,56
CPB,AMDMUO,Consumption_Orders_Inventories,60,0.0032782112258126256,1.0,0.13836081525405086,0.3968525706778356,True,57
CPB,HOUSTNE,Housing,60,0.012425730313578453,0.05,0.5244427701230607,0.3821099390861425,True,58
CPB,PERMITW,Housing,60,0.012093702999386068,0.05,0.5104291612632829,0.372300412884298,True,59
CPB,HOUSTMW,Housing,10,0.0118443827353708,0.05,0.49990630211470655,0.3649344114802946,True,60
CPB,TOTRESNS,Money_Credit,60,0.011502704382484066,0.05,0.48548535965443207,0.35483975175810245,True,61
CPB,PERMITMW,Housing,30,0.011473034911145236,0.05,0.4842331242248558,0.3539631869573991,True,62
CPB,DTCTHFNM,Money_Credit,10,0.011306990883904274,0.05,0.4772250379867793,0.3490575265907455,True,63
CPB,NONBORRES,Money_Credit,60,0.011037500973256,0.05,0.4658508948423596,0.3410956263896517,True,64
CPB,EXCAUS,Rates_FX,10,0.01093890157794835,0.05,0.46168938974747625,0.3381825728232334,True,65
CPB,BAA,Rates_FX,30,0.010897815968041116,0.05,0.45995532257169025,0.33696872580018317,True,66
CPB,AMBSL,Money_Credit,60,0.009976470825807158,0.05,0.4210688518018729,0.30974819626131106,True,67
CPB,IPBUSEQ,Output_Income,30,0.0099734503743246,0.05,0.4209413700440559,0.3096589590308391,True,68
CPB,CUMFNS,Output_Income,60,0.00996513805253503,0.05,0.42059053858743617,0.3094133770112053,True,69
CPB,IPB51222S,Output_Income,50,0.009840670583730138,0.05,0.4153372405934413,0.3057360684154089,True,70
CPB,GS10,Rates_FX,10,0.009683774146713797,0.05,0.40871523931264964,0.3011006675188547,True,71
CPB,NONREVSL,Money_Credit,30,0.009038942682537469,0.05,0.3814993581691813,0.2820495507184269,True,72
CPB,GS1,Rates_FX,30,0.00863518285409584,0.05,0.36445819297819476,0.27012073508473633,True,73
CPB,IPMAT,Output_Income,60,0.008563593259532777,0.05,0.3614366687428255,0.26800566811997784,True,74
CPB,HOUST,Housing,60,0.008254194205172516,0.05,0.3483781125817574,0.25886467880723013,True,75
CPB,M1SL,Money_Credit,60,0.008125793618796933,0.05,0.34295881266900696,0.25507116886830483,True,76
CPB,M2SL,Money_Credit,60,0.008020107526020679,0.05,0.3384982050539766,0.2519487435377836,True,77
CPB,IPMANSICS,Output_Income,60,0.008016153669897426,0.05,0.33833132783987185,0.2518319294879103,True,78
CPB,GS5,Rates_FX,10,0.007945789820792297,0.05,0.3353615376537055,0.24975307635759386,True,79
CPB,M2REAL,Money_Credit,60,0.00754641062630826,0.05,0.318505262344411,0.2379536836410877,True,80
CPB,IPFUELS,Output_Income,60,0.007517223406103945,0.05,0.3172733808992282,0.23709136662945973,True,81
CPB,MZMSL,Money_Credit,60,0.007432781301089147,0.05,0.3137094011289132,0.2345965807902392,True,82
CPB,TB6MS,Rates_FX,60,0.007427500531970722,0.05,0.3134865199690171,0.23444056397831198,True,83
CPB,IPFINAL,Output_Income,30,0.007381483020676241,0.05,0.311544296012082,0.23308100720845737,True,84
CPB,FEDFUNDS,Rates_FX,30,0.0072502901452538735,0.05,0.3060071442092837,0.2292050009464986,True,85
CPB,INVEST,Money_Credit,60,0.007188807394535449,0.05,0.3034121913744937,0.2273885339621456,True,86
CPB,W875RX1,Output_Income,60,0.0065706735447224425,0.05,0.27732311489192146,0.209126180424345,True,87
CPB,RPI,Output_Income,30,0.006425791619323846,0.05,0.2712082004056661,0.2048457402839663,True,88
CPB,DTCOLNVHFNM,Money_Credit,30,0.006331215949404668,0.05,0.26721652144057084,0.2020515650083996,True,89
CPB,PERMIT,Housing,50,0.006159580808598339,0.05,0.2599724555850155,0.19698071890951085,True,90
CPB,TB3MS,Rates_FX,50,0.006091541730496279,0.05,0.2571007851321753,0.1949705495925227,True,91
CPB,IPFPNSS,Output_Income,60,0.005974864220545337,0.05,0.25217627164399303,0.19152339015079511,True,92
CPB,PERMITS,Housing,50,0.00577608303250798,0.05,0.24378647448343949,0.18565053213840765,True,93
CPB,HOUSTS,Housing,50,0.005746578516655603,0.05,0.24254120119693887,0.18477884083785717,True,94
CPB,IPDMAT,Output_Income,60,0.005581437998615853,0.05,0.23557124864246545,0.1798998740497258,True,95
CPB,EXUSUK,Rates_FX,30,0.005445860096173044,0.05,0.22984902154351725,0.17589431508046205,True,96
CPB,CPF3M,Rates_FX,60,0.00515471803992333,0.05,0.21756102376586775,0.1672927166361074,True,97
CPB,INDPRO,Output_Income,60,0.004972865087820422,0.05,0.2098857029960546,0.16191999209723823,True,98
CPB,AAA,Rates_FX,60,0.0037622769499825485,0.05,0.15879138656846964,0.12615397059792874,True,99
CPB,BUSLOANS,Money_Credit,30,0.003267957195899859,0.05,0.13792803168989293,0.11154962218292504,True,100
CPB,EXJPUS,Rates_FX,30,0.0027852475902754733,0.05,0.11755469697635704,0.09728828788344993,True,101
CPB,IPNCONGD,Output_Income,60,0.0025376570838455573,0.05,0.10710484431004061,0.08997339101702842,True,102
CPB,REALLN,Money_Credit,30,0.0023224952849188606,0.05,0.09802368392701911,0.08361657874891337,True,103
CPT,MZMSL,Money_Credit,10,0.022497139026441355,1.0,0.6668579452326452,0.7668005616628516,True,1
CPT,M2REAL,Money_Credit,10,0.022030473951946173,1.0,0.6530251057625268,0.7571175740337688,True,2
CPT,M2SL,Money_Credit,10,0.021634564172958833,1.0,0.6412895876860859,0.7489027113802601,True,3
CPT,INVEST,Money_Credit,10,0.021485821325777307,1.0,0.6368805670847132,0.7458163969592992,True,4
CPT,M1SL,Money_Credit,10,0.021377422744663303,1.0,0.6336674271835524,0.7435671990284867,True,5
CPT,CPF3M,Rates_FX,10,0.02083782754572495,1.0,0.617672800257946,0.7323709601805621,True,6
CPT,GS1,Rates_FX,50,0.020342579931584722,1.0,0.6029927200060188,0.7220949040042131,True,7
CPT,REALLN,Money_Credit,60,0.0202780218137694,1.0,0.6010790947337646,0.7207553663136352,True,8
CPT,IPFINAL,Output_Income,60,0.033736029070768336,0.05,1.0,0.715,True,9
CPT,PERMITNE,Housing,30,0.019841634969342378,1.0,0.5881437595314025,0.7117006316719817,True,10
CPT,EXSZUS,Rates_FX,10,0.01929271632694627,1.0,0.5718727680271969,0.7003109376190377,True,11
CPT,HOUST,Housing,30,0.01916129791695084,1.0,0.5679772766603928,0.6975840936622749,True,12
CPT,PERMITW,Housing,30,0.01844014845888212,1.0,0.5466010365416769,0.6826207255791739,True,13
CPT,NONBORRES,Money_Credit,10,0.018044667878816915,1.0,0.5348782407367646,0.6744147685157351,True,14
CPT,HOUSTS,Housing,30,0.017944465391950645,1.0,0.5319080486416584,0.6723356340491609,True,15
CPT,IPFPNSS,Output_Income,60,0.031023903093025034,0.05,0.9196074329893997,0.6587252030925798,True,16
CPT,NONREVSL,Money_Credit,60,0.017054024314037134,1.0,0.5055136832572313,0.6538595782800619,True,17
CPT,TOTRESNS,Money_Credit,60,0.016738592335090726,1.0,0.4961636800815546,0.6473145760570882,True,18
CPT,FEDFUNDS,Rates_FX,60,0.016150001994563297,1.0,0.47871674406864273,0.6351017208480498,True,19
CPT,TB6MS,Rates_FX,60,0.016044284506339834,1.0,0.47558307685482515,0.6329081537983776,True,20
CPT,HOUSTW,Housing,30,0.01600756112584607,1.0,0.4744945260826899,0.6321461682578828,True,21
CPT,PERMITS,Housing,60,0.015102280728791374,1.0,0.44766029508426136,0.613362206558983,True,22
CPT,PERMIT,Housing,30,0.015093562084912394,1.0,0.4474018579142942,0.613181300540006,True,23
CPT,IPMANSICS,Output_Income,60,0.028274728543110528,0.05,0.8381166759074817,0.6016816731352372,True,24
CPT,IPBUSEQ,Output_Income,60,0.028000252824110186,0.05,0.8299806940933633,0.5959864858653543,True,25
CPT,PPICRM,Prices,60,0.027205794004540172,0.05,0.8064314252122075,0.5795019976485452,True,26
CPT,DTCOLNVHFNM,Money_Credit,60,0.013308147557104948,1.0,0.3944787790284488,0.5761351453199142,True,27
CPT,TB3MS,Rates_FX,60,0.012026083710617213,1.0,0.35647597070153103,0.5495331794910717,True,28
CPT,PPIITM,Prices,50,0.02543262142236377,0.05,0.753871220854522,0.5427098545981653,True,29
CPT,DTCTHFNM,Money_Credit,50,0.0115312830812528,1.0,0.34180913992762857,0.53926639794934,True,30
CPT,BAA,Rates_FX,10,0.011471770135173195,1.0,0.3400450631314305,0.5380315441920014,True,31
CPT,PERMITMW,Housing,10,0.011209679246424478,1.0,0.33227619121710633,0.5325933338519744,True,32
CPT,AAA,Rates_FX,10,0.009726047000446126,1.0,0.28829851255000166,0.5018089587850012,True,33
CPT,EXCAUS,Rates_FX,60,0.009663549806996179,1.0,0.28644597699168667,0.5005121838941806,True,34
CPT,HOUSTMW,Housing,30,0.009325864112560135,1.0,0.27643633140691204,0.4935054319848384,True,35
CPT,DPCERA3M086SBEA,Consumption_Orders_Inventories,30,0.02276703786293326,0.05,0.674858259553152,0.4874007816872064,True,36
CPT,EXUSUK,Rates_FX,10,0.008740088737460612,1.0,0.2590728363177082,0.48135098542239574,True,37
CPT,CES3000000008,Labor_Market,10,0.022036676657732096,0.05,0.6532089657471418,0.47224627602299923,True,38
CPT,BUSLOANS,Money_Credit,60,0.007937106664829514,1.0,0.23527092202166952,0.46468964541516866,True,39
CPT,SP500,Stock_Market,50,0.021630675570952506,0.05,0.6411743221342875,0.4638220254940012,True,40
CPT,HOUSTNE,Housing,30,0.007845210503548139,1.0,0.23254694519889044,0.4627828616392233,True,41
CPT,CPIMEDSL,Prices,10,0.021549480053875438,0.05,0.6387675327369123,0.4621372729158386,True,42
CPT,CUSR0000SAS,Prices,10,0.021435571818273522,0.05,0.6353910762084047,0.4597737533458833,True,43
CPT,CES0600000008,Labor_Market,10,0.021418529564741946,0.05,0.6348859114335041,0.4594201380034529,True,44
CPT,GS10,Rates_FX,10,0.007645620995548393,1.0,0.22663073296238018,0.4586415130736661,True,45
CPT,CES2000000008,Labor_Market,60,0.021160517434034617,0.05,0.6272379416571533,0.45406655916000727,True,46
CPT,DSERRG3M086SBEA,Prices,10,0.020490590599825626,0.05,0.607380037432454,0.4401660262027178,True,47
CPT,RSAFS,Consumption_Orders_Inventories,30,0.02027977821666217,0.05,0.601131157852666,0.4357918104968662,True,48
CPT,GS5,Rates_FX,50,0.006081398684647175,1.0,0.18026421165010786,0.42618494815507546,True,49
CPT,PCEPI,Prices,10,0.019456486514449953,0.05,0.5767272275476146,0.41870905928333024,True,50
CPT,DMANEMP,Labor_Market,10,0.019454933791377294,0.05,0.5766812018855724,0.41867684131990063,True,51
CPT,AMBSL,Money_Credit,60,0.004914923878918658,1.0,0.14568768211008423,0.401981377477059,True,52
CPT,CPIAUCSL,Prices,10,0.018647184075319796,0.05,0.5527379655798687,0.40191657590590807,True,53
CPT,CPIULFSL,Prices,10,0.018392029508638004,0.05,0.5451746994305968,0.39662228960141777,True,54
CPT,CMRMTSPL,Consumption_Orders_Inventories,30,0.018359477787027637,0.05,0.5442098045539033,0.3959468631877323,True,55
CPT,CUSR0000SA0L5,Prices,30,0.017812496958170138,0.05,0.5279962535248213,0.3845973774673749,True,56
CPT,EXJPUS,Rates_FX,10,0.003939145327338247,1.0,0.11676375186525569,0.38173462630567895,True,57
CPT,CUSR0000SAC,Prices,30,0.016849676313697447,0.05,0.4994564202666457,0.364619494186652,True,58
CPT,UEMPMEAN,Labor_Market,30,0.01678980825378599,0.05,0.4976818172217564,0.36337727205522946,True,59
CPT,MANEMP,Labor_Market,10,0.016675543248642514,0.05,0.49429478536617616,0.3610063497563233,True,60
CPT,W875RX1,Output_Income,10,0.016670878837534563,0.05,0.49415652335857096,0.3609095663509997,True,61
CPT,RPI,Output_Income,10,0.01665455845559722,0.05,0.49367275622927703,0.3605709293604939,True,62
CPT,IPDCONGD,Output_Income,60,0.01657679337977818,0.05,0.4913676516286167,0.35895735614003166,True,63
CPT,ACOGNO,Consumption_Orders_Inventories,30,0.016426019151788557,0.05,0.4868984170404752,0.3558288919283326,True,64
CPT,DNDGRG3M086SBEA,Prices,30,0.016146806250004173,0.05,0.4786220161280063,0.3500354112896044,True,65
CPT,IPB51222S,Output_Income,10,0.01608363870744708,0.05,0.4767496101484945,0.34872472710394614,True,66
CPT,CPITRNSL,Prices,30,0.015975164844894987,0.05,0.4735342387624743,0.346473967133732,True,67
CPT,CUUR0000SA0L2,Prices,10,0.015783964279898925,0.05,0.46786669073555687,0.3425066835148898,True,68
CPT,USTPU,Labor_Market,30,0.01535174709209117,0.05,0.45505495207772345,0.33353846645440643,True,69
CPT,ANDENO,Consumption_Orders_Inventories,50,0.015167793993483676,0.05,0.44960223272472505,0.32972156290730753,True,70
CPT,CUMFNS,Output_Income,30,0.014803877225638296,0.05,0.438815048285146,0.3221705337996022,True,71
CPT,CLF16OV,Labor_Market,30,0.014791562418455566,0.05,0.4384500140021574,0.32191500980151017,True,72
CPT,BUSINV,Consumption_Orders_Inventories,10,0.014624862779218335,0.05,0.4335087199664087,0.3184561039764861,True,73
CPT,PPIFGS,Prices,50,0.014513891201626945,0.05,0.4302193115609736,0.3161535180926815,True,74
CPT,IPMAT,Output_Income,30,0.01396021570890994,0.05,0.41380731797525677,0.30466512258267975,True,75
CPT,SRVPRD,Labor_Market,30,0.013744746234286653,0.05,0.4074203933561413,0.3001942753492989,True,76
CPT,IPNMAT,Output_Income,60,0.013414931449788264,0.05,0.3976440564966213,0.2933508395476349,True,77
CPT,CUUR0000SAD,Prices,10,0.013373948642558005,0.05,0.39642924822311976,0.2925004737561838,True,78
CPT,ISRATIO,Consumption_Orders_Inventories,30,0.012961850945586674,0.05,0.3842138895006432,0.28394972265045026,True,79
CPT,CE16OV,Labor_Market,30,0.012894763104543319,0.05,0.38222527842544457,0.2825576948978112,True,80
CPT,USGOOD,Labor_Market,10,0.012770919968020227,0.05,0.3785543325573548,0.2799880327901484,True,81
CPT,NDMANEMP,Labor_Market,10,0.012110075709896894,0.05,0.3589656531446986,0.266275957201289,True,82
CPT,MCOILWTICO,Prices,50,0.01194024055090153,0.05,0.3539314163458418,0.2627519914420892,True,83
CPT,PPIFCG,Prices,50,0.011725954280902244,0.05,0.3475795641598665,0.2583056949119065,True,84
CPT,PAYEMS,Labor_Market,30,0.011686179607302402,0.05,0.34640056726262036,0.25748039708383424,True,85
CPT,IPNCONGD,Output_Income,60,0.011304344518508912,0.05,0.33508224974538936,0.24955757482177254,True,86
CPT,UMCSENT,Consumption_Orders_Inventories,30,0.01075950575538604,0.05,0.31893219361459935,0.23825253553021952,True,87
CPT,DDURRG3M086SBEA,Prices,60,0.010198414365012001,0.05,0.3023003787321473,0.2266102651125031,True,88
CPT,CES0600000007,Labor_Market,30,0.009790597645904595,0.05,0.29021191632740123,0.21814834142918083,True,89
CPT,IPCONGD,Output_Income,60,0.007372573416451118,0.05,0.21853708392844967,0.16797595874991478,True,90
CPT,USFIRE,Labor_Market,30,0.007276492853836107,0.05,0.21568907349979305,0.16598235144985513,True,91
CPT,CPIAPPSL,Prices,50,0.006459692091602579,0.05,0.1914775469884743,0.149034282891932,True,92
CPT,IPDMAT,Output_Income,50,0.0060552635309645405,0.05,0.17948951603824997,0.140642661226775,True,93
CPT,AWOTMAN,Labor_Market,30,0.005927156532811729,0.05,0.17569218121013253,0.13798452684709275,True,94
CPT,UNRATE,Labor_Market,30,0.0058311532856715215,0.05,0.17284646255904823,0.13599252379133375,True,95
CPT,INDPRO,Output_Income,60,0.005755142314694318,0.05,0.1705933529586932,0.13441534707108524,True,96
CPT,USTRADE,Labor_Market,50,0.005244035389092445,0.05,0.15544317258240412,0.12381022080768288,True,97
CPT,USCONS,Labor_Market,30,0.005217673860025663,0.05,0.1546617667740476,0.12326323674183332,True,98
CPT,IPFUELS,Output_Income,30,0.005085548895449638,0.05,0.15074533178702335,0.12052173225091634,True,99
CPT,AWHMAN,Labor_Market,60,0.004592523173763567,0.05,0.1361311126490256,0.11029177885431792,True,100
CPT,AMDMUO,Consumption_Orders_Inventories,10,0.0028891221127728068,0.05,0.0856390687449395,0.07494734812145765,True,101
CPT,PPICMM,Prices,10,0.0024562136343132127,0.05,0.07280683891873563,0.06596478724311494,True,102
CPT,USGOVT,Labor_Market,50,0.0023717372900856014,0.05,0.07030279957105767,0.06421195969974036,True,103
DECK,PPIITM,Prices,60,0.04142349180600774,1.0,0.7478118920325187,0.8234683244227632,True,1
DECK,ANDENO,Consumption_Orders_Inventories,50,0.03285611693067302,1.0,0.5931463982281859,0.7152024787597302,True,2
DECK,IPCONGD,Output_Income,50,0.0553929300233787,0.05,1.0,0.715,True,3
DECK,PPICRM,Prices,30,0.03280744703285059,1.0,0.5922677680888904,0.7145874376622232,True,4
DECK,DMANEMP,Labor_Market,50,0.030383060394296457,1.0,0.5485006909992525,0.6839504836994768,True,5
DECK,IPFINAL,Output_Income,50,0.051446464374569165,0.05,0.9287550659056323,0.6651285461339426,True,6
DECK,MANEMP,Labor_Market,50,0.02622690394121909,1.0,0.47347024124107484,0.6314291688687523,True,7
DECK,CUUR0000SAD,Prices,60,0.025673468397799562,1.0,0.46347915495649034,0.6244354084695432,True,8
DECK,DTCTHFNM,Money_Credit,10,0.04702503330512891,0.05,0.8489356545191218,0.6092549581633853,True,9
DECK,PPIFGS,Prices,50,0.02444976504840992,1.0,0.441387827617908,0.6089714793325356,True,10
DECK,PPIFCG,Prices,50,0.023732449809882195,1.0,0.42843824653914975,0.5999067725774048,True,11
DECK,IPFPNSS,Output_Income,50,0.0458188649370871,0.05,0.8271608834872818,0.5940126184410972,True,12
DECK,MCOILWTICO,Prices,60,0.022676042996909493,1.0,0.40936709770252305,0.5865569683917662,True,13
DECK,ACOGNO,Consumption_Orders_Inventories,60,0.02230631924514402,1.0,0.40269253198430904,0.5818847723890164,True,14
DECK,ISRATIO,Consumption_Orders_Inventories,60,0.02156010733940177,1.0,0.3892212838407768,0.5724548986885437,True,15
DECK,USTRADE,Labor_Market,50,0.02130033646824512,1.0,0.3845316804735779,0.5691721763315045,True,16
DECK,UNRATE,Labor_Market,60,0.021266878257524303,1.0,0.3839276645692613,0.568749365198483,True,17
DECK,CPITRNSL,Prices,60,0.019946634641548174,1.0,0.36009351072654316,0.5520654575085802,True,18
DECK,IPMANSICS,Output_Income,50,0.04200113352603713,0.05,0.7582399686803074,0.5457679780762151,True,19
DECK,AMDMUO,Consumption_Orders_Inventories,60,0.018760451801960138,1.0,0.3386795353494074,0.5370756747445852,True,20
DECK,PPICMM,Prices,60,0.017589707437835722,1.0,0.3175442683824804,0.5222809878677362,True,21
DECK,USGOOD,Labor_Market,50,0.017311054158250076,1.0,0.312513783815803,0.5187596486710621,True,22
DECK,DDURRG3M086SBEA,Prices,10,0.017144367780969748,1.0,0.3095046204223884,0.5166532342956719,True,23
DECK,CES0600000007,Labor_Market,50,0.016066791243223067,1.0,0.29005129781800754,0.5030359084726053,True,24
DECK,CPIMEDSL,Prices,10,0.015125217076931253,1.0,0.27305320499471003,0.491137243496297,True,25
DECK,AWHMAN,Labor_Market,50,0.014880625416980433,1.0,0.26863762958016546,0.4880463407061158,True,26
DECK,CES2000000008,Labor_Market,10,0.01481418364835482,1.0,0.2674381666054217,0.48720671662379517,True,27
DECK,CES0600000008,Labor_Market,10,0.014730282265313156,1.0,0.26592350791150077,0.4861464555380505,True,28
DECK,CES3000000008,Labor_Market,10,0.014722662615112986,1.0,0.26578595154470536,0.4860501660812937,True,29
DECK,CUSR0000SAS,Prices,10,0.014638247541489227,1.0,0.26426201927414067,0.48498341349189844,True,30
DECK,CPIAPPSL,Prices,60,0.014301279692618248,1.0,0.2581787908056563,0.4807251535639594,True,31
DECK,USTPU,Labor_Market,50,0.013443203354896769,1.0,0.24268807136981266,0.46988164995886883,True,32
DECK,DSERRG3M086SBEA,Prices,10,0.013348811539507559,1.0,0.24098403052291448,0.4686888213660401,True,33
DECK,CUUR0000SA0L2,Prices,10,0.01304285806410938,1.0,0.2354606997428122,0.46482248981996854,True,34
DECK,UEMPMEAN,Labor_Market,60,0.012434873390937113,1.0,0.2244848464540321,0.45713939251782243,True,35
DECK,CE16OV,Labor_Market,60,0.01226721639520564,1.0,0.22145816063581103,0.4550207124450677,True,36
DECK,PAYEMS,Labor_Market,50,0.011997488202364669,1.0,0.21658879928000024,0.45161215949600014,True,37
DECK,NDMANEMP,Labor_Market,60,0.01156061445176445,1.0,0.20870198501659454,0.44609138951161614,True,38
DECK,AWOTMAN,Labor_Market,50,0.011502077797372397,1.0,0.20764523184669814,0.4453516622926887,True,39
DECK,PCEPI,Prices,10,0.011485567087177111,1.0,0.20734716654868418,0.4451430165840789,True,40
DECK,CUSR0000SAC,Prices,60,0.011481952478991047,1.0,0.2072819125860478,0.44509733881023344,True,41
DECK,SRVPRD,Labor_Market,50,0.010726077678879061,1.0,0.193636221704685,0.43554535519327947,True,42
DECK,DNDGRG3M086SBEA,Prices,60,0.010689072159832209,1.0,0.1929681667916982,0.4350777167541887,True,43
DECK,IPB51222S,Output_Income,10,0.03315642318612386,0.05,0.5985677806198394,0.43399744643388755,True,44
DECK,CPIULFSL,Prices,10,0.010456741113014398,1.0,0.1887739303301181,0.43214175123108267,True,45
DECK,CPIAUCSL,Prices,10,0.010301653741087546,1.0,0.18597416198673208,0.43018191339071243,True,46
DECK,CUSR0000SA0L5,Prices,10,0.010063790818066078,1.0,0.18168005941947166,0.42717604159363015,True,47
DECK,CLF16OV,Labor_Market,30,0.009805030718566749,1.0,0.1770087033567012,0.42390609234969084,True,48
DECK,DPCERA3M086SBEA,Consumption_Orders_Inventories,10,0.009399461212659698,1.0,0.1696870197819945,0.41878091384739613,True,49
DECK,IPNMAT,Output_Income,60,0.031899307252372396,0.05,0.575873261062544,0.4181112827437808,True,50
DECK,HOUSTNE,Housing,50,0.031826033650608584,0.05,0.5745504640606002,0.4171853248424201,True,51
DECK,RSAFS,Consumption_Orders_Inventories,30,0.00856791698543837,1.0,0.15467528043420456,0.4082726963039432,True,52
DECK,USGOVT,Labor_Market,30,0.008343417264733668,1.0,0.15062242169194356,0.4054356951843605,True,53
DECK,IPBUSEQ,Output_Income,50,0.030670597899000812,0.05,0.5536915611081815,0.40258409277572704,True,54
DECK,UMCSENT,Consumption_Orders_Inventories,30,0.008113127575530187,1.0,0.14646503754370865,0.402525526280596,True,55
DECK,INDPRO,Output_Income,60,0.028407720918900883,0.05,0.5128401929074946,0.3739881350352462,True,56
DECK,CMRMTSPL,Consumption_Orders_Inventories,10,0.005747014854981294,1.0,0.10374997048460434,0.372624979339223,True,57
DECK,USCONS,Labor_Market,50,0.005542853414012059,1.0,0.10006427556138818,0.3700449928929717,True,58
DECK,IPDCONGD,Output_Income,50,0.02678286865604948,0.05,0.48350698626604,0.353454890386228,True,59
DECK,CUMFNS,Output_Income,60,0.026567482424168218,0.05,0.4796186519282399,0.3507330563497679,True,60
DECK,REALLN,Money_Credit,60,0.025679005371483727,0.05,0.463579113086198,0.33950537916033857,True,61
DECK,USFIRE,Labor_Market,30,0.0030059976161878436,1.0,0.05426681013116938,0.3379867670918186,True,62
DECK,BUSINV,Consumption_Orders_Inventories,10,0.0017241570508745008,1.0,0.03112594062359252,0.32178815843651476,True,63
DECK,IPNCONGD,Output_Income,50,0.023245925579991385,0.05,0.41965509985083643,0.3087585698955855,True,64
DECK,IPDMAT,Output_Income,60,0.02255222759548075,0.05,0.4071318774067834,0.29999231418474837,True,65
DECK,EXUSUK,Rates_FX,10,0.020091971494020124,0.05,0.36271725444998604,0.26890207811499023,True,66
DECK,SP500,Stock_Market,30,0.018500384379111622,0.05,0.33398457838037265,0.24878920486626083,True,67
DECK,MZMSL,Money_Credit,10,0.016713343580437526,0.05,0.3017234071818123,0.22620638502726859,True,68
DECK,TB3MS,Rates_FX,30,0.01662074380439906,0.05,0.30005171774420025,0.2250362024209402,True,69
DECK,CPF3M,Rates_FX,10,0.016402869872705318,0.05,0.29611847334637204,0.2222829313424604,True,70
DECK,IPMAT,Output_Income,60,0.016196160244959873,0.05,0.29238677640132504,0.21967074348092752,True,71
DECK,INVEST,Money_Credit,10,0.015243824309180974,0.05,0.27519440301762854,0.20763608211233997,True,72
DECK,M2REAL,Money_Credit,10,0.015233241756609773,0.05,0.2750033578324987,0.20750235048274907,True,73
DECK,EXJPUS,Rates_FX,60,0.015230552431629218,0.05,0.2749548078644898,0.20746836550514286,True,74
DECK,M2SL,Money_Credit,10,0.014804944582276356,0.05,0.2672713751741946,0.20208996262193618,True,75
DECK,M1SL,Money_Credit,10,0.01471288312353259,0.05,0.2656094038954608,0.2009265827268225,True,76
DECK,EXCAUS,Rates_FX,60,0.014423176875315517,0.05,0.2603793817952613,0.19726556725668293,True,77
DECK,GS10,Rates_FX,30,0.012906654017225449,0.05,0.2330018291463941,0.17810128040247586,True,78
DECK,DTCOLNVHFNM,Money_Credit,50,0.011541054266275356,0.05,0.20834886801265848,0.16084420760886092,True,79
DECK,BAA,Rates_FX,10,0.011321856277685099,0.05,0.20439172062042368,0.1580742044342966,True,80
DECK,FEDFUNDS,Rates_FX,60,0.010685423517367754,0.05,0.19290229841349696,0.1500316088894479,True,81
DECK,BUSLOANS,Money_Credit,60,0.010658579214250823,0.05,0.1924176823604086,0.149692377652286,True,82
DECK,EXSZUS,Rates_FX,60,0.010500189385503973,0.05,0.18955829527472812,0.14769080669230966,True,83
DECK,HOUSTW,Housing,30,0.00997081140873124,0.05,0.18000151652066496,0.14100106156446546,True,84
DECK,NONREVSL,Money_Credit,10,0.009923472195753116,0.05,0.17914690902909258,0.14040283632036482,True,85
DECK,GS1,Rates_FX,10,0.0096575468959601,0.05,0.1743462007134144,0.13704234049939007,True,86
DECK,HOUST,Housing,60,0.00959143300863645,0.05,0.1731526569291129,0.13620685985037903,True,87
DECK,HOUSTS,Housing,60,0.009388205196553282,0.05,0.16948381666380477,0.1336386716646633,True,88
DECK,PERMITNE,Housing,50,0.008570296148050932,0.05,0.1547182310889462,0.12330276176226233,True,89
DECK,GS5,Rates_FX,30,0.008548612699697061,0.05,0.1543267831488441,0.12302874820419087,True,90
DECK,IPFUELS,Output_Income,30,0.007410782579134633,0.05,0.13378571193123195,0.10864999835186236,True,91
DECK,RPI,Output_Income,10,0.007124465683929641,0.05,0.12861687729684537,0.10503181410779175,True,92
DECK,PERMITW,Housing,30,0.006928622242168261,0.05,0.12508134592707087,0.1025569421489496,True,93
DECK,NONBORRES,Money_Credit,10,0.006904999192623501,0.05,0.1246548826666008,0.10225841786662056,True,94
DECK,TB6MS,Rates_FX,30,0.006380832446289275,0.05,0.11519218144980291,0.09563452701486203,True,95
DECK,AMBSL,Money_Credit,30,0.006352751104762584,0.05,0.11468523333359315,0.0952796633335152,True,96
DECK,TOTRESNS,Money_Credit,10,0.00626913882614692,0.05,0.113175793797169,0.09422305565801829,True,97
DECK,PERMIT,Housing,50,0.0060836212799607655,0.05,0.10982667422346426,0.09187867195642498,True,98
DECK,HOUSTMW,Housing,30,0.005947654169110709,0.05,0.107372080996627,0.09016045669763889,True,99
DECK,AAA,Rates_FX,60,0.005364024812406175,0.05,0.09683591046984294,0.08278513732889005,True,100
DECK,W875RX1,Output_Income,10,0.004960567163797803,0.05,0.08955235192838122,0.07768664634986686,True,101
DECK,PERMITMW,Housing,10,0.002963504745014243,0.05,0.05349969289877769,0.05244978502914438,True,102
DECK,PERMITS,Housing,30,0.0022819874914899443,0.05,0.04119636730764786,0.0438374571153535,True,103
DPZ,USGOOD,Labor_Market,50,0.04114089433752834,1.0,1.0,1.0,True,1
DPZ,UEMPMEAN,Labor_Market,10,0.03917424902034011,1.0,0.9521973124586581,0.9665381187210607,True,2
DPZ,DMANEMP,Labor_Market,50,0.03903402704105381,1.0,0.9487889767492812,0.9641522837244967,True,3
DPZ,MANEMP,Labor_Market,50,0.03893065583938271,1.0,0.9462763623947408,0.9623934536763186,True,4
DPZ,NDMANEMP,Labor_Market,50,0.03822774019890455,1.0,0.9291907921416661,0.9504335544991662,True,5
DPZ,USCONS,Labor_Market,50,0.034987548745928194,1.0,0.8504323814373883,0.8953026670061717,True,6
DPZ,USFIRE,Labor_Market,60,0.025191120216214388,1.0,0.612313383601758,0.7286193685212305,True,7
DPZ,PPIFCG,Prices,10,0.02268823966310978,1.0,0.551476578923414,0.6860336052463898,True,8
DPZ,USGOVT,Labor_Market,50,0.022485751437554356,1.0,0.5465547553020271,0.682588328711419,True,9
DPZ,UNRATE,Labor_Market,50,0.021888052105232234,1.0,0.5320266478812581,0.6724186535168806,True,10
DPZ,CPIAPPSL,Prices,10,0.021371957877251286,1.0,0.5194820924871335,0.6636374647409935,True,11
DPZ,CES0600000007,Labor_Market,30,0.02129800415754923,1.0,0.5176845204874748,0.6623791643412323,True,12
DPZ,HOUSTNE,Housing,50,0.037883610368961165,0.05,0.9208261263879256,0.6595782884715479,True,13
DPZ,USTPU,Labor_Market,50,0.02088646692401538,1.0,0.507681402175133,0.6553769815225932,True,14
DPZ,CE16OV,Labor_Market,50,0.020069999490035313,1.0,0.48783576082174873,0.6414850325752242,True,15
DPZ,PAYEMS,Labor_Market,50,0.017672816299668114,1.0,0.42956811183239485,0.6006976782826763,True,16
DPZ,AWHMAN,Labor_Market,30,0.01730885812364848,1.0,0.4207214841185283,0.5945050388829698,True,17
DPZ,IPCONGD,Output_Income,60,0.03332124738759567,0.05,0.8099300689533221,0.5819510482673255,True,18
DPZ,IPMANSICS,Output_Income,60,0.03319463227384336,0.05,0.8068524714486706,0.5797967300140694,True,19
DPZ,PPIFGS,Prices,60,0.01636689057549539,1.0,0.3978253472376672,0.578477743066367,True,20
DPZ,CUUR0000SAD,Prices,10,0.014280833977939283,1.0,0.34712016371779353,0.5429841146024554,True,21
DPZ,AWOTMAN,Labor_Market,30,0.014197865134994499,1.0,0.3451034636853613,0.5415724245797529,True,22
DPZ,USTRADE,Labor_Market,60,0.013825169108495652,1.0,0.33604444752880497,0.5352311132701635,True,23
DPZ,ANDENO,Consumption_Orders_Inventories,60,0.013120811349140043,1.0,0.3189238241029525,0.5232466768720667,True,24
DPZ,IPFPNSS,Output_Income,10,0.029645659552575164,0.05,0.7205886024099546,0.5194120216869682,True,25
DPZ,CPF3M,Rates_FX,30,0.029632534414357516,0.05,0.7202695734138913,0.519188701389724,True,26
DPZ,TB3MS,Rates_FX,30,0.029424692303284625,0.05,0.715217614422244,0.5156523300955708,True,27
DPZ,IPFINAL,Output_Income,60,0.029407532020502055,0.05,0.7148005043166205,0.5153603530216343,True,28
DPZ,SRVPRD,Labor_Market,50,0.012107759206136331,1.0,0.2942998542229488,0.5060098979560641,True,29
DPZ,FEDFUNDS,Rates_FX,30,0.028622019534463517,0.05,0.6957072760655758,0.501995093245903,True,30
DPZ,DTCTHFNM,Money_Credit,30,0.028371937636746353,0.05,0.6896286066116393,0.4977400246281475,True,31
DPZ,CUSR0000SAC,Prices,10,0.011103034313427672,1.0,0.2698782924439148,0.48891480471074034,True,32
DPZ,TB6MS,Rates_FX,30,0.027849652815751417,0.05,0.6769335782364658,0.4888535047655261,True,33
DPZ,DNDGRG3M086SBEA,Prices,60,0.010947422881352276,1.0,0.2660958896891587,0.4862671227824111,True,34
DPZ,CLF16OV,Labor_Market,50,0.010909021346821736,1.0,0.2651624745277019,0.4856137321693913,True,35
DPZ,MCOILWTICO,Prices,30,0.010565864203611875,1.0,0.25682145159333086,0.4797750161153316,True,36
DPZ,CUMFNS,Output_Income,60,0.027248596347996725,0.05,0.6623238698809911,0.4786267089166938,True,37
DPZ,GS1,Rates_FX,30,0.026697953521972163,0.05,0.6489395515551186,0.46925768608858304,True,38
DPZ,GS5,Rates_FX,10,0.026408771974351156,0.05,0.6419104980481992,0.46433734863373943,True,39
DPZ,INDPRO,Output_Income,60,0.025937126109121446,0.05,0.6304463363467001,0.45631243544269007,True,40
DPZ,CMRMTSPL,Consumption_Orders_Inventories,60,0.009123161700678473,1.0,0.2217540927970642,0.4552278649579449,True,41
DPZ,EXJPUS,Rates_FX,50,0.02581983963099519,0.05,0.6275954873310222,0.45431684113171555,True,42
DPZ,PPIITM,Prices,60,0.008995317756051089,1.0,0.2186466264503551,0.4530526385152486,True,43
DPZ,ACOGNO,Consumption_Orders_Inventories,60,0.008926101686785584,1.0,0.21696421117037498,0.45187494781926246,True,44
DPZ,CPITRNSL,Prices,10,0.008666005958587067,1.0,0.21064213839128956,0.4474494968739027,True,45
DPZ,EXSZUS,Rates_FX,10,0.025105933476769232,0.05,0.6102427737908418,0.44216994165358925,True,46
DPZ,CES2000000008,Labor_Market,10,0.007880149605464145,1.0,0.19154055186097269,0.43407838630268086,True,47
DPZ,UMCSENT,Consumption_Orders_Inventories,10,0.007639784091659911,1.0,0.1856980557831717,0.42998863904822016,True,48
DPZ,DDURRG3M086SBEA,Prices,30,0.007376710115888171,1.0,0.17930359158865453,0.42551251411205815,True,49
DPZ,CPIMEDSL,Prices,30,0.007358417747693919,1.0,0.178858964205395,0.42520127494377646,True,50
DPZ,BUSINV,Consumption_Orders_Inventories,60,0.007277758190998112,1.0,0.1768983953360345,0.4238288767352241,True,51
DPZ,CUSR0000SAS,Prices,30,0.007185298748531062,1.0,0.1746510100043377,0.4222557070030364,True,52
DPZ,CES0600000008,Labor_Market,10,0.007122967617263484,1.0,0.1731359449511524,0.42119516146580666,True,53
DPZ,ISRATIO,Consumption_Orders_Inventories,10,0.0070566900956264495,1.0,0.17152495611135518,0.4200674692779486,True,54
DPZ,PPICRM,Prices,30,0.007014250251818837,1.0,0.17049338291658145,0.419345368041607,True,55
DPZ,CES3000000008,Labor_Market,10,0.006788658487356159,1.0,0.1650099881558386,0.415506991709087,True,56
DPZ,AMDMUO,Consumption_Orders_Inventories,50,0.006248644819802921,1.0,0.1518840297572959,0.4063188208301071,True,57
DPZ,PPICMM,Prices,10,0.006119319789741062,1.0,0.14874056308880665,0.40411839416216466,True,58
DPZ,DSERRG3M086SBEA,Prices,10,0.006048521752426738,1.0,0.14701969536207513,0.4029137867534526,True,59
DPZ,IPDCONGD,Output_Income,60,0.02048296643069103,0.05,0.4978736306178609,0.36351154143250264,True,60
DPZ,PCEPI,Prices,60,0.003564512363292025,1.0,0.08664158669104356,0.36064911068373046,True,61
DPZ,RSAFS,Consumption_Orders_Inventories,50,0.0033356774522077426,1.0,0.08107936168915435,0.35675555318240804,True,62
DPZ,DPCERA3M086SBEA,Consumption_Orders_Inventories,10,0.003170147175262343,1.0,0.07705586439744856,0.35393910507821397,True,63
DPZ,IPB51222S,Output_Income,50,0.019496987425859636,0.05,0.47390771979583984,0.3467354038570879,True,64
DPZ,CUSR0000SA0L5,Prices,60,0.0023515118913007916,1.0,0.057157529732059426,0.34001027081244156,True,65
DPZ,CPIAUCSL,Prices,30,0.0021981540454336073,1.0,0.05342990425534993,0.33740093297874496,True,66
DPZ,CPIULFSL,Prices,60,0.0017949546073534836,1.0,0.04362945036214593,0.33054061525350215,True,67
DPZ,CUUR0000SA0L2,Prices,60,0.0015555790781522187,1.0,0.037811017558099944,0.32646771229066995,True,68
DPZ,GS10,Rates_FX,10,0.018269093519312333,0.05,0.4440616523653798,0.32584315665576585,True,69
DPZ,PERMITNE,Housing,10,0.017439525180917875,0.05,0.42389757106008513,0.31172829974205957,True,70
DPZ,IPFUELS,Output_Income,30,0.01682811596427147,0.05,0.4090362213861991,0.30132535497033935,True,71
DPZ,EXUSUK,Rates_FX,10,0.016696717443673095,0.05,0.40584235497385635,0.29908964848169944,True,72
DPZ,REALLN,Money_Credit,10,0.016317519077026645,0.05,0.396625288287473,0.2926377018012311,True,73
DPZ,AAA,Rates_FX,10,0.014999607732302005,0.05,0.3645911926280004,0.27021383483960026,True,74
DPZ,HOUST,Housing,50,0.014673942477324124,0.05,0.3566753400384563,0.2646727380269194,True,75
DPZ,PERMITMW,Housing,50,0.014460880798531531,0.05,0.3514965105009992,0.26104755735069946,True,76
DPZ,IPNMAT,Output_Income,30,0.014276266107607528,0.05,0.3470091337947617,0.25790639365633317,True,77
DPZ,PERMITS,Housing,30,0.013896692507300365,0.05,0.3377829464106698,0.25144806248746887,True,78
DPZ,HOUSTMW,Housing,30,0.013867424070149138,0.05,0.33707152684572056,0.2509500687920044,True,79
DPZ,PERMIT,Housing,50,0.013205585116573122,0.05,0.320984395920803,0.2396890771445621,True,80
DPZ,TOTRESNS,Money_Credit,60,0.012951622527366705,0.05,0.3148113996042219,0.2353679797229553,True,81
DPZ,BAA,Rates_FX,10,0.012920684330637242,0.05,0.3140593936688224,0.23484157556817564,True,82
DPZ,IPBUSEQ,Output_Income,60,0.012767398623666281,0.05,0.31033352165171524,0.23223346515620064,True,83
DPZ,IPMAT,Output_Income,60,0.012538717703771357,0.05,0.30477503966980257,0.22834252776886177,True,84
DPZ,AMBSL,Money_Credit,60,0.012428991105105567,0.05,0.30210794649079753,0.22647556254355827,True,85
DPZ,NONBORRES,Money_Credit,10,0.012417987376906133,0.05,0.3018404820037799,0.22628833740264592,True,86
DPZ,BUSLOANS,Money_Credit,60,0.011999671671262183,0.05,0.29167260130065265,0.21917082091045686,True,87
DPZ,HOUSTW,Housing,60,0.011518912078729333,0.05,0.27998691482557025,0.21099084037789917,True,88
DPZ,HOUSTS,Housing,60,0.011019368117051884,0.05,0.2678446420402708,0.20249124942818958,True,89
DPZ,IPNCONGD,Output_Income,10,0.010699751054812962,0.05,0.2600758011488522,0.19705306080419654,True,90
DPZ,IPDMAT,Output_Income,50,0.010134240330924204,0.05,0.24633009306459933,0.1874310651452195,True,91
DPZ,PERMITW,Housing,60,0.009273219022921837,0.05,0.22540149338617788,0.17278104537032452,True,92
DPZ,INVEST,Money_Credit,30,0.00907388611787647,0.05,0.22055636524166067,0.16938945566916247,True,93
DPZ,SP500,Stock_Market,60,0.007796748488402029,0.05,0.18951334466470038,0.14765934126529023,True,94
DPZ,M1SL,Money_Credit,10,0.007308620943272076,0.05,0.1776485674645439,0.13935399722518071,True,95
DPZ,EXCAUS,Rates_FX,10,0.007242602505706014,0.05,0.17604387610746175,0.1382307132752232,True,96
DPZ,M2SL,Money_Credit,30,0.0071633129473101485,0.05,0.17411660739654464,0.13688162517758123,True,97
DPZ,MZMSL,Money_Credit,30,0.006070310075879494,0.05,0.14754929793400756,0.11828450855380529,True,98
DPZ,DTCOLNVHFNM,Money_Credit,50,0.005842586508012065,0.05,0.14201408603513296,0.11440986022459307,True,99
DPZ,M2REAL,Money_Credit,30,0.005566542217012783,0.05,0.13530435608287286,0.109713049258011,True,100
DPZ,W875RX1,Output_Income,60,0.0029802283570991342,0.05,0.07243956178124687,0.06570769324687281,True,101
DPZ,RPI,Output_Income,50,0.002600271938785016,0.05,0.0632040693489026,0.05924284854423182,True,102
DPZ,NONREVSL,Money_Credit,10,0.0022220836067920764,0.05,0.054011553287141655,0.05280808730099915,True,103
DVA,CUSR0000SAC,Prices,10,0.02408131878839728,1.0,0.7642158231819914,0.834951076227394,True,1
DVA,IPCONGD,Output_Income,60,0.023697873746514803,1.0,0.7520472716627756,0.826433090163943,True,2
DVA,IPFPNSS,Output_Income,60,0.02298633269110173,1.0,0.7294666589410056,0.8106266612587039,True,3
DVA,DNDGRG3M086SBEA,Prices,10,0.02188565334967825,1.0,0.6945368207391777,0.7861757745174243,True,4
DVA,IPNCONGD,Output_Income,60,0.021118678045701354,1.0,0.6701970132544077,0.7691379092780853,True,5
DVA,IPMANSICS,Output_Income,60,0.02030634039948885,1.0,0.6444176409344367,0.7510923486541057,True,6
DVA,IPFINAL,Output_Income,60,0.01915205789129172,1.0,0.6077867169830681,0.7254507018881476,True,7
DVA,AAA,Rates_FX,10,0.03151114915172663,0.05,1.0,0.715,True,8
DVA,CPITRNSL,Prices,30,0.017809823289671275,1.0,0.565191171033361,0.6956338197233527,True,9
DVA,BAA,Rates_FX,10,0.02978788253289141,0.05,0.9453124793850688,0.6767187355695481,True,10
DVA,CUUR0000SA0L2,Prices,10,0.016249350723436834,1.0,0.5156698870357275,0.6609689209250091,True,11
DVA,DDURRG3M086SBEA,Prices,10,0.015986234148987772,1.0,0.5073199353033374,0.6551239547123362,True,12
DVA,CPIULFSL,Prices,10,0.01555646233291956,1.0,0.4936812128943623,0.6455768490260536,True,13
DVA,CUSR0000SA0L5,Prices,10,0.015489154450197098,1.0,0.4915452107321316,0.6440816475124921,True,14
DVA,CUSR0000SAS,Prices,10,0.01509539335619593,1.0,0.4790492813674105,0.6353344969571872,True,15
DVA,CPIMEDSL,Prices,10,0.01507857349470285,1.0,0.47851550643549373,0.6349608545048455,True,16
DVA,CES3000000008,Labor_Market,10,0.015075005641953848,1.0,0.47840228134389773,0.6348815969407284,True,17
DVA,DSERRG3M086SBEA,Prices,10,0.014818793168492325,1.0,0.4702714298719994,0.6291900009103996,True,18
DVA,CPIAUCSL,Prices,10,0.014680675638765921,1.0,0.4658882977602073,0.6261218084321452,True,19
DVA,CES2000000008,Labor_Market,10,0.014670130538167757,1.0,0.46555365110713254,0.6258875557749928,True,20
DVA,CES0600000008,Labor_Market,10,0.014590115779500173,1.0,0.463014398784651,0.6241100791492556,True,21
DVA,PPICMM,Prices,10,0.014563523221157492,1.0,0.4621704892777448,0.6235193424944213,True,22
DVA,W875RX1,Output_Income,30,0.014561257754945649,1.0,0.4620985951617627,0.623469016613234,True,23
DVA,PCEPI,Prices,10,0.014540913812409633,1.0,0.46145298422456527,0.6230170889571957,True,24
DVA,CLF16OV,Labor_Market,30,0.014295752367625989,1.0,0.45367283493190735,0.6175709844523352,True,25
DVA,DMANEMP,Labor_Market,50,0.01426342540376358,1.0,0.4526469452156436,0.6168528616509505,True,26
DVA,IPNMAT,Output_Income,10,0.014168847162233267,1.0,0.44964552368465094,0.6147518665792556,True,27
DVA,CUUR0000SAD,Prices,50,0.01405327042305525,1.0,0.4459777190412369,0.6121844033288658,True,28
DVA,CES0600000007,Labor_Market,10,0.01372525324074164,1.0,0.43556815953154704,0.6048977116720828,True,29
DVA,RPI,Output_Income,10,0.013483210720572103,1.0,0.42788698868613934,0.5995208920802975,True,30
DVA,MANEMP,Labor_Market,50,0.012910763135468682,1.0,0.409720479354884,0.5868043355484187,True,31
DVA,IPBUSEQ,Output_Income,60,0.012547989485708354,1.0,0.39820793031982443,0.578745551223877,True,32
DVA,USTRADE,Labor_Market,50,0.0124502901048617,1.0,0.39510746005845027,0.5765752220409152,True,33
DVA,IPB51222S,Output_Income,50,0.012205936396244165,1.0,0.38735294411106386,0.5711470608777447,True,34
DVA,GS10,Rates_FX,10,0.024744010011778474,0.05,0.7852461962791555,0.5646723373954088,True,35
DVA,CE16OV,Labor_Market,30,0.011885286937092121,1.0,0.3771771978185973,0.5640240384730181,True,36
DVA,IPFUELS,Output_Income,50,0.011761208519110429,1.0,0.37323959410302815,0.5612677158721197,True,37
DVA,PPIITM,Prices,10,0.011753404970414466,1.0,0.37299195004985863,0.561094365034901,True,38
DVA,SRVPRD,Labor_Market,30,0.011323170483485703,1.0,0.3593385448738945,0.5515369814117261,True,39
DVA,IPMAT,Output_Income,10,0.010917746175537727,1.0,0.34647248575317335,0.5425307400272213,True,40
DVA,AWOTMAN,Labor_Market,50,0.010748239038201119,1.0,0.34109321073783105,0.5387652475164817,True,41
DVA,CPIAPPSL,Prices,60,0.010038048106028326,1.0,0.3185554439063768,0.5229888107344638,True,42
DVA,PAYEMS,Labor_Market,30,0.009794524257235242,1.0,0.3108272633941234,0.5175790843758864,True,43
DVA,USTPU,Labor_Market,30,0.009487524536049653,1.0,0.3010846887991005,0.5107592821593703,True,44
DVA,PPICRM,Prices,50,0.009317193725497483,1.0,0.2956792746794178,0.5069754922755925,True,45
DVA,UEMPMEAN,Labor_Market,10,0.008753737365557618,1.0,0.27779810007588895,0.4944586700531223,True,46
DVA,NDMANEMP,Labor_Market,50,0.00857493542455424,1.0,0.27212385632989144,0.490486699430924,True,47
DVA,USGOVT,Labor_Market,50,0.008498026051824438,1.0,0.2696831528074816,0.4887782069652371,True,48
DVA,IPDMAT,Output_Income,60,0.008287387433079944,1.0,0.2629985784769719,0.4840990049338803,True,49
DVA,AWHMAN,Labor_Market,50,0.007987710401901767,1.0,0.25348838798105483,0.47744187158673834,True,50
DVA,PPIFGS,Prices,30,0.007905353462624188,1.0,0.2508748070265479,0.4756123649185835,True,51
DVA,CUMFNS,Output_Income,50,0.00758469868696772,1.0,0.24069889201587943,0.4684892244111156,True,52
DVA,HOUSTNE,Housing,50,0.020350069885118335,0.05,0.6458053873926481,0.4670637711748537,True,53
DVA,IPDCONGD,Output_Income,60,0.007357505444415022,1.0,0.23348896001819952,0.46344227201273963,True,54
DVA,INDPRO,Output_Income,50,0.0072259214620603906,1.0,0.22931316872220292,0.460519218105542,True,55
DVA,EXSZUS,Rates_FX,10,0.019912006908180825,0.05,0.6319035466559543,0.457332482659168,True,56
DVA,PPIFCG,Prices,10,0.00701687735075657,1.0,0.2226791957656068,0.4558754370359247,True,57
DVA,HOUSTW,Housing,30,0.019749212647797266,0.05,0.6267373034447117,0.45371611241129817,True,58
DVA,PERMITNE,Housing,30,0.019726338895108757,0.05,0.6260114094895796,0.4532079866427057,True,59
DVA,UNRATE,Labor_Market,50,0.006176192321893736,1.0,0.1960002249411877,0.43720015745883134,True,60
DVA,USFIRE,Labor_Market,30,0.005718559623076223,1.0,0.18147734300457521,0.4270341401032026,True,61
DVA,USCONS,Labor_Market,30,0.005399065034163581,1.0,0.1713382462875919,0.41993677240131433,True,62
DVA,DTCTHFNM,Money_Credit,60,0.01805102668649796,0.05,0.5728457124677367,0.4159919987274157,True,63
DVA,MCOILWTICO,Prices,10,0.0052112816848899285,1.0,0.16537897935100787,0.41576528554570547,True,64
DVA,USGOOD,Labor_Market,50,0.003996640526917326,1.0,0.12683258575158413,0.38878281002610887,True,65
DVA,PERMITW,Housing,30,0.01674824087418846,0.05,0.5315020659368987,0.3870514461558291,True,66
DVA,INVEST,Money_Credit,10,0.01656102604346526,0.05,0.5255608408225191,0.38289258857576336,True,67
DVA,DPCERA3M086SBEA,Consumption_Orders_Inventories,30,0.016494388599052064,0.05,0.5234461148856028,0.3814122804199219,True,68
DVA,RSAFS,Consumption_Orders_Inventories,30,0.016493757658485462,0.05,0.5234260921132321,0.38139826447926245,True,69
DVA,GS5,Rates_FX,10,0.016414597576518006,0.05,0.5209139627844571,0.37963977394911996,True,70
DVA,AMDMUO,Consumption_Orders_Inventories,60,0.016372621832053538,0.05,0.5195818709504731,0.37870730966533117,True,71
DVA,HOUSTMW,Housing,50,0.01622291630869103,0.05,0.5148309961841587,0.3753816973289111,True,72
DVA,MZMSL,Money_Credit,10,0.016082540813538153,0.05,0.5103762079923042,0.37226334559461294,True,73
DVA,HOUST,Housing,30,0.016027374855481145,0.05,0.508625527374743,0.37103786916232007,True,74
DVA,SP500,Stock_Market,30,0.01580681190016703,0.05,0.5016260062131345,0.36613820434919414,True,75
DVA,M1SL,Money_Credit,10,0.015618423290250056,0.05,0.49564753145139595,0.36195327201597716,True,76
DVA,M2REAL,Money_Credit,10,0.015446326255391237,0.05,0.4901860665574891,0.35813024659024234,True,77
DVA,M2SL,Money_Credit,10,0.01518339353268744,0.05,0.48184194932337066,0.35228936452635945,True,78
DVA,CMRMTSPL,Consumption_Orders_Inventories,30,0.014684380912070083,0.05,0.466005883865567,0.3412041187058969,True,79
DVA,NONREVSL,Money_Credit,10,0.014188782548629021,0.05,0.45027816917465724,0.33019471842226006,True,80
DVA,ANDENO,Consumption_Orders_Inventories,50,0.013332875665326612,0.05,0.4231161358517465,0.31118129509622255,True,81
DVA,PERMITS,Housing,60,0.012970508220673875,0.05,0.4116164776543278,0.3031315343580295,True,82
DVA,GS1,Rates_FX,10,0.011803915234107471,0.05,0.3745948831402959,0.27721641819820714,True,83
DVA,PERMIT,Housing,10,0.011566506562597894,0.05,0.36706076655297465,0.27194253658708223,True,84
DVA,EXJPUS,Rates_FX,60,0.011408645235683142,0.05,0.36205106899625755,0.26843574829738026,True,85
DVA,ACOGNO,Consumption_Orders_Inventories,10,0.011287221876738062,0.05,0.35819772304684694,0.26573840613279287,True,86
DVA,HOUSTS,Housing,30,0.011140118576588202,0.05,0.35352942931241166,0.26247060051868815,True,87
DVA,BUSINV,Consumption_Orders_Inventories,10,0.011044928656133197,0.05,0.35050859627339226,0.26035601739137454,True,88
DVA,UMCSENT,Consumption_Orders_Inventories,30,0.010798126158625916,0.05,0.3426763685015987,0.2548734579511191,True,89
DVA,AMBSL,Money_Credit,60,0.009500624191427672,0.05,0.30150040373589776,0.22605028261512844,True,90
DVA,EXUSUK,Rates_FX,60,0.008802406143019659,0.05,0.27934259397002464,0.21053981577901726,True,91
DVA,TB6MS,Rates_FX,10,0.008648931899969264,0.05,0.27447211964008467,0.20713048374805926,True,92
DVA,TB3MS,Rates_FX,50,0.008220666617835388,0.05,0.2608812067834391,0.19761684474840735,True,93
DVA,DTCOLNVHFNM,Money_Credit,10,0.008069054864593445,0.05,0.25606983819412077,0.19424888673588453,True,94
DVA,PERMITMW,Housing,30,0.0076507500491926166,0.05,0.242795018752066,0.18495651312644618,True,95
DVA,BUSLOANS,Money_Credit,50,0.007557407413403401,0.05,0.23983280892151462,0.18288296624506023,True,96
DVA,ISRATIO,Consumption_Orders_Inventories,10,0.006884360638602419,0.05,0.21847380447644496,0.1679316631335115,True,97
DVA,REALLN,Money_Credit,10,0.006705660865913408,0.05,0.21280280302141807,0.16396196211499264,True,98
DVA,EXCAUS,Rates_FX,60,0.006431582318826743,0.05,0.20410497528536906,0.15787348269975832,True,99
DVA,CPF3M,Rates_FX,10,0.0056565633211321,0.05,0.17950990279331505,0.14065693195532053,True,100
DVA,FEDFUNDS,Rates_FX,60,0.005439687015901917,0.05,0.1726273767329064,0.13583916371303448,True,101
DVA,NONBORRES,Money_Credit,30,0.0037709154532382418,0.05,0.11966924579872444,0.0987684720591071,True,102
DVA,TOTRESNS,Money_Credit,30,0.0036120432821132222,0.05,0.11462746930367985,0.0952392285125759,True,103
ED,EXCAUS,Rates_FX,10,0.03654258739765699,1.0,1.0,1.0,True,1
ED,HOUSTNE,Housing,60,0.028331965059896217,1.0,0.7753136019512614,0.8427195213658829,True,2
ED,PERMITNE,Housing,60,0.02817529258284548,1.0,0.7710262077570348,0.8397183454299244,True,3
ED,EXJPUS,Rates_FX,10,0.02791440221891373,1.0,0.763886856591428,0.8347207996139996,True,4
ED,AMBSL,Money_Credit,10,0.026250793866222748,1.0,0.7183616633535335,0.8028531643474734,True,5
ED,DTCTHFNM,Money_Credit,10,0.02347765910828758,1.0,0.6424739127747945,0.7497317389423561,True,6
ED,M2REAL,Money_Credit,10,0.021062242002165967,1.0,0.5763752241450867,0.7034626569015606,True,7
ED,MZMSL,Money_Credit,10,0.021011238055079574,1.0,0.5749794842503888,0.702485638975272,True,8
ED,M2SL,Money_Credit,10,0.020978015328844905,1.0,0.5740703333500122,0.7018492333450086,True,9
ED,NONBORRES,Money_Credit,10,0.020970024825459656,1.0,0.5738516705799599,0.7016961694059719,True,10
ED,M1SL,Money_Credit,10,0.020693808744597027,1.0,0.5662929260976155,0.6964050482683308,True,11
ED,TOTRESNS,Money_Credit,10,0.020589719434383175,1.0,0.5634444876692921,0.6944111413685045,True,12
ED,PPICMM,Prices,10,0.03494324009027964,0.05,0.956233331537988,0.6843633320765915,True,13
ED,REALLN,Money_Credit,50,0.019764405497161408,1.0,0.5408594985922821,0.6786016490145974,True,14
ED,INVEST,Money_Credit,10,0.019317698684145027,1.0,0.5286352187908736,0.6700446531536115,True,15
ED,EXUSUK,Rates_FX,10,0.018127907599225904,1.0,0.49607619192252966,0.6472533343457707,True,16
ED,GS5,Rates_FX,60,0.017810199689441118,1.0,0.48738200980763224,0.6411674068653426,True,17
ED,NONREVSL,Money_Credit,10,0.01733384415833635,1.0,0.474346383021793,0.632042468115255,True,18
ED,PERMITMW,Housing,50,0.016855950233639762,1.0,0.46126865758609414,0.6228880603102659,True,19
ED,HOUSTS,Housing,30,0.015942005722234347,1.0,0.43625826350918173,0.6053807844564272,True,20
ED,PERMIT,Housing,30,0.015193749240546854,1.0,0.41578197720944726,0.5910473840466131,True,21
ED,DTCOLNVHFNM,Money_Credit,60,0.014866864639328988,1.0,0.40683667189593176,0.5847856703271521,True,22
ED,HOUSTMW,Housing,50,0.014758163138032005,1.0,0.4038620193319496,0.5827034135323648,True,23
ED,HOUST,Housing,30,0.014068776512369593,1.0,0.3849967261286934,0.5694977082900854,True,24
ED,PERMITS,Housing,30,0.013987669034386412,1.0,0.38277719314651654,0.5679440352025615,True,25
ED,PERMITW,Housing,30,0.011760633651332309,1.0,0.32183363272427634,0.5252835429069934,True,26
ED,MCOILWTICO,Prices,10,0.02576735134841595,0.05,0.7051320988307489,0.5085924691815242,True,27
ED,AMDMUO,Consumption_Orders_Inventories,60,0.02524984158851443,0.05,0.6909702729515366,0.49867919106607556,True,28
ED,BUSLOANS,Money_Credit,10,0.010193448046115302,1.0,0.2789470798876403,0.49526295592134817,True,29
ED,AAA,Rates_FX,60,0.010106071716258469,1.0,0.2765559976989052,0.49358919838923365,True,30
ED,GS10,Rates_FX,50,0.009863191090326542,1.0,0.26990948897501826,0.48893664228251277,True,31
ED,IPB51222S,Output_Income,50,0.0245998709957873,0.05,0.6731836125365489,0.4862285287755842,True,32
ED,IPNCONGD,Output_Income,50,0.023623420371898705,0.05,0.6464627180015549,0.4675239026010884,True,33
ED,TB3MS,Rates_FX,10,0.00853485748351037,1.0,0.2335592001363757,0.46349144009546295,True,34
ED,GS1,Rates_FX,30,0.008124276779939736,1.0,0.222323523277956,0.45562646629456915,True,35
ED,ANDENO,Consumption_Orders_Inventories,60,0.022929289795423493,0.05,0.6274676050140241,0.45422732350981687,True,36
ED,HOUSTW,Housing,60,0.007863840773699395,1.0,0.21519660576097036,0.45063762403267926,True,37
ED,UMCSENT,Consumption_Orders_Inventories,30,0.022512825407914886,0.05,0.6160709191970994,0.4462496434379696,True,38
ED,IPDCONGD,Output_Income,30,0.022385294824197582,0.05,0.6125810025601215,0.44380670179208503,True,39
ED,IPFINAL,Output_Income,60,0.021675034985598862,0.05,0.5931445069756774,0.4302011548829742,True,40
ED,CPIMEDSL,Prices,10,0.021514307074250075,0.05,0.5887461344795063,0.4271222941356544,True,41
ED,SRVPRD,Labor_Market,30,0.021281024989888382,0.05,0.5823622930228761,0.4226536051160133,True,42
ED,CUSR0000SAS,Prices,10,0.02106013169565195,0.05,0.5763174749088037,0.41842223243616256,True,43
ED,CES2000000008,Labor_Market,10,0.021058130168331673,0.05,0.5762627024511642,0.4183838917158149,True,44
ED,CES0600000008,Labor_Market,10,0.02075630989981797,0.05,0.5680032908985752,0.4126023036290026,True,45
ED,CES3000000008,Labor_Market,10,0.020668646233612198,0.05,0.5656043456555409,0.4109230419588786,True,46
ED,DSERRG3M086SBEA,Prices,10,0.02060382182974486,0.05,0.5638304043863605,0.4096812830704523,True,47
ED,CPF3M,Rates_FX,10,0.005272842980033824,1.0,0.14429309349813318,0.40100516544869325,True,48
ED,IPMAT,Output_Income,10,0.019957326465796708,0.05,0.5461388447572356,0.3972971913300649,True,49
ED,CLF16OV,Labor_Market,30,0.01989492690720886,0.05,0.5444312601817699,0.3961018821272389,True,50
ED,EXSZUS,Rates_FX,10,0.005008668599370819,1.0,0.1370638741276421,0.39594471188934943,True,51
ED,PCEPI,Prices,10,0.01974812209741048,0.05,0.5404138979681737,0.3932897285777216,True,52
ED,DPCERA3M086SBEA,Consumption_Orders_Inventories,30,0.019728530197510863,0.05,0.5398777591423589,0.3929144313996512,True,53
ED,CPIAUCSL,Prices,10,0.019520030215319572,0.05,0.5341720881146785,0.38892046168027494,True,54
ED,RSAFS,Consumption_Orders_Inventories,30,0.019197929988482666,0.05,0.5253577087897608,0.3827503961528326,True,55
ED,BAA,Rates_FX,60,0.0042880811463823255,1.0,0.1173447599569062,0.38214133196983435,True,56
ED,PPICRM,Prices,30,0.019134591825402045,0.05,0.5236244389916654,0.3815371072941658,True,57
ED,PAYEMS,Labor_Market,30,0.018935902098099762,0.05,0.5181872288362886,0.37773106018540203,True,58
ED,CPIULFSL,Prices,10,0.01872452091223712,0.05,0.5124027127164423,0.3736818989015096,True,59
ED,CE16OV,Labor_Market,30,0.01848567937555221,0.05,0.5058667350067679,0.36910671450473753,True,60
ED,IPFUELS,Output_Income,30,0.018215671577645438,0.05,0.49847788224249756,0.36393451756974826,True,61
ED,CUSR0000SA0L5,Prices,10,0.018211573429193172,0.05,0.4983657350535843,0.363856014537509,True,62
ED,CES0600000007,Labor_Market,10,0.018194189423238357,0.05,0.4978900159763979,0.3635230111834785,True,63
ED,FEDFUNDS,Rates_FX,30,0.0025947804591429664,1.0,0.07100702615571595,0.34970491830900113,True,64
ED,DDURRG3M086SBEA,Prices,10,0.017388394425204907,0.05,0.4758391691311875,0.34808741839183127,True,65
ED,USTRADE,Labor_Market,30,0.017371448316761993,0.05,0.4753754332643616,0.3477628032850531,True,66
ED,AWHMAN,Labor_Market,30,0.017355351375653062,0.05,0.47493493514271073,0.3474544545998975,True,67
ED,USTPU,Labor_Market,30,0.016676667394135227,0.05,0.45636252333912425,0.334453766337387,True,68
ED,TB6MS,Rates_FX,30,0.0016364914551972914,1.0,0.04478313036208866,0.33134819125346204,True,69
ED,IPNMAT,Output_Income,50,0.0164470428909617,0.05,0.45007877280239433,0.33005514096167604,True,70
ED,IPFPNSS,Output_Income,60,0.016401313351929424,0.05,0.44882736882996493,0.32917915818097543,True,71
ED,IPDMAT,Output_Income,30,0.016093616241971146,0.05,0.4404071355659677,0.3232849948961774,True,72
ED,CUUR0000SAD,Prices,50,0.015837616731394815,0.05,0.43340162422134015,0.3183811369549381,True,73
ED,CMRMTSPL,Consumption_Orders_Inventories,30,0.015423133370463703,0.05,0.4220591498524429,0.31044140489671,True,74
ED,USGOVT,Labor_Market,30,0.015344871161137637,0.05,0.41991747858887263,0.30894223501221085,True,75
ED,ISRATIO,Consumption_Orders_Inventories,60,0.014865566901178857,0.05,0.4068011588618926,0.2997608112033248,True,76
ED,CUMFNS,Output_Income,30,0.01476337594299113,0.05,0.4040046694651325,0.29780326862559275,True,77
ED,CUUR0000SA0L2,Prices,10,0.014717881828575355,0.05,0.40275970796526095,0.29693179557568267,True,78
ED,UNRATE,Labor_Market,30,0.01465091536761378,0.05,0.40092714859466017,0.2956490040162621,True,79
ED,BUSINV,Consumption_Orders_Inventories,10,0.014534509233515302,0.05,0.3977416562037754,0.2934191593426428,True,80
ED,W875RX1,Output_Income,30,0.014249527568548222,0.05,0.3899430386109403,0.2879601270276582,True,81
ED,IPBUSEQ,Output_Income,10,0.014139001736617045,0.05,0.3869184626352867,0.28584292384470067,True,82
ED,RPI,Output_Income,10,0.013993466917385641,0.05,0.38293585413393205,0.28305509789375244,True,83
ED,CPIAPPSL,Prices,60,0.013767970645136926,0.05,0.37676507400293413,0.2787355518020539,True,84
ED,AWOTMAN,Labor_Market,30,0.01367567142730066,0.05,0.3742392753551301,0.27696749274859106,True,85
ED,PPIITM,Prices,10,0.012714573446398801,0.05,0.34793851097730494,0.25855695768411346,True,86
ED,INDPRO,Output_Income,30,0.012249510505593522,0.05,0.335211909662941,0.24964833676405868,True,87
ED,ACOGNO,Consumption_Orders_Inventories,10,0.010614901564314883,0.05,0.2904802949173621,0.21833620644215346,True,88
ED,USGOOD,Labor_Market,10,0.009130899401820589,0.05,0.2498700845251597,0.1899090591676118,True,89
ED,IPMANSICS,Output_Income,60,0.008652466282774962,0.05,0.23677760385762214,0.18074432270033547,True,90
ED,CPITRNSL,Prices,60,0.007675887704205539,0.05,0.2100532078004333,0.1620372454603033,True,91
ED,SP500,Stock_Market,50,0.0073787335835199235,0.05,0.20192148692768885,0.15634504084938217,True,92
ED,IPCONGD,Output_Income,30,0.007252048352301295,0.05,0.19845470364165502,0.1539182925491585,True,93
ED,USFIRE,Labor_Market,30,0.006166274231268442,0.05,0.16874213542043293,0.13311949479430304,True,94
ED,DMANEMP,Labor_Market,10,0.00581472889043895,0.05,0.1591219808045605,0.12638538656319234,True,95
ED,MANEMP,Labor_Market,10,0.005746040621652713,0.05,0.15724230359290686,0.1250696125150348,True,96
ED,NDMANEMP,Labor_Market,30,0.005714340528639362,0.05,0.15637482005463438,0.12446237403824406,True,97
ED,UEMPMEAN,Labor_Market,10,0.005679713345464929,0.05,0.15542723572521566,0.12379906500765096,True,98
ED,PPIFGS,Prices,30,0.005107646724631587,0.05,0.13977244328788482,0.11284071030151938,True,99
ED,USCONS,Labor_Market,60,0.004775846816081815,0.05,0.13069262896222913,0.1064848402735604,True,100
ED,CUSR0000SAC,Prices,60,0.004515738284939433,0.05,0.12357467290969576,0.10150227103678702,True,101
ED,DNDGRG3M086SBEA,Prices,30,0.0041134077727471045,0.05,0.11256476526921694,0.09379533568845184,True,102
ED,PPIFCG,Prices,60,0.003616603334952575,0.05,0.09896954738307506,0.08427868316815254,True,103
EIX,HOUSTMW,Housing,50,0.03378107160815382,1.0,0.8438276135726294,0.8906793295008406,True,1
EIX,M2REAL,Money_Credit,10,0.033718835077917085,1.0,0.8422729884442178,0.8895910919109524,True,2
EIX,M1SL,Money_Credit,10,0.032618804180276344,1.0,0.8147949836615545,0.8703564885630881,True,3
EIX,M2SL,Money_Credit,10,0.032604277353340684,1.0,0.814432113654111,0.8701024795578776,True,4
EIX,INVEST,Money_Credit,10,0.03241514505201109,1.0,0.8097077206469356,0.866795404452855,True,5
EIX,MZMSL,Money_Credit,10,0.0323610315958161,1.0,0.8083560042439497,0.8658492029707647,True,6
EIX,NONBORRES,Money_Credit,60,0.031248498211024243,1.0,0.7805656960501091,0.8463959872350764,True,7
EIX,PERMITMW,Housing,10,0.0308960508467443,1.0,0.7717618066483731,0.8402332646538611,True,8
EIX,DTCOLNVHFNM,Money_Credit,60,0.030764886480527137,1.0,0.7684854122398523,0.8379397885678965,True,9
EIX,TOTRESNS,Money_Credit,60,0.03059236468788187,1.0,0.764175938157272,0.8349231567100903,True,10
EIX,NONREVSL,Money_Credit,60,0.02828588367818017,1.0,0.7065616508207686,0.794593155574538,True,11
EIX,HOUST,Housing,10,0.026972739751532002,1.0,0.6737602311750561,0.7716321618225392,True,12
EIX,GS10,Rates_FX,10,0.026909089162832207,1.0,0.6721702838522461,0.7705191986965723,True,13
EIX,HOUSTS,Housing,10,0.02683996386954917,1.0,0.6704435822264025,0.7693105075584817,True,14
EIX,EXCAUS,Rates_FX,50,0.025530488090150294,1.0,0.6377337903412156,0.7464136532388508,True,15
EIX,HOUSTW,Housing,10,0.02546858258368701,1.0,0.6361874339558453,0.7453312037690917,True,16
EIX,CPF3M,Rates_FX,60,0.025087960150844652,1.0,0.6266797509876102,0.7386758256913271,True,17
EIX,FEDFUNDS,Rates_FX,60,0.024574404385575798,1.0,0.6138514860684273,0.7296960402478991,True,18
EIX,AMBSL,Money_Credit,10,0.0242434926108552,1.0,0.6055855406773355,0.7239098784741348,True,19
EIX,IPNCONGD,Output_Income,50,0.04003314310268923,0.05,1.0,0.715,True,20
EIX,PERMITS,Housing,10,0.022955581608855885,1.0,0.5734144218946886,0.7013900953262819,True,21
EIX,AAA,Rates_FX,10,0.02289975936924309,1.0,0.5720200212734432,0.7004140148914102,True,22
EIX,PERMITW,Housing,30,0.022451772662566254,1.0,0.5608296257172486,0.692580738002074,True,23
EIX,EXUSUK,Rates_FX,60,0.022197963450079017,1.0,0.5544896485679104,0.6881427539975372,True,24
EIX,EXSZUS,Rates_FX,10,0.0216977060871362,1.0,0.5419935684659908,0.6793954979261936,True,25
EIX,PERMIT,Housing,10,0.021685775224781313,1.0,0.541695543843635,0.6791868806905446,True,26
EIX,GS1,Rates_FX,60,0.021661970201030053,1.0,0.5411009109493305,0.6787706376645313,True,27
EIX,BAA,Rates_FX,10,0.02094666749916213,1.0,0.5232331482299983,0.6662632037609988,True,28
EIX,GS5,Rates_FX,10,0.019651269315254835,1.0,0.49087500486402624,0.6436125034048183,True,29
EIX,BUSLOANS,Money_Credit,60,0.01961042904068865,1.0,0.48985484328287265,0.6428983902980108,True,30
EIX,TB6MS,Rates_FX,60,0.019247244840983384,1.0,0.4807827552188988,0.6365479286532292,True,31
EIX,DPCERA3M086SBEA,Consumption_Orders_Inventories,10,0.03544344791479899,0.05,0.8853526145544658,0.634746830188126,True,32
EIX,RSAFS,Consumption_Orders_Inventories,10,0.03474297998249851,0.05,0.8678554140347938,0.6224987898243557,True,33
EIX,REALLN,Money_Credit,50,0.018354178983114883,1.0,0.4584745928151202,0.620932214970584,True,34
EIX,IPMAT,Output_Income,10,0.03394824661152238,0.05,0.8480035285873395,0.6086024700111377,True,35
EIX,DTCTHFNM,Money_Credit,10,0.017138398347202134,1.0,0.4281052402815421,0.5996736681970795,True,36
EIX,CUSR0000SAS,Prices,10,0.03247671470453286,0.05,0.8112456876350344,0.582871981344524,True,37
EIX,PERMITNE,Housing,10,0.016175063840301256,1.0,0.4040418160225519,0.5828292712157863,True,38
EIX,CES2000000008,Labor_Market,10,0.032422909265459945,0.05,0.8099016652849806,0.5819311656994864,True,39
EIX,CES0600000008,Labor_Market,10,0.03239071595064678,0.05,0.80909749872902,0.581368249110314,True,40
EIX,CPIMEDSL,Prices,10,0.03224662123309471,0.05,0.8054981131603565,0.5788486792122495,True,41
EIX,CES3000000008,Labor_Market,10,0.032173568680303286,0.05,0.8036733113304316,0.5775713179313021,True,42
EIX,CMRMTSPL,Consumption_Orders_Inventories,10,0.03213470492129615,0.05,0.8027025217297389,0.5768917652108172,True,43
EIX,IPDCONGD,Output_Income,10,0.0317297425613291,0.05,0.7925868443539136,0.5698107910477395,True,44
EIX,DSERRG3M086SBEA,Prices,10,0.03093338700803398,0.05,0.7726944379232622,0.5558861065462836,True,45
EIX,PCEPI,Prices,10,0.030887481842818112,0.05,0.7715477589053766,0.5550834312337636,True,46
EIX,CLF16OV,Labor_Market,10,0.03071106703763465,0.05,0.7671410400841504,0.5519987280589053,True,47
EIX,W875RX1,Output_Income,10,0.030482198659621693,0.05,0.7614240675889884,0.5479968473122918,True,48
EIX,SRVPRD,Labor_Market,10,0.029900068115946674,0.05,0.746882852521718,0.5378179967652026,True,49
EIX,EXJPUS,Rates_FX,30,0.013556199330376256,1.0,0.33862440667232085,0.5370370846706246,True,50
EIX,TB3MS,Rates_FX,60,0.013351872723279905,1.0,0.33352047050192746,0.5334643293513492,True,51
EIX,PPICRM,Prices,50,0.029609275150113315,0.05,0.7396190470021903,0.5327333329015331,True,52
EIX,CPIULFSL,Prices,10,0.029289065831984235,0.05,0.7316204415140398,0.5271343090598278,True,53
EIX,CPIAUCSL,Prices,10,0.029273416494404084,0.05,0.7312295319734122,0.5268606723813886,True,54
EIX,CUSR0000SA0L5,Prices,50,0.028525454939428256,0.05,0.712545973876132,0.5137821817132924,True,55
EIX,RPI,Output_Income,60,0.028432383351295484,0.05,0.7102211105024511,0.5121547773517157,True,56
EIX,CUUR0000SA0L2,Prices,10,0.027721104536559286,0.05,0.6924538616778535,0.49971770317449743,True,57
EIX,DNDGRG3M086SBEA,Prices,10,0.02759010942652733,0.05,0.6891816951708186,0.497427186619573,True,58
EIX,CUMFNS,Output_Income,10,0.02692885572600219,0.05,0.6726640388172079,0.48586482717204554,True,59
EIX,DDURRG3M086SBEA,Prices,10,0.026831026355861234,0.05,0.6702203293665157,0.4841542305565609,True,60
EIX,AWHMAN,Labor_Market,10,0.026745181723760347,0.05,0.6680759903152279,0.4826531932206595,True,61
EIX,IPFINAL,Output_Income,60,0.026538985523657684,0.05,0.6629253530151852,0.4790477471106296,True,62
EIX,CES0600000007,Labor_Market,10,0.026331915236382685,0.05,0.6577528816270695,0.4754270171389486,True,63
EIX,CUSR0000SAC,Prices,10,0.026005635820008956,0.05,0.6496026493173858,0.46972185452217,True,64
EIX,BUSINV,Consumption_Orders_Inventories,10,0.02600404461826124,0.05,0.6495629022072568,0.4696940315450797,True,65
EIX,PAYEMS,Labor_Market,10,0.02523820528108969,0.05,0.6304327695767238,0.45630293870370664,True,66
EIX,IPCONGD,Output_Income,50,0.0250849837485954,0.05,0.626605402534839,0.4536237817743873,True,67
EIX,USTPU,Labor_Market,10,0.024661848168025993,0.05,0.6160357707803694,0.4462250395462586,True,68
EIX,IPFPNSS,Output_Income,60,0.02454849879887926,0.05,0.613204382576451,0.44424306780351575,True,69
EIX,HOUSTNE,Housing,60,0.007825350391815774,1.0,0.1954717962499953,0.4368302573749967,True,70
EIX,CE16OV,Labor_Market,10,0.023784771823304258,0.05,0.5941270152656715,0.43088891068597,True,71
EIX,AWOTMAN,Labor_Market,10,0.02258779273189018,0.05,0.5642273122035437,0.40995911854248057,True,72
EIX,AMDMUO,Consumption_Orders_Inventories,10,0.022409816844765455,0.05,0.5597815986439514,0.406847119050766,True,73
EIX,PPIFGS,Prices,60,0.021966591196871933,0.05,0.5487101310163259,0.39909709171142815,True,74
EIX,UMCSENT,Consumption_Orders_Inventories,30,0.021918035631827336,0.05,0.5474972468588155,0.39824807280117086,True,75
EIX,INDPRO,Output_Income,10,0.021552335260711222,0.05,0.5383623065874995,0.3918536146112496,True,76
EIX,CPIAPPSL,Prices,30,0.021353008055482094,0.05,0.533383251989717,0.3883682763928019,True,77
EIX,NDMANEMP,Labor_Market,60,0.021224356607651824,0.05,0.5301696285302684,0.38611873997118784,True,78
EIX,IPDMAT,Output_Income,10,0.020994995715208045,0.05,0.5244403533680497,0.3821082473576348,True,79
EIX,PPICMM,Prices,60,0.020192391062708752,0.05,0.5043918487967117,0.3680742941576982,True,80
EIX,IPMANSICS,Output_Income,60,0.019604077283570893,0.05,0.48969618081908706,0.35778732657336093,True,81
EIX,MCOILWTICO,Prices,50,0.019249837252324875,0.05,0.48084751184654706,0.3515932582925829,True,82
EIX,DMANEMP,Labor_Market,60,0.019024885029628853,0.05,0.47522836218050674,0.3476598535263547,True,83
EIX,PPIFCG,Prices,10,0.018971953079635697,0.05,0.47390615897859023,0.34673431128501314,True,84
EIX,IPFUELS,Output_Income,30,0.01888003246766073,0.05,0.4716100461867672,0.34512703233073705,True,85
EIX,USGOVT,Labor_Market,60,0.018696586027404694,0.05,0.46702768202451606,0.3419193774171612,True,86
EIX,MANEMP,Labor_Market,60,0.018074966630555175,0.05,0.4515000629401239,0.33105004405808675,True,87
EIX,SP500,Stock_Market,10,0.017881625357304858,0.05,0.4466705327492424,0.3276693729244697,True,88
EIX,UNRATE,Labor_Market,10,0.017111804441530057,0.05,0.42744094306151464,0.31420866014306026,True,89
EIX,CPITRNSL,Prices,30,0.016973721162629206,0.05,0.4239917190386431,0.31179420332705016,True,90
EIX,ACOGNO,Consumption_Orders_Inventories,10,0.01667549290514372,0.05,0.4165421851181988,0.30657952958273915,True,91
EIX,ANDENO,Consumption_Orders_Inventories,10,0.015490753664445614,0.05,0.386948224992232,0.2858637574945624,True,92
EIX,USTRADE,Labor_Market,10,0.014796328335994906,0.05,0.3696019645032808,0.27372137515229655,True,93
EIX,IPNMAT,Output_Income,60,0.01470294268983862,0.05,0.3672692561791619,0.2720884793254133,True,94
EIX,USGOOD,Labor_Market,60,0.01434113173286453,0.05,0.35823147076106454,0.2657620295327452,True,95
EIX,UEMPMEAN,Labor_Market,60,0.014339862372030776,0.05,0.3581997630125498,0.2657398341087849,True,96
EIX,ISRATIO,Consumption_Orders_Inventories,50,0.014129726359169727,0.05,0.35295071193699407,0.2620654983558958,True,97
EIX,USFIRE,Labor_Market,10,0.013721713448498363,0.05,0.3427588339316931,0.25493118375218515,True,98
EIX,IPBUSEQ,Output_Income,60,0.01203832370579929,0.05,0.30070893196968623,0.22549625237878035,True,99
EIX,USCONS,Labor_Market,10,0.009868560975891347,0.05,0.24650977193015916,0.18755684035111142,True,100
EIX,IPB51222S,Output_Income,60,0.0073317625649641106,0.05,0.1831423165090327,0.14319962155632288,True,101
EIX,PPIITM,Prices,30,0.006028404871107496,0.05,0.15058535013461227,0.12040974509422858,True,102
EIX,CUUR0000SAD,Prices,50,0.0038515999845661775,0.05,0.09621028193280796,0.08234719735296557,True,103
EMN,IPFPNSS,Output_Income,60,0.059243960399392774,1.0,1.0,1.0,True,1
EMN,IPMANSICS,Output_Income,60,0.055851619453841095,1.0,0.9427394636907757,0.959917624583543,True,2
EMN,IPFINAL,Output_Income,60,0.055038094615501826,1.0,0.9290076869348853,0.9503053808544197,True,3
EMN,DMANEMP,Labor_Market,50,0.049333007154500265,1.0,0.8327094748886151,0.8828966324220306,True,4
EMN,INDPRO,Output_Income,50,0.04885041000396446,1.0,0.8245635449527637,0.8771944814669346,True,5
EMN,CUMFNS,Output_Income,50,0.04645439855589646,1.0,0.78412041063299,0.8488842874430929,True,6
EMN,IPCONGD,Output_Income,60,0.045562969994789454,1.0,0.7690736690732184,0.8383515683512528,True,7
EMN,MANEMP,Labor_Market,50,0.04374049755607557,1.0,0.7383115048555041,0.8168180533988529,True,8
EMN,IPBUSEQ,Output_Income,60,0.04100539689187221,1.0,0.6921447623594809,0.7845013336516365,True,9
EMN,IPDMAT,Output_Income,50,0.04050738031760329,1.0,0.6837385624546882,0.7786169937182816,True,10
EMN,UNRATE,Labor_Market,50,0.03817278789967091,1.0,0.644332141915046,0.7510324993405322,True,11
EMN,IPMAT,Output_Income,50,0.03645163723854202,1.0,0.6152802242254493,0.7306961569578144,True,12
EMN,USGOOD,Labor_Market,50,0.036361677791730815,1.0,0.613761766542932,0.7296332365800524,True,13
EMN,MCOILWTICO,Prices,60,0.034755643705020677,1.0,0.5866529426918075,0.7106570598842652,True,14
EMN,NDMANEMP,Labor_Market,50,0.03305357633794748,1.0,0.557923138748946,0.6905461971242621,True,15
EMN,USTRADE,Labor_Market,50,0.03192439385802191,1.0,0.5388632637454319,0.6772042846218023,True,16
EMN,CE16OV,Labor_Market,50,0.03164986835417365,1.0,0.5342294495642471,0.6739606146949729,True,17
EMN,IPDCONGD,Output_Income,50,0.030394164701597427,1.0,0.5130339784291152,0.6591237849003806,True,18
EMN,PAYEMS,Labor_Market,50,0.029583403330660882,1.0,0.49934884722804757,0.6495441930596333,True,19
EMN,USTPU,Labor_Market,50,0.02934366046506223,1.0,0.4953021416401289,0.6467114991480902,True,20
EMN,PPIITM,Prices,60,0.02889312076647662,1.0,0.4876973209031576,0.6413881246322103,True,21
EMN,AWHMAN,Labor_Market,60,0.02853819658531481,1.0,0.4817064286878315,0.637194500081482,True,22
EMN,SRVPRD,Labor_Market,50,0.028385741986656523,1.0,0.4791330929818707,0.6353931650873095,True,23
EMN,IPNMAT,Output_Income,50,0.028138643087421897,1.0,0.4749622222708512,0.6324735555895958,True,24
EMN,IPB51222S,Output_Income,50,0.027642910687199897,1.0,0.4665945777568784,0.6266162044298149,True,25
EMN,CES0600000007,Labor_Market,60,0.027333037302938797,1.0,0.46136411405775885,0.6229548798404312,True,26
EMN,USGOVT,Labor_Market,10,0.02544668583887042,1.0,0.4295237129206379,0.6006665990444465,True,27
EMN,PPICRM,Prices,50,0.024005564115131363,1.0,0.40519850383563166,0.5836389526849421,True,28
EMN,AWOTMAN,Labor_Market,60,0.023951310223328654,1.0,0.40428273298849454,0.5829979130919462,True,29
EMN,USCONS,Labor_Market,50,0.023894288459229078,1.0,0.4033202422347508,0.5823241695643255,True,30
EMN,CPITRNSL,Prices,50,0.023686466196782437,1.0,0.3998123359258949,0.5798686351481264,True,31
EMN,PPICMM,Prices,60,0.023174402812600206,1.0,0.39116903489182897,0.5738183244242803,True,32
EMN,GS5,Rates_FX,60,0.041068662968254455,0.05,0.6932126530939243,0.500248857165747,True,33
EMN,IPFUELS,Output_Income,50,0.016725856171818675,1.0,0.2823217094039869,0.4976251965827908,True,34
EMN,IPNCONGD,Output_Income,10,0.016249532692481028,1.0,0.2742816750084719,0.49199717250593034,True,35
EMN,PPIFCG,Prices,50,0.015568952116342351,1.0,0.26279391201034435,0.48395573840724104,True,36
EMN,HOUSTNE,Housing,50,0.03955950290578267,0.05,0.6677390005511539,0.4824173003858077,True,37
EMN,CLF16OV,Labor_Market,50,0.015023839082290286,1.0,0.25359275411378934,0.47751492787965255,True,38
EMN,DNDGRG3M086SBEA,Prices,50,0.014396365486058023,1.0,0.24300140282663446,0.47010098197864414,True,39
EMN,CPIAPPSL,Prices,60,0.014198228313472307,1.0,0.23965697461403734,0.4677598822298261,True,40
EMN,USFIRE,Labor_Market,50,0.01408039227436742,1.0,0.23766797795833614,0.46636758457083527,True,41
EMN,PPIFGS,Prices,50,0.012447920394548475,1.0,0.2101129011401483,0.4470790307981038,True,42
EMN,UEMPMEAN,Labor_Market,10,0.012154478981931189,1.0,0.2051597985683578,0.44361185899785044,True,43
EMN,CUSR0000SAC,Prices,50,0.011496645280906626,1.0,0.19405598821216655,0.4358391917485166,True,44
EMN,ANDENO,Consumption_Orders_Inventories,50,0.03476146374639946,0.05,0.5867511812521526,0.42572582687650684,True,45
EMN,FEDFUNDS,Rates_FX,60,0.03262557162665213,0.05,0.5506986941235369,0.4004890858864758,True,46
EMN,ACOGNO,Consumption_Orders_Inventories,50,0.032290646947602294,0.05,0.545045380658469,0.39653176646092825,True,47
EMN,CUUR0000SA0L2,Prices,50,0.007161363481275372,1.0,0.12087921592339686,0.3846154511463778,True,48
EMN,GS10,Rates_FX,60,0.03114013858223279,0.05,0.5256255384059699,0.38293787688417896,True,49
EMN,W875RX1,Output_Income,60,0.0065249620314781105,1.0,0.11013716820229642,0.3770960177416075,True,50
EMN,CUUR0000SAD,Prices,50,0.0064833193167103545,1.0,0.10943426592353211,0.37660398614647245,True,51
EMN,CPIMEDSL,Prices,10,0.006105470972732201,1.0,0.10305642856372546,0.3721394999946078,True,52
EMN,CES2000000008,Labor_Market,10,0.006012499382707521,1.0,0.10148712783842093,0.3710409894868946,True,53
EMN,CES0600000008,Labor_Market,10,0.005836610304255062,1.0,0.09851823316516302,0.3689627632156141,True,54
EMN,CUSR0000SAS,Prices,10,0.005692718359098561,1.0,0.09608942955064342,0.36726260068545036,True,55
EMN,CES3000000008,Labor_Market,10,0.005658159364654886,1.0,0.09550609592117816,0.3668542671448247,True,56
EMN,DTCTHFNM,Money_Credit,50,0.028951179095849967,0.05,0.4886773082129517,0.35707411574906617,True,57
EMN,DDURRG3M086SBEA,Prices,50,0.004280899214674214,1.0,0.07225882918384523,0.35058118042869163,True,58
EMN,DSERRG3M086SBEA,Prices,10,0.004228190476026218,1.0,0.07136913952953008,0.34995839767067105,True,59
EMN,GS1,Rates_FX,60,0.02832477535904141,0.05,0.4781040154657137,0.34967281082599955,True,60
EMN,PERMITNE,Housing,50,0.027773010058267506,0.05,0.468790571579549,0.3431534001056843,True,61
EMN,EXJPUS,Rates_FX,60,0.02772014714117837,0.05,0.46789827949217405,0.3425287956445218,True,62
EMN,CUSR0000SA0L5,Prices,60,0.003547643863087091,1.0,0.05988194980839689,0.3419173648658778,True,63
EMN,CPIULFSL,Prices,50,0.0032539908860967975,1.0,0.05492527616587478,0.33844769331611235,True,64
EMN,CPIAUCSL,Prices,60,0.002842532212162927,1.0,0.04798011802384605,0.3335860826166922,True,65
EMN,PCEPI,Prices,10,0.002148701614097733,1.0,0.036268703165897,0.3253880922161279,True,66
EMN,AMDMUO,Consumption_Orders_Inventories,50,0.026018637648779257,0.05,0.43917789211549635,0.32242452448084746,True,67
EMN,RPI,Output_Income,30,0.0017677975977198905,1.0,0.02983928801859792,0.32088750161301854,True,68
EMN,UMCSENT,Consumption_Orders_Inventories,60,0.024870386567860094,0.05,0.41979615137469783,0.3088573059622885,True,69
EMN,HOUST,Housing,50,0.024625697726337277,0.05,0.41566596088990837,0.30596617262293585,True,70
EMN,AAA,Rates_FX,50,0.0231007388661518,0.05,0.3899256347890708,0.28794794435234955,True,71
EMN,CPF3M,Rates_FX,50,0.02249572901916179,0.05,0.3797134571609828,0.280799420012688,True,72
EMN,EXUSUK,Rates_FX,60,0.019931328249031596,0.05,0.33642801923883336,0.25049961346718336,True,73
EMN,PERMITMW,Housing,50,0.019918014012138295,0.05,0.33620328347161693,0.25034229843013184,True,74
EMN,HOUSTW,Housing,50,0.01963959161674561,0.05,0.33150369226407944,0.24705258458485557,True,75
EMN,TB6MS,Rates_FX,10,0.01917398153641854,0.05,0.32364449316280125,0.24155114521396087,True,76
EMN,BAA,Rates_FX,10,0.019105028139920485,0.05,0.32248060411768664,0.24073642288238062,True,77
EMN,HOUSTS,Housing,60,0.018817020047754793,0.05,0.31761921250537567,0.23733344875376294,True,78
EMN,HOUSTMW,Housing,50,0.018103683184711204,0.05,0.3055785444231841,0.22890498109622887,True,79
EMN,ISRATIO,Consumption_Orders_Inventories,50,0.017601840735846707,0.05,0.2971077662125221,0.2229754363487655,True,80
EMN,PERMIT,Housing,50,0.017601293066035965,0.05,0.2970985218978772,0.22296896532851407,True,81
EMN,CMRMTSPL,Consumption_Orders_Inventories,60,0.017044281889761415,0.05,0.2876965310026119,0.21638757170182832,True,82
EMN,PERMITW,Housing,50,0.01461470204143556,0.05,0.24668678364698512,0.18768074855288958,True,83
EMN,AMBSL,Money_Credit,30,0.013368964036711914,0.05,0.22565952624681282,0.17296166837276894,True,84
EMN,DTCOLNVHFNM,Money_Credit,50,0.01287052560536614,0.05,0.21724620566551553,0.16707234396586085,True,85
EMN,RSAFS,Consumption_Orders_Inventories,50,0.012426962906858508,0.05,0.2097591522086339,0.16183140654604372,True,86
EMN,EXSZUS,Rates_FX,10,0.012247858778996382,0.05,0.2067359895663207,0.15971519269642448,True,87
EMN,TB3MS,Rates_FX,60,0.012001404136034748,0.05,0.2025759934873928,0.15680319544117494,True,88
EMN,EXCAUS,Rates_FX,50,0.011670117780968176,0.05,0.19698409259431937,0.15288886481602354,True,89
EMN,PERMITS,Housing,50,0.010925445771028212,0.05,0.18441450735863016,0.14409015515104112,True,90
EMN,DPCERA3M086SBEA,Consumption_Orders_Inventories,50,0.010647233134549227,0.05,0.1797184567468308,0.14080291972278153,True,91
EMN,BUSINV,Consumption_Orders_Inventories,30,0.00873953521040618,0.05,0.14751774107417295,0.11826241875192106,True,92
EMN,REALLN,Money_Credit,60,0.00843737217918301,0.05,0.14241742318208508,0.11469219622745955,True,93
EMN,SP500,Stock_Market,50,0.007780162633314055,0.05,0.1313241481640346,0.1069269037148242,True,94
EMN,MZMSL,Money_Credit,10,0.007730643949280224,0.05,0.13048830458268046,0.10634181320787632,True,95
EMN,NONBORRES,Money_Credit,10,0.00712704961368576,0.05,0.12030001987778673,0.09921001391445071,True,96
EMN,INVEST,Money_Credit,10,0.006837086081274799,0.05,0.11540562169008668,0.09578393518306068,True,97
EMN,M2REAL,Money_Credit,10,0.006694226655636006,0.05,0.1129942463418536,0.09409597243929751,True,98
EMN,TOTRESNS,Money_Credit,60,0.00641324847962229,0.05,0.10825151519897415,0.0907760606392819,True,99
EMN,M2SL,Money_Credit,10,0.005841770601226601,0.05,0.09860533566365824,0.08402373496456077,True,100
EMN,M1SL,Money_Credit,10,0.005687998539012973,0.05,0.0960097620190711,0.08220683341334976,True,101
EMN,BUSLOANS,Money_Credit,30,0.004159674287690797,0.05,0.07021263027738828,0.06414884119417179,True,102
EMN,NONREVSL,Money_Credit,30,0.0029174096503640085,0.05,0.049244001087981125,0.04947080076158678,True,103
ESS,GS10,Rates_FX,30,0.021668386502373092,1.0,0.9764896786256292,0.9835427750379404,True,1
ESS,GS5,Rates_FX,30,0.02058747128910032,1.0,0.9277780429385565,0.9494446300569894,True,2
ESS,AAA,Rates_FX,30,0.018151854129659348,1.0,0.818016523915573,0.8726115667409011,True,3
ESS,CPF3M,Rates_FX,50,0.016391537664910104,1.0,0.7386875504013642,0.817081285280955,True,4
ESS,GS1,Rates_FX,50,0.016230698284263507,1.0,0.7314392952024485,0.8120075066417138,True,5
ESS,EXUSUK,Rates_FX,30,0.015613727011890559,1.0,0.7036353754498299,0.792544762814881,True,6
ESS,TB6MS,Rates_FX,50,0.015264990602024117,1.0,0.6879195073228588,0.7815436551260011,True,7
ESS,TB3MS,Rates_FX,50,0.014298034560757757,1.0,0.6443434619224369,0.7510404233457058,True,8
ESS,FEDFUNDS,Rates_FX,60,0.014061309061889694,1.0,0.6336753853544446,0.7435727697481112,True,9
ESS,IPBUSEQ,Output_Income,50,0.022190082472628377,0.05,1.0,0.715,True,10
ESS,BAA,Rates_FX,30,0.012418299600204916,1.0,0.559632872726948,0.6917430109088636,True,11
ESS,IPFINAL,Output_Income,50,0.01999341887877559,0.05,0.9010069657666938,0.6457048760366857,True,12
ESS,ISRATIO,Consumption_Orders_Inventories,30,0.019832152685499576,0.05,0.8937394761809775,0.6406176333266842,True,13
ESS,IPFPNSS,Output_Income,50,0.019716035676344053,0.05,0.888506642580708,0.6369546498064955,True,14
ESS,PERMITMW,Housing,50,0.00977096900507938,1.0,0.44033045019692646,0.6082313151378484,True,15
ESS,PERMITNE,Housing,30,0.00891835333386879,1.0,0.4019071738408202,0.5813350216885741,True,16
ESS,ANDENO,Consumption_Orders_Inventories,50,0.017534199246563027,0.05,0.7901817971245301,0.568127257987171,True,17
ESS,HOUSTW,Housing,50,0.007975486055874219,1.0,0.3594166928271689,0.5515916849790182,True,18
ESS,BUSLOANS,Money_Credit,30,0.007804626669828608,1.0,0.3517168843088199,0.5462018190161739,True,19
ESS,HOUSTMW,Housing,30,0.007565802852480825,1.0,0.3409542466465952,0.5386679726526166,True,20
ESS,PPIITM,Prices,50,0.016351873200304894,0.05,0.7369000642730843,0.530830044991159,True,21
ESS,IPMANSICS,Output_Income,50,0.016327498434822185,0.05,0.7358016111459824,0.5300611278021877,True,22
ESS,HOUSTNE,Housing,10,0.007021112244600508,1.0,0.31640766785166746,0.5214853674961673,True,23
ESS,DTCTHFNM,Money_Credit,50,0.006836022760145311,1.0,0.30806657742609084,0.5156466041982636,True,24
ESS,DMANEMP,Labor_Market,50,0.01565072801557206,0.05,0.705302832239463,0.5087119825676241,True,25
ESS,PERMITW,Housing,10,0.0063314934101350515,1.0,0.285329872835984,0.49973091098518874,True,26
ESS,REALLN,Money_Credit,50,0.0062064887135711,1.0,0.27969651402723933,0.4957875598190675,True,27
ESS,NONREVSL,Money_Credit,30,0.005722074842504489,1.0,0.25786631706135876,0.4805064219429511,True,28
ESS,EXSZUS,Rates_FX,50,0.005640228517442642,1.0,0.2541778979145257,0.477924528540168,True,29
ESS,AMBSL,Money_Credit,30,0.0056343203832079575,1.0,0.25391164679797523,0.47773815275858267,True,30
ESS,CUUR0000SAD,Prices,10,0.014424111962632801,0.05,0.6500251623861716,0.4700176136703201,True,31
ESS,MANEMP,Labor_Market,50,0.01429605337130999,0.05,0.6442541792687915,0.46597792548815403,True,32
ESS,PPIFGS,Prices,50,0.01390939253229756,0.05,0.6268292400199456,0.4537804680139619,True,33
ESS,HOUST,Housing,60,0.004803263694735355,1.0,0.21645992982045983,0.4515219508743219,True,34
ESS,NONBORRES,Money_Credit,10,0.004608821513071962,1.0,0.20769735843735485,0.44538815090614836,True,35
ESS,HOUSTS,Housing,60,0.004543215216206349,1.0,0.204740799039861,0.44331855932790265,True,36
ESS,DTCOLNVHFNM,Money_Credit,60,0.00430840623363462,1.0,0.194159090618481,0.4359113634329367,True,37
ESS,PERMIT,Housing,50,0.004178511022870997,1.0,0.18830533992044507,0.43181373794431155,True,38
ESS,EXJPUS,Rates_FX,50,0.004129732431551777,1.0,0.18610712405624588,0.4302749868393721,True,39
ESS,TOTRESNS,Money_Credit,50,0.003863159061396824,1.0,0.1740939478779341,0.42186576351455385,True,40
ESS,PERMITS,Housing,50,0.003833502705084809,1.0,0.17275747892390492,0.42093023524673345,True,41
ESS,USGOOD,Labor_Market,10,0.012739768379588302,0.05,0.5741199202527929,0.416883944176955,True,42
ESS,USTRADE,Labor_Market,50,0.012568580279677633,0.05,0.5664052981858478,0.4114837087300935,True,43
ESS,EXCAUS,Rates_FX,30,0.0033060856621340224,1.0,0.14898933639440512,0.40429253547608357,True,44
ESS,M2REAL,Money_Credit,30,0.00327633649143354,1.0,0.14764868474350756,0.4033540793204553,True,45
ESS,PPIFCG,Prices,50,0.012051574807588221,0.05,0.5431063549427508,0.39517444845992555,True,46
ESS,IPB51222S,Output_Income,10,0.011583938309365917,0.05,0.5220322332580235,0.38042256328061647,True,47
ESS,UEMPMEAN,Labor_Market,10,0.011421039379654739,0.05,0.5146911641154408,0.37528381488080853,True,48
ESS,M1SL,Money_Credit,30,0.0022016151403682254,1.0,0.09921617655472588,0.3694513235883081,True,49
ESS,IPNCONGD,Output_Income,30,0.01109454230418954,0.05,0.499977515535363,0.3649842608747541,True,50
ESS,CUMFNS,Output_Income,30,0.011048371986492795,0.05,0.4978968419842981,0.3635277893890087,True,51
ESS,M2SL,Money_Credit,30,0.0019380012477920561,1.0,0.08733636975809325,0.3611354588306653,True,52
ESS,ACOGNO,Consumption_Orders_Inventories,60,0.010823425844792484,0.05,0.4877596042350566,0.3564317229645396,True,53
ESS,MZMSL,Money_Credit,50,0.0013753297191312988,1.0,0.06197947758093183,0.34338563430665225,True,54
ESS,IPNMAT,Output_Income,50,0.010337219903366288,0.05,0.4658486473007625,0.3410940531105337,True,55
ESS,IPFUELS,Output_Income,50,0.01025755027889151,0.05,0.46225832155172336,0.33858082508620635,True,56
ESS,INVEST,Money_Credit,60,0.0008035274812043649,1.0,0.03621110837219833,0.3253477758605388,True,57
ESS,DDURRG3M086SBEA,Prices,30,0.009719658321234715,0.05,0.43801812513423427,0.321612687593964,True,58
ESS,CES0600000007,Labor_Market,60,0.009661586373038647,0.05,0.4354011024950575,0.31978077174654024,True,59
ESS,MCOILWTICO,Prices,30,0.00878230145004733,0.05,0.3957759715801129,0.29204318010607905,True,60
ESS,PPICMM,Prices,30,0.00873032293145428,0.05,0.39343355042610567,0.290403485298274,True,61
ESS,IPCONGD,Output_Income,30,0.008601690831328194,0.05,0.3876367220328469,0.2863457054229928,True,62
ESS,IPDCONGD,Output_Income,30,0.00827694733832867,0.05,0.3730020989574213,0.2761014692701949,True,63
ESS,CUSR0000SAC,Prices,60,0.007939172377933536,0.05,0.3577802104938799,0.2654461473457159,True,64
ESS,NDMANEMP,Labor_Market,10,0.007907455398537615,0.05,0.35635087919531244,0.2644456154367187,True,65
ESS,UNRATE,Labor_Market,50,0.007852553342687833,0.05,0.35387670831661006,0.262713695821627,True,66
ESS,AWOTMAN,Labor_Market,50,0.007696244918149192,0.05,0.34683264145784787,0.2577828490204935,True,67
ESS,CLF16OV,Labor_Market,50,0.007622989348185217,0.05,0.343531366212281,0.25547195634859665,True,68
ESS,INDPRO,Output_Income,30,0.007568095912907106,0.05,0.341057583821169,0.2537403086748183,True,69
ESS,DNDGRG3M086SBEA,Prices,60,0.007170810715342799,0.05,0.32315385597092955,0.24120769917965068,True,70
ESS,UMCSENT,Consumption_Orders_Inventories,50,0.007003785651589272,0.05,0.3156268418663379,0.23593878930643652,True,71
ESS,PAYEMS,Labor_Market,50,0.006803603846293217,0.05,0.3066056133268324,0.22962392932878267,True,72
ESS,AWHMAN,Labor_Market,60,0.006764887738891794,0.05,0.30486086508404514,0.22840260555883157,True,73
ESS,SRVPRD,Labor_Market,50,0.0066731791284163925,0.05,0.3007280002968806,0.2255096002078164,True,74
ESS,RPI,Output_Income,30,0.006635444700376508,0.05,0.2990274916085317,0.2243192441259722,True,75
ESS,CPITRNSL,Prices,60,0.006627883456243657,0.05,0.2986867428013933,0.22408071996097528,True,76
ESS,USCONS,Labor_Market,10,0.0063002793883913675,0.05,0.28392320741316784,0.21374624518921748,True,77
ESS,USGOVT,Labor_Market,10,0.006158921138249754,0.05,0.27755287281364666,0.20928701096955266,True,78
ESS,CPIAPPSL,Prices,30,0.006146493421287097,0.05,0.2769928155458115,0.20889497088206804,True,79
ESS,USFIRE,Labor_Market,50,0.0057914854155724504,0.05,0.2609943168402501,0.19769602178817508,True,80
ESS,IPMAT,Output_Income,10,0.005784061765468744,0.05,0.2606597687324247,0.1974618381126973,True,81
ESS,CE16OV,Labor_Market,50,0.005567579939740881,0.05,0.2509039768828498,0.19063278381799487,True,82
ESS,BUSINV,Consumption_Orders_Inventories,30,0.005185348930126209,0.05,0.23367866868103682,0.17857506807672574,True,83
ESS,USTPU,Labor_Market,50,0.004590098593404233,0.05,0.2068536067437402,0.15979752472061814,True,84
ESS,IPDMAT,Output_Income,50,0.004444391962321425,0.05,0.2002873115863185,0.15520111811042292,True,85
ESS,AMDMUO,Consumption_Orders_Inventories,50,0.004267339889385118,0.05,0.19230842853553662,0.14961589997487562,True,86
ESS,W875RX1,Output_Income,50,0.004159824141717274,0.05,0.1874632123088522,0.14622424861619654,True,87
ESS,CUUR0000SA0L2,Prices,30,0.003796981310387482,0.05,0.17111163579815825,0.13477814505871077,True,88
ESS,SP500,Stock_Market,30,0.0037965126077792394,0.05,0.1710905136320365,0.13476335954242555,True,89
ESS,DPCERA3M086SBEA,Consumption_Orders_Inventories,60,0.002925684830899087,0.05,0.13184650550568885,0.10729255385398219,True,90
ESS,CMRMTSPL,Consumption_Orders_Inventories,60,0.002863890709450826,0.05,0.12906174246911678,0.10534321972838175,True,91
ESS,RSAFS,Consumption_Orders_Inventories,60,0.00283077847553915,0.05,0.1275695337784767,0.1042986736449337,True,92
ESS,DSERRG3M086SBEA,Prices,30,0.0025158037030954318,0.05,0.11337513982648299,0.0943625978785381,True,93
ESS,CPIMEDSL,Prices,30,0.0024365151517870484,0.05,0.1098019872072358,0.09186139104506505,True,94
ESS,CPIAUCSL,Prices,30,0.002221317353240055,0.05,0.10010406027017094,0.08507284218911965,True,95
ESS,PPICRM,Prices,50,0.0019723700134128444,0.05,0.08888520427293484,0.07721964299105438,True,96
ESS,PCEPI,Prices,30,0.0019616277962023446,0.05,0.08840110435019907,0.07688077304513935,True,97
ESS,CUSR0000SAS,Prices,30,0.0019388510124858046,0.05,0.08737466455464467,0.07616226518825125,True,98
ESS,CES2000000008,Labor_Market,60,0.0016809558955550455,0.05,0.07575257539617153,0.06802680277732007,True,99
ESS,CPIULFSL,Prices,30,0.0016530924457479682,0.05,0.07449690409159448,0.06714783286411613,True,100
ESS,CES0600000008,Labor_Market,30,0.0016424007300141629,0.05,0.07401508002685775,0.06681055601880043,True,101
ESS,CES3000000008,Labor_Market,30,0.0014676044332443095,0.05,0.0661378539288716,0.061296497750210115,True,102
ESS,CUSR0000SA0L5,Prices,30,0.001303136924360595,0.05,0.058726096487835215,0.056108267541484645,True,103
ETR,HOUSTS,Housing,30,0.043835185485994875,1.0,0.9428463243438688,0.9599924270407081,True,1
ETR,EXCAUS,Rates_FX,10,0.040831475878383365,1.0,0.8782398550992548,0.9147678985694783,True,2
ETR,M2REAL,Money_Credit,10,0.040284416369988016,1.0,0.8664732105426187,0.906531247379833,True,3
ETR,MZMSL,Money_Credit,10,0.03956076825014007,1.0,0.850908340396581,0.8956358382776066,True,4
ETR,PERMITS,Housing,30,0.03896132511284868,1.0,0.8380149819590099,0.886610487371307,True,5
ETR,HOUST,Housing,30,0.03894979878931615,1.0,0.8377670634968121,0.8864369444477684,True,6
ETR,HOUSTNE,Housing,60,0.03892786335048046,1.0,0.8372952564849379,0.8861066795394565,True,7
ETR,INVEST,Money_Credit,10,0.038840894841667424,1.0,0.8354246601144893,0.8847972620801425,True,8
ETR,M2SL,Money_Credit,10,0.03882307289112869,1.0,0.835041329683198,0.8845289307782385,True,9
ETR,M1SL,Money_Credit,60,0.03846078980142541,1.0,0.8272490213876665,0.8790743149713665,True,10
ETR,PERMITW,Housing,30,0.037242697580798234,1.0,0.8010492058696708,0.8607344441087694,True,11
ETR,NONREVSL,Money_Credit,60,0.036765845023671355,1.0,0.7907926351318852,0.8535548445923196,True,12
ETR,PERMIT,Housing,30,0.036441867392801246,1.0,0.78382423486053,0.8486769644023708,True,13
ETR,PERMITNE,Housing,10,0.03608993884293282,1.0,0.7762546412567543,0.8433782488797279,True,14
ETR,DTCOLNVHFNM,Money_Credit,60,0.03539683868463253,1.0,0.761346823954045,0.8329427767678315,True,15
ETR,PERMITMW,Housing,60,0.03518884097128763,1.0,0.7568730233455857,0.82981111634191,True,16
ETR,HOUSTW,Housing,10,0.034840204835436796,1.0,0.7493742459233839,0.8245619721463686,True,17
ETR,BUSLOANS,Money_Credit,50,0.034750829242724386,1.0,0.7474518758423476,0.8232163130896433,True,18
ETR,NONBORRES,Money_Credit,60,0.033287163133100144,1.0,0.7159700377657912,0.8011790264360539,True,19
ETR,TOTRESNS,Money_Credit,60,0.031987354037705744,1.0,0.6880125827133222,0.7816088078993255,True,20
ETR,AMBSL,Money_Credit,60,0.031499146533477025,1.0,0.6775117796306889,0.7742582457414822,True,21
ETR,EXJPUS,Rates_FX,10,0.030775976961323764,1.0,0.6619572025159217,0.7633700417611451,True,22
ETR,REALLN,Money_Credit,10,0.029300195777264865,1.0,0.6302147825968745,0.7411503478178121,True,23
ETR,HOUSTMW,Housing,50,0.028673620558215585,1.0,0.6167378431096601,0.731716490176762,True,24
ETR,SRVPRD,Labor_Market,30,0.046492396856401795,0.05,1.0,0.715,True,25
ETR,EXUSUK,Rates_FX,10,0.02750418959970195,1.0,0.5915846774829108,0.7141092742380375,True,26
ETR,IPNCONGD,Output_Income,60,0.04495222666827853,0.05,0.966872643867334,0.6918108507071338,True,27
ETR,BAA,Rates_FX,10,0.025725695089090665,1.0,0.5533312289436924,0.6873318602605847,True,28
ETR,PAYEMS,Labor_Market,30,0.04435573288734116,0.05,0.9540427228206794,0.6828299059744756,True,29
ETR,IPDCONGD,Output_Income,30,0.04382387660473321,0.05,0.9426030828242589,0.6748221579769812,True,30
ETR,DPCERA3M086SBEA,Consumption_Orders_Inventories,30,0.04319296894026961,0.05,0.9290329572312023,0.6653230700618415,True,31
ETR,RSAFS,Consumption_Orders_Inventories,30,0.042891826997840374,0.05,0.9225557273443595,0.6607890091410517,True,32
ETR,USTPU,Labor_Market,30,0.04228676892978434,0.05,0.909541597960477,0.6516791185723338,True,33
ETR,CE16OV,Labor_Market,30,0.042020839628035975,0.05,0.9038217530023921,0.6476752271016745,True,34
ETR,CLF16OV,Labor_Market,30,0.04193864634464643,0.05,0.9020538664457276,0.6464377065120093,True,35
ETR,AAA,Rates_FX,10,0.022915139502323316,1.0,0.4928792889103975,0.6450155022372782,True,36
ETR,GS10,Rates_FX,10,0.022794704936670202,1.0,0.49028887469654026,0.6432022122875781,True,37
ETR,IPMAT,Output_Income,10,0.04121418216198691,0.05,0.8864714436918066,0.6355300105842646,True,38
ETR,CMRMTSPL,Consumption_Orders_Inventories,30,0.04081707139074896,0.05,0.8779300305126908,0.6295510213588835,True,39
ETR,W875RX1,Output_Income,30,0.039598727474419136,0.05,0.8517248012987003,0.6112073609090902,True,40
ETR,CES2000000008,Labor_Market,30,0.03950481725909419,0.05,0.8497048965040518,0.6097934275528363,True,41
ETR,CPIMEDSL,Prices,60,0.03932280005674111,0.05,0.8457899079325814,0.6070529355528069,True,42
ETR,CES3000000008,Labor_Market,60,0.038875557169250056,0.05,0.8361702084175742,0.6003191458923018,True,43
ETR,CUSR0000SAS,Prices,10,0.03885473238178071,0.05,0.8357222902873545,0.600005603201148,True,44
ETR,CES0600000008,Labor_Market,60,0.03874412782763571,0.05,0.833343308741477,0.5983403161190338,True,45
ETR,CUUR0000SA0L2,Prices,10,0.038566238302133654,0.05,0.8295171019306838,0.5956619713514787,True,46
ETR,CPIULFSL,Prices,30,0.03838566095673588,0.05,0.8256330830887318,0.5929431581621123,True,47
ETR,CUMFNS,Output_Income,30,0.038295580777388295,0.05,0.8236955581289882,0.5915868906902917,True,48
ETR,PCEPI,Prices,30,0.038193241573018566,0.05,0.8214943551089371,0.590046048576256,True,49
ETR,CUSR0000SA0L5,Prices,30,0.038014262020210375,0.05,0.8176447030171984,0.5873512921120388,True,50
ETR,CPIAUCSL,Prices,60,0.037947324396061986,0.05,0.8162049488063081,0.5863434641644156,True,51
ETR,BUSINV,Consumption_Orders_Inventories,60,0.03787343375471852,0.05,0.8146156428909412,0.5852309500236589,True,52
ETR,DSERRG3M086SBEA,Prices,60,0.03745000623863595,0.05,0.8055081856567964,0.5788557299597574,True,53
ETR,UNRATE,Labor_Market,30,0.03713910908423193,0.05,0.7988211319571501,0.574174792370005,True,54
ETR,INDPRO,Output_Income,30,0.03678306617392363,0.05,0.7911630430139625,0.5688141301097737,True,55
ETR,EXSZUS,Rates_FX,60,0.017523827679319134,1.0,0.37691813853873574,0.563842696977115,True,56
ETR,RPI,Output_Income,60,0.036395552640863485,0.05,0.7828280558061179,0.5629796390642825,True,57
ETR,DDURRG3M086SBEA,Prices,60,0.035425988970306986,0.05,0.7619738143362463,0.5483816700353724,True,58
ETR,USFIRE,Labor_Market,30,0.03388353912708633,0.05,0.728797425345489,0.5251581977418422,True,59
ETR,UMCSENT,Consumption_Orders_Inventories,30,0.033679833610720085,0.05,0.7244159451435664,0.5220911616004965,True,60
ETR,DNDGRG3M086SBEA,Prices,30,0.03357660971154021,0.05,0.7221957133173026,0.5205369993221118,True,61
ETR,AMDMUO,Consumption_Orders_Inventories,60,0.03340164778209985,0.05,0.7184324758576217,0.5179027331003352,True,62
ETR,TB3MS,Rates_FX,50,0.014463897175537867,1.0,0.31110242004110084,0.5177716940287705,True,63
ETR,USCONS,Labor_Market,30,0.03330458007412664,0.05,0.7163446568907267,0.5164412598235086,True,64
ETR,IPDMAT,Output_Income,30,0.033214656311053456,0.05,0.7144104962719285,0.51508734739035,True,65
ETR,PPICRM,Prices,60,0.032934535257420836,0.05,0.708385402437816,0.5108697817064711,True,66
ETR,USTRADE,Labor_Market,30,0.03141683249493363,0.05,0.6757412957643132,0.4880189070350192,True,67
ETR,DTCTHFNM,Money_Credit,30,0.012243808233201085,1.0,0.263350764018852,0.48434553481319637,True,68
ETR,IPFUELS,Output_Income,60,0.031082907964503206,0.05,0.6685589486923437,0.48299126408464055,True,69
ETR,FEDFUNDS,Rates_FX,30,0.010899276461556405,1.0,0.23443137369794742,0.4641019615885632,True,70
ETR,CUSR0000SAC,Prices,30,0.028510998069170717,0.05,0.6132400133559662,0.4442680093491764,True,71
ETR,CES0600000007,Labor_Market,10,0.02825918266728217,0.05,0.6078237427630279,0.4404766199341195,True,72
ETR,ISRATIO,Consumption_Orders_Inventories,50,0.026620324479029685,0.05,0.5725737169724814,0.41580160188073695,True,73
ETR,AWHMAN,Labor_Market,10,0.026502387348701813,0.05,0.5700370198283841,0.4140259138798688,True,74
ETR,CPIAPPSL,Prices,60,0.026497128919586027,0.05,0.5699239168379742,0.4139467417865819,True,75
ETR,PPICMM,Prices,10,0.02597991317539073,0.05,0.5587991786191039,0.4061594250333727,True,76
ETR,SP500,Stock_Market,10,0.02597464938675926,0.05,0.5586859603514432,0.4060801722460103,True,77
ETR,GS1,Rates_FX,30,0.006592714555939892,1.0,0.14180199348083522,0.3992613954365846,True,78
ETR,TB6MS,Rates_FX,30,0.006250224841517566,1.0,0.1344354187808869,0.39410479314662084,True,79
ETR,AWOTMAN,Labor_Market,10,0.02501533371222321,0.05,0.538052141933799,0.3916364993536593,True,80
ETR,CPF3M,Rates_FX,60,0.005748438282529193,1.0,0.12364254525926123,0.38654978168148285,True,81
ETR,ACOGNO,Consumption_Orders_Inventories,30,0.024656459384742146,0.05,0.5303331523409524,0.3862332066386666,True,82
ETR,NDMANEMP,Labor_Market,30,0.024555316864949977,0.05,0.5281576886817101,0.38471038207719704,True,83
ETR,USGOOD,Labor_Market,30,0.02414858082778608,0.05,0.5194092466854809,0.37858647267983664,True,84
ETR,CPITRNSL,Prices,30,0.022737056404519635,0.05,0.4890489185736365,0.35733424300154554,True,85
ETR,GS5,Rates_FX,30,0.002316863791744199,1.0,0.04983317592552076,0.3348832231478645,True,86
ETR,MCOILWTICO,Prices,50,0.0211962352133565,0.05,0.45590756008609334,0.3341352920602653,True,87
ETR,IPB51222S,Output_Income,10,0.021193046738422046,0.05,0.4558389795191611,0.3340872856634127,True,88
ETR,MANEMP,Labor_Market,30,0.021182000116248025,0.05,0.45560137890226576,0.33392096523158604,True,89
ETR,CUUR0000SAD,Prices,50,0.020201737036921907,0.05,0.4345170049915424,0.3191619034940797,True,90
ETR,IPNMAT,Output_Income,60,0.02000998884939374,0.05,0.4303927136989164,0.3162748995892415,True,91
ETR,DMANEMP,Labor_Market,30,0.0185951074693247,0.05,0.39996018116162657,0.2949721268131386,True,92
ETR,PPIFGS,Prices,60,0.018389212358228015,0.05,0.39553160520042974,0.2918721236403008,True,93
ETR,IPMANSICS,Output_Income,10,0.016817136966774806,0.05,0.3617180034558524,0.2682026024190967,True,94
ETR,PPIFCG,Prices,60,0.014771576005216707,0.05,0.317720251137853,0.23740417579649709,True,95
ETR,ANDENO,Consumption_Orders_Inventories,10,0.013881815653467704,0.05,0.2985824907316268,0.22400774351213876,True,96
ETR,PPIITM,Prices,30,0.012269026963252886,0.05,0.26389319099093717,0.19972523369365602,True,97
ETR,IPCONGD,Output_Income,10,0.011864892896651257,0.05,0.25520071450171994,0.19364050015120393,True,98
ETR,UEMPMEAN,Labor_Market,50,0.011433292291886107,0.05,0.2459174631757406,0.1871422242230184,True,99
ETR,USGOVT,Labor_Market,60,0.01064271544710149,0.05,0.22891303023100723,0.17523912116170504,True,100
ETR,IPFINAL,Output_Income,60,0.010557452327473266,0.05,0.2270791148944508,0.17395538042611552,True,101
ETR,IPBUSEQ,Output_Income,10,0.008646263756959635,0.05,0.1859715639885123,0.1451800947919586,True,102
ETR,IPFPNSS,Output_Income,30,0.007961956546244544,0.05,0.1712528732565918,0.13487701127961427,True,103
EXPD,PPICRM,Prices,60,0.04323369536964324,1.0,0.88918950381272,0.922432652668904,True,1
EXPD,IPB51222S,Output_Income,50,0.03959637900095482,1.0,0.8143806421266819,0.8700664494886774,True,2
EXPD,CPIMEDSL,Prices,60,0.03846963953106309,1.0,0.7912069369508178,0.8538448558655725,True,3
EXPD,CES2000000008,Labor_Market,60,0.0383618699705894,1.0,0.7889904351879128,0.8522933046315389,True,4
EXPD,CES0600000008,Labor_Market,60,0.03809109689320184,1.0,0.7834214322084185,0.8483950025458928,True,5
EXPD,CUSR0000SAS,Prices,60,0.0380242309318284,1.0,0.7820461967466505,0.8474323377226554,True,6
EXPD,CES3000000008,Labor_Market,60,0.03784955071320704,1.0,0.7784535402412599,0.844917478168882,True,7
EXPD,DSERRG3M086SBEA,Prices,60,0.03711386087682362,1.0,0.7633225717922117,0.8343258002545482,True,8
EXPD,MCOILWTICO,Prices,60,0.036355319210852,1.0,0.7477216086587162,0.8234051260611013,True,9
EXPD,PCEPI,Prices,60,0.03633212944702358,1.0,0.7472446636644051,0.8230712645650835,True,10
EXPD,IPNCONGD,Output_Income,30,0.0359806024858177,1.0,0.7400147916504821,0.8180103541553374,True,11
EXPD,DDURRG3M086SBEA,Prices,60,0.035443564639412506,1.0,0.7289695082877977,0.8102786558014583,True,12
EXPD,RPI,Output_Income,10,0.03538269746295991,1.0,0.7277176501256485,0.8094023550879539,True,13
EXPD,CPIAUCSL,Prices,60,0.035136100414858484,1.0,0.7226458767098384,0.8058521136968868,True,14
EXPD,W875RX1,Output_Income,10,0.0351322242070147,1.0,0.7225661545556292,0.8057963081889403,True,15
EXPD,CPIULFSL,Prices,60,0.0348288646406262,1.0,0.7163269436806959,0.8014288605764872,True,16
EXPD,CUSR0000SA0L5,Prices,60,0.03452798483120759,1.0,0.7101387340873042,0.7970971138611129,True,17
EXPD,IPFINAL,Output_Income,60,0.0343456008129204,1.0,0.7063876331615659,0.7944713432130961,True,18
EXPD,CUUR0000SA0L2,Prices,60,0.033933828695332534,1.0,0.6979186961023721,0.7885430872716604,True,19
EXPD,IPDCONGD,Output_Income,10,0.030960290113895596,1.0,0.6367617842726141,0.7457332489908298,True,20
EXPD,CLF16OV,Labor_Market,10,0.030862707958575868,1.0,0.6347548073642592,0.7443283651549814,True,21
EXPD,PPIITM,Prices,30,0.030391841864120805,1.0,0.6250704816245558,0.7375493371371891,True,22
EXPD,IPFPNSS,Output_Income,60,0.029694964366197642,1.0,0.6107377684179109,0.7275164378925376,True,23
EXPD,HOUSTMW,Housing,10,0.04862146391096973,0.05,1.0,0.715,True,24
EXPD,USFIRE,Labor_Market,10,0.026698448095868785,1.0,0.5491082733493184,0.6843757913445229,True,25
EXPD,PPICMM,Prices,60,0.025347112991253133,1.0,0.5213152988907528,0.664920709223527,True,26
EXPD,SRVPRD,Labor_Market,10,0.0249862228983784,1.0,0.5138928548949168,0.6597249984264417,True,27
EXPD,CUUR0000SAD,Prices,60,0.02495491024342673,1.0,0.5132488460059824,0.6592741922041876,True,28
EXPD,USTPU,Labor_Market,10,0.023733333840210334,1.0,0.4881246250353178,0.6416872375247225,True,29
EXPD,IPBUSEQ,Output_Income,60,0.023475001033070854,1.0,0.482811481695732,0.6379680371870124,True,30
EXPD,IPMANSICS,Output_Income,60,0.023323465983066376,1.0,0.4796948529927799,0.6357863970949459,True,31
EXPD,PAYEMS,Labor_Market,10,0.022992958681407556,1.0,0.47289729333344904,0.6310281053334144,True,32
EXPD,CE16OV,Labor_Market,10,0.022620334634735978,1.0,0.4652335165423206,0.6256634615796244,True,33
EXPD,IPNMAT,Output_Income,60,0.022554779353832682,1.0,0.4638852379091776,0.6247196665364243,True,34
EXPD,USCONS,Labor_Market,10,0.021834773753374035,1.0,0.44907684789901575,0.6143537935293111,True,35
EXPD,REALLN,Money_Credit,60,0.038701700137483155,0.05,0.7959797386674627,0.5721858170672239,True,36
EXPD,USGOVT,Labor_Market,50,0.018611405053100164,1.0,0.38278166793125196,0.5679471675518764,True,37
EXPD,IPMAT,Output_Income,10,0.018592065615828424,1.0,0.38238391278946615,0.5676687389526263,True,38
EXPD,M2REAL,Money_Credit,10,0.038050508692760034,0.05,0.7825866527267451,0.5628106569087216,True,39
EXPD,M1SL,Money_Credit,60,0.03801525874951004,0.05,0.7818616654389386,0.562303165807257,True,40
EXPD,M2SL,Money_Credit,60,0.03799506132791622,0.05,0.7814462640921013,0.5620123848644709,True,41
EXPD,INVEST,Money_Credit,10,0.03797296683068717,0.05,0.7809918454989155,0.5616942918492408,True,42
EXPD,MZMSL,Money_Credit,10,0.03797023007874144,0.05,0.7809355585892753,0.5616548910124927,True,43
EXPD,EXCAUS,Rates_FX,60,0.03771735044504652,0.05,0.7757345709316852,0.5580141996521796,True,44
EXPD,PERMITMW,Housing,10,0.03758227229182322,0.05,0.7729564120208255,0.5560694884145778,True,45
EXPD,RSAFS,Consumption_Orders_Inventories,10,0.037574455362921706,0.05,0.7727956408660157,0.5559569486062109,True,46
EXPD,DPCERA3M086SBEA,Consumption_Orders_Inventories,10,0.03744372294259688,0.05,0.7701068608538753,0.5540748025977127,True,47
EXPD,CMRMTSPL,Consumption_Orders_Inventories,10,0.0368432979399361,0.05,0.757757890782546,0.5454305235477821,True,48
EXPD,EXUSUK,Rates_FX,60,0.0366211705708299,0.05,0.7531893864381902,0.5422325705067331,True,49
EXPD,HOUST,Housing,10,0.03637985682538096,0.05,0.7482262749635789,0.5387583924745052,True,50
EXPD,PERMITW,Housing,10,0.03608306309440702,0.05,0.7421221039431959,0.5344854727602371,True,51
EXPD,UEMPMEAN,Labor_Market,50,0.016206022397250348,1.0,0.33331004650384516,0.5333170325526916,True,52
EXPD,NONREVSL,Money_Credit,60,0.03578951368227822,0.05,0.7360846589854234,0.5302592612897964,True,53
EXPD,CUMFNS,Output_Income,10,0.015932792351806696,1.0,0.32769051094350166,0.5293833576604512,True,54
EXPD,HOUSTS,Housing,30,0.03514618028496794,0.05,0.7228531898859268,0.5209972329201488,True,55
EXPD,BUSLOANS,Money_Credit,60,0.035103097571258235,0.05,0.7219671056292168,0.5203769739404518,True,56
EXPD,NONBORRES,Money_Credit,60,0.034486356924560216,0.05,0.7092825709178119,0.5114977996424682,True,57
EXPD,HOUSTW,Housing,10,0.03425929007258708,0.05,0.7046124759904169,0.5082287331932918,True,58
EXPD,BAA,Rates_FX,10,0.034229282875232026,0.05,0.703995316511015,0.5077967215577105,True,59
EXPD,PERMIT,Housing,10,0.03399439016054162,0.05,0.6991642666865894,0.5044149866806125,True,60
EXPD,PERMITS,Housing,10,0.03396273428744117,0.05,0.698513198813388,0.5039592391693716,True,61
EXPD,TOTRESNS,Money_Credit,60,0.03380655144608088,0.05,0.6953009787608146,0.5017106851325702,True,62
EXPD,SP500,Stock_Market,60,0.033343416375371686,0.05,0.68577565736043,0.495042960152301,True,63
EXPD,IPCONGD,Output_Income,60,0.012480560314453168,1.0,0.256688287652264,0.4796818013565848,True,64
EXPD,AAA,Rates_FX,30,0.031594616721738626,0.05,0.6498080102974936,0.4698656072082455,True,65
EXPD,DNDGRG3M086SBEA,Prices,10,0.011605121305530338,1.0,0.2386830912121519,0.4670781638485063,True,66
EXPD,USTRADE,Labor_Market,10,0.011437603046802369,1.0,0.23523773508230128,0.4646664145576109,True,67
EXPD,DMANEMP,Labor_Market,60,0.011114067769592674,1.0,0.22858356938704133,0.4600084985709289,True,68
EXPD,UNRATE,Labor_Market,10,0.011067045652569099,1.0,0.22761646323183224,0.4593315242622825,True,69
EXPD,CUSR0000SAC,Prices,10,0.01106362495240727,1.0,0.22754610952615006,0.459282276668305,True,70
EXPD,CPIAPPSL,Prices,60,0.010893149079515019,1.0,0.22403992400272757,0.4568279468019093,True,71
EXPD,INDPRO,Output_Income,10,0.009644743080923047,1.0,0.19836389744626856,0.43885472821238797,True,72
EXPD,CPITRNSL,Prices,60,0.009463258561608314,1.0,0.19463129655940412,0.4362419075915829,True,73
EXPD,USGOOD,Labor_Market,10,0.009437249520220766,1.0,0.19409636734717034,0.4358674571430192,True,74
EXPD,PERMITNE,Housing,30,0.02922502233368248,0.05,0.601072447904821,0.43575071353337463,True,75
EXPD,DTCOLNVHFNM,Money_Credit,60,0.02922247761791426,0.05,0.601020110612532,0.4357140774287724,True,76
EXPD,PPIFCG,Prices,50,0.009399339957316963,1.0,0.19331667953330242,0.4353216756733117,True,77
EXPD,CES0600000007,Labor_Market,30,0.009349784867063893,1.0,0.1922974775951664,0.43460823431661644,True,78
EXPD,BUSINV,Consumption_Orders_Inventories,30,0.029114102165829995,0.05,0.5987911474475662,0.43415380321329633,True,79
EXPD,ANDENO,Consumption_Orders_Inventories,60,0.028583196416773628,0.05,0.587871983227655,0.4265103882593585,True,80
EXPD,GS10,Rates_FX,30,0.028448602381878754,0.05,0.5851037812018721,0.42457264684131046,True,81
EXPD,AWOTMAN,Labor_Market,30,0.008518715310189596,1.0,0.17520482982141652,0.42264338087499154,True,82
EXPD,NDMANEMP,Labor_Market,10,0.007338746867116179,1.0,0.15093636177952366,0.40565545324566654,True,83
EXPD,MANEMP,Labor_Market,50,0.00689077789617175,1.0,0.14172296228656103,0.3992060736005927,True,84
EXPD,DTCTHFNM,Money_Credit,50,0.026681941544501493,0.05,0.5487687823089517,0.39913814761626615,True,85
EXPD,AWHMAN,Labor_Market,60,0.006365267294825641,1.0,0.13091476033056137,0.39164033223139294,True,86
EXPD,ISRATIO,Consumption_Orders_Inventories,60,0.02592220206996834,0.05,0.533143183788835,0.38820022865218445,True,87
EXPD,PPIFGS,Prices,60,0.005672460802094612,1.0,0.11666577568461117,0.3816660429792278,True,88
EXPD,IPDMAT,Output_Income,60,0.005147774765600618,1.0,0.10587453259380789,0.3741121728156655,True,89
EXPD,IPFUELS,Output_Income,50,0.004902079396757828,1.0,0.10082130405892295,0.37057491284124605,True,90
EXPD,HOUSTNE,Housing,30,0.024674856936278206,0.05,0.5074889760921244,0.37024228326448705,True,91
EXPD,FEDFUNDS,Rates_FX,60,0.02110371841349182,0.05,0.4340411973636711,0.31882883815456975,True,92
EXPD,GS5,Rates_FX,10,0.020159902211266536,0.05,0.41462968388161103,0.30524077871712774,True,93
EXPD,CPF3M,Rates_FX,60,0.0189692038796809,0.05,0.39014053370369967,0.2880983735925898,True,94
EXPD,AMBSL,Money_Credit,10,0.018825059999573037,0.05,0.38717591954951036,0.28602314368465726,True,95
EXPD,EXJPUS,Rates_FX,10,0.018596275072016402,0.05,0.382470488878489,0.2827293422149423,True,96
EXPD,AMDMUO,Consumption_Orders_Inventories,30,0.015814961015999402,0.05,0.3252670681606382,0.24268694771244675,True,97
EXPD,UMCSENT,Consumption_Orders_Inventories,60,0.01511909932717162,0.05,0.31095524714879114,0.23266867300415378,True,98
EXPD,GS1,Rates_FX,30,0.01242479890371496,0.05,0.2555414400205202,0.19387900801436414,True,99
EXPD,EXSZUS,Rates_FX,10,0.011137992513472054,0.05,0.22907563075161044,0.1753529415261273,True,100
EXPD,TB3MS,Rates_FX,50,0.010421578063101181,0.05,0.21434110009900212,0.16503877006930145,True,101
EXPD,ACOGNO,Consumption_Orders_Inventories,60,0.008678028308556294,0.05,0.17848142796454144,0.13993699957517902,True,102
EXPD,TB6MS,Rates_FX,60,0.006276313756773696,0.05,0.12908524861090548,0.10535967402763383,True,103
EXR,FEDFUNDS,Rates_FX,60,0.037803794426712146,1.0,1.0,1.0,True,1
EXR,GS1,Rates_FX,60,0.036523604311760195,1.0,0.9661359359724121,0.9762951551806884,True,2
EXR,TB6MS,Rates_FX,60,0.03468868230954032,1.0,0.917597898189535,0.9423185287326745,True,3
EXR,CPF3M,Rates_FX,60,0.03456788657539466,1.0,0.9144025645999442,0.9400817952199609,True,4
EXR,TB3MS,Rates_FX,60,0.032545806017971544,1.0,0.8609137392561497,0.9026396174793048,True,5
EXR,EXSZUS,Rates_FX,50,0.029653474168270123,1.0,0.7844047037594986,0.849083292631649,True,6
EXR,NONBORRES,Money_Credit,10,0.022394109317386786,1.0,0.5923772906130057,0.7146641034291039,True,7
EXR,TOTRESNS,Money_Credit,50,0.020956410490144455,1.0,0.5543467476729442,0.6880427233710609,True,8
EXR,GS5,Rates_FX,50,0.02036086330230615,1.0,0.5385931124395061,0.6770151787076543,True,9
EXR,IPFPNSS,Output_Income,60,0.035728857091023004,0.05,0.9451129875411927,0.6765790912788349,True,10
EXR,DMANEMP,Labor_Market,50,0.034123623640683214,0.05,0.9026507565751515,0.6468555296026061,True,11
EXR,MANEMP,Labor_Market,50,0.03383587966092689,0.05,0.8950392460344793,0.6415274722241354,True,12
EXR,PERMITNE,Housing,30,0.01724562917370227,1.0,0.4561877831373592,0.6193314481961514,True,13
EXR,IPFINAL,Output_Income,60,0.03253414723242866,0.05,0.860605336734136,0.6174237357138952,True,14
EXR,IPMANSICS,Output_Income,60,0.03192606631951706,0.05,0.8445201547535164,0.6061641083274615,True,15
EXR,DTCOLNVHFNM,Money_Credit,60,0.016125531792253754,1.0,0.42655855151036004,0.598590986057252,True,16
EXR,MZMSL,Money_Credit,60,0.01580319938428866,1.0,0.4180320950301784,0.5926224665211248,True,17
EXR,INVEST,Money_Credit,60,0.015680772376954914,1.0,0.4147936103968147,0.5903555272777703,True,18
EXR,IPCONGD,Output_Income,60,0.030974524810370566,0.05,0.8193496256154641,0.5885447379308248,True,19
EXR,M2REAL,Money_Credit,60,0.014974372885899773,1.0,0.3961076688989423,0.5772753682292595,True,20
EXR,M2SL,Money_Credit,60,0.014594185160807092,1.0,0.38605080209871334,0.5702355614690993,True,21
EXR,M1SL,Money_Credit,60,0.014565916150751652,1.0,0.38530301975347164,0.5697121138274301,True,22
EXR,ISRATIO,Consumption_Orders_Inventories,10,0.02859408304714773,0.05,0.7563812966600824,0.5444669076620576,True,23
EXR,GS10,Rates_FX,60,0.012385816049865613,1.0,0.32763420280144684,0.5293439419610128,True,24
EXR,NDMANEMP,Labor_Market,30,0.027008882168277487,0.05,0.7144489747090843,0.515114282296359,True,25
EXR,NONREVSL,Money_Credit,60,0.011575749151165734,1.0,0.3062060125632869,0.5143442087943008,True,26
EXR,PERMITW,Housing,30,0.011464118285108535,1.0,0.30325311146565737,0.5122771780259601,True,27
EXR,PERMIT,Housing,30,0.010844268265717617,1.0,0.28685660871267094,0.5007996260988696,True,28
EXR,CUUR0000SAD,Prices,10,0.026119124284212543,0.05,0.6909127689509595,0.4986389382656717,True,29
EXR,HOUSTMW,Housing,10,0.010495559806876161,1.0,0.2776324431459717,0.4943427102021801,True,30
EXR,HOUSTNE,Housing,50,0.01019485634120487,1.0,0.2696781234743248,0.48877468643202737,True,31
EXR,IPBUSEQ,Output_Income,60,0.02547786437032834,0.05,0.6739499237231512,0.48676494660620584,True,32
EXR,UEMPMEAN,Labor_Market,10,0.025169063039690638,0.05,0.665781396322116,0.48104697742548114,True,33
EXR,USGOOD,Labor_Market,50,0.02467399000427022,0.05,0.652685540656617,0.47187987845963186,True,34
EXR,CUSR0000SAC,Prices,60,0.024668010332093107,0.05,0.6525273641489993,0.47176915490429944,True,35
EXR,BAA,Rates_FX,60,0.009208864975590609,1.0,0.2435963139478832,0.47051741976351824,True,36
EXR,AAA,Rates_FX,10,0.0091156447627414,1.0,0.24113041828151222,0.46879129279705856,True,37
EXR,USTRADE,Labor_Market,50,0.024505536032647574,0.05,0.6482295336822584,0.4687606735775809,True,38
EXR,EXCAUS,Rates_FX,30,0.008841002479451764,1.0,0.2338654786781063,0.4637058350746744,True,39
EXR,USGOVT,Labor_Market,50,0.024179636698907166,0.05,0.639608723557703,0.4627261064903921,True,40
EXR,HOUSTW,Housing,60,0.00869642670867484,1.0,0.2300411067342475,0.4610287747139732,True,41
EXR,UNRATE,Labor_Market,50,0.023756245810635613,0.05,0.6284090306514168,0.4548863214559918,True,42
EXR,HOUST,Housing,10,0.008270241884450429,1.0,0.21876750759724478,0.45313725531807136,True,43
EXR,DNDGRG3M086SBEA,Prices,60,0.02357690075191889,0.05,0.6236649285993223,0.45156545001952564,True,44
EXR,PERMITS,Housing,10,0.007684162372475757,1.0,0.20326431483941546,0.44228502038759077,True,45
EXR,EXUSUK,Rates_FX,50,0.007264664361643063,1.0,0.19216759777187484,0.4345173184403124,True,46
EXR,HOUSTS,Housing,30,0.006557211363082142,1.0,0.1734537885024795,0.42141765195173564,True,47
EXR,PERMITMW,Housing,60,0.006526796870552336,1.0,0.17264925305858989,0.4208544771410129,True,48
EXR,IPFUELS,Output_Income,50,0.021877882089131044,0.05,0.5787218563878377,0.4201052994714864,True,49
EXR,DTCTHFNM,Money_Credit,50,0.006482055505778417,1.0,0.17146573787307973,0.4200260165111558,True,50
EXR,PPICMM,Prices,10,0.02156272831961756,0.05,0.5703852919161296,0.41426970434129073,True,51
EXR,REALLN,Money_Credit,50,0.005941301927096674,1.0,0.15716152352417176,0.4100130664669202,True,52
EXR,EXJPUS,Rates_FX,50,0.005740523434159134,1.0,0.1518504563156465,0.40629531942095254,True,53
EXR,ANDENO,Consumption_Orders_Inventories,30,0.020865844563047832,0.05,0.5519510641583648,0.40136574491085536,True,54
EXR,IPNMAT,Output_Income,60,0.01902386093353825,0.05,0.5032262295896942,0.36725836071278595,True,55
EXR,CPITRNSL,Prices,30,0.01892169419579067,0.05,0.5005236771264582,0.36536657398852074,True,56
EXR,IPNCONGD,Output_Income,60,0.01823288715912685,0.05,0.48230309776109404,0.3526121684327658,True,57
EXR,IPDMAT,Output_Income,60,0.017127943618144466,0.05,0.4530747211460304,0.3321523048022213,True,58
EXR,BUSLOANS,Money_Credit,30,0.001633480040583704,1.0,0.043209420254107817,0.33024659417787544,True,59
EXR,AMBSL,Money_Credit,10,0.001332926099047858,1.0,0.03525905585038344,0.3246813390952684,True,60
EXR,INDPRO,Output_Income,60,0.016201586605125926,0.05,0.42857038164607864,0.314999267152255,True,61
EXR,CES2000000008,Labor_Market,60,0.014986796385119521,0.05,0.3964362999109385,0.29250540993765695,True,62
EXR,CPIMEDSL,Prices,60,0.014734593685634375,0.05,0.389764940506155,0.2878354583543085,True,63
EXR,CUSR0000SAS,Prices,60,0.014708837460694377,0.05,0.38908362728533724,0.2873585390997361,True,64
EXR,CES0600000008,Labor_Market,60,0.014580470526367283,0.05,0.3856880174987072,0.284981612249095,True,65
EXR,CES3000000008,Labor_Market,60,0.014557663970087717,0.05,0.3850847300079824,0.2845593110055877,True,66
EXR,CE16OV,Labor_Market,50,0.014292216014313694,0.05,0.3780630021682379,0.27964410151776653,True,67
EXR,ACOGNO,Consumption_Orders_Inventories,30,0.014171579644286846,0.05,0.3748718841374614,0.277410318896223,True,68
EXR,DSERRG3M086SBEA,Prices,60,0.013551216040524589,0.05,0.3584617958600818,0.2659232571020573,True,69
EXR,PCEPI,Prices,60,0.013150501885381895,0.05,0.34786195631435757,0.25850336942005026,True,70
EXR,CUSR0000SA0L5,Prices,60,0.012873396968505405,0.05,0.3405318742133744,0.25337231194936205,True,71
EXR,CPIULFSL,Prices,60,0.012698957139504884,0.05,0.3359175271181722,0.2501422689827205,True,72
EXR,CPIAUCSL,Prices,60,0.012649547914070566,0.05,0.33461053595012674,0.2492273751650887,True,73
EXR,RSAFS,Consumption_Orders_Inventories,60,0.012485109540817945,0.05,0.33026075107412955,0.24618252575189065,True,74
EXR,DPCERA3M086SBEA,Consumption_Orders_Inventories,60,0.012256043830069856,0.05,0.3242014198820672,0.241940993917447,True,75
EXR,PAYEMS,Labor_Market,50,0.012022191659371571,0.05,0.31801547547504105,0.2376108328325287,True,76
EXR,USCONS,Labor_Market,50,0.011423488712389225,0.05,0.3021783629295527,0.2265248540506869,True,77
EXR,SP500,Stock_Market,50,0.011126524142695141,0.05,0.29432294592188196,0.22102606214531734,True,78
EXR,CES0600000007,Labor_Market,60,0.011066774141541457,0.05,0.29274241671681717,0.219919691701772,True,79
EXR,AWOTMAN,Labor_Market,60,0.010870826717636409,0.05,0.287559142739256,0.2162913999174792,True,80
EXR,CUUR0000SA0L2,Prices,60,0.010806346638015482,0.05,0.28585349174313895,0.21509744422019728,True,81
EXR,PPICRM,Prices,60,0.010579117090421666,0.05,0.2798427314202742,0.21088991199419194,True,82
EXR,PPIFGS,Prices,30,0.01056044064325789,0.05,0.27934869510865523,0.21054408657605866,True,83
EXR,CMRMTSPL,Consumption_Orders_Inventories,10,0.010488085733670683,0.05,0.27743473618774644,0.20920431533142247,True,84
EXR,AMDMUO,Consumption_Orders_Inventories,50,0.010170425350025583,0.05,0.26903186582876887,0.20332230608013818,True,85
EXR,AWHMAN,Labor_Market,60,0.01011898888290088,0.05,0.26767124931117514,0.20236987451782257,True,86
EXR,SRVPRD,Labor_Market,50,0.009899097952004691,0.05,0.2618546128007191,0.19829822896050336,True,87
EXR,USTPU,Labor_Market,50,0.00909202203413475,0.05,0.24050554109749184,0.18335387876824427,True,88
EXR,RPI,Output_Income,10,0.008893137730229895,0.05,0.2352445796802346,0.1796712057761642,True,89
EXR,PPIFCG,Prices,60,0.008463802731251543,0.05,0.2238876509515411,0.17172135566607877,True,90
EXR,W875RX1,Output_Income,10,0.008168895933884089,0.05,0.21608666690113917,0.16626066683079743,True,91
EXR,PPIITM,Prices,50,0.007765779878553476,0.05,0.20542329140024576,0.15879630398017203,True,92
EXR,UMCSENT,Consumption_Orders_Inventories,50,0.00756947966538187,0.05,0.20023068531007773,0.1551614797170544,True,93
EXR,MCOILWTICO,Prices,10,0.007516335518118956,0.05,0.1988248966037101,0.15417742762259706,True,94
EXR,CUMFNS,Output_Income,60,0.006872171564539644,0.05,0.18178523264013335,0.14224966284809332,True,95
EXR,USFIRE,Labor_Market,50,0.006180299820052196,0.05,0.16348358448603767,0.12943850914022637,True,96
EXR,IPDCONGD,Output_Income,50,0.005424011150213289,0.05,0.14347795591599888,0.1154345691411992,True,97
EXR,BUSINV,Consumption_Orders_Inventories,10,0.004824426549972316,0.05,0.12761752155131226,0.10433226508591857,True,98
EXR,DDURRG3M086SBEA,Prices,60,0.004760563420687891,0.05,0.12592819035446026,0.10314973324812218,True,99
EXR,CPIAPPSL,Prices,60,0.004049076121381372,0.05,0.10710766426452412,0.08997536498516688,True,100
EXR,IPB51222S,Output_Income,50,0.003617981650035889,0.05,0.09570419331979609,0.08199293532385725,True,101
EXR,IPMAT,Output_Income,50,0.003106227549241134,0.05,0.08216708392230264,0.07251695874561184,True,102
EXR,CLF16OV,Labor_Market,50,0.0028536977620794574,0.05,0.07548707227291014,0.06784095059103709,True,103
FDS,REALLN,Money_Credit,50,0.029369924163707917,1.0,0.981464759972932,0.9870253319810525,True,1
FDS,EXCAUS,Rates_FX,60,0.020559150173785515,1.0,0.6870321243626393,0.7809224870538474,True,2
FDS,DTCTHFNM,Money_Credit,60,0.020508330140643755,1.0,0.6853338540044568,0.7797336978031197,True,3
FDS,PPIITM,Prices,30,0.029924583501620493,0.25,1.0,0.7749999999999999,True,4
FDS,EXUSUK,Rates_FX,10,0.018801079150258748,1.0,0.6282820661226788,0.7397974462858752,True,5
FDS,INVEST,Money_Credit,10,0.018757074344541137,1.0,0.6268115425407806,0.7387680797785464,True,6
FDS,BAA,Rates_FX,10,0.018371232881598122,1.0,0.6139177469455264,0.7297424228618684,True,7
FDS,M2REAL,Money_Credit,10,0.018076396933209456,1.0,0.604065113629086,0.7228455795403601,True,8
FDS,MZMSL,Money_Credit,10,0.017854885501760204,1.0,0.5966627906715332,0.7176639534700732,True,9
FDS,M2SL,Money_Credit,10,0.017809662535777242,1.0,0.5951515594131094,0.7166060915891765,True,10
FDS,M1SL,Money_Credit,10,0.017625443149661142,1.0,0.5889954374371386,0.7122968062059969,True,11
FDS,AAA,Rates_FX,10,0.017316435535024138,1.0,0.5786692247224229,0.705068457305696,True,12
FDS,PPICRM,Prices,10,0.02675559713349098,0.25,0.8941009030933412,0.7008706321653387,True,13
FDS,EXSZUS,Rates_FX,50,0.01617648105196692,1.0,0.5405749774626244,0.678402484223837,True,14
FDS,IPFINAL,Output_Income,60,0.027763774930772433,0.05,0.9277915239578507,0.6644540667704955,True,15
FDS,GS10,Rates_FX,10,0.015490495578224215,1.0,0.5176511672212702,0.6623558170548891,True,16
FDS,ANDENO,Consumption_Orders_Inventories,60,0.027577877038923802,0.05,0.9215793107840712,0.6601055175488498,True,17
FDS,NONREVSL,Money_Credit,10,0.013770377240372243,1.0,0.46016938680622044,0.6221185707643543,True,18
FDS,NONBORRES,Money_Credit,10,0.01323151270376803,1.0,0.4421619670346125,0.6095133769242287,True,19
FDS,BUSLOANS,Money_Credit,60,0.013202487254168746,1.0,0.4411920136984963,0.6088344095889474,True,20
FDS,TB3MS,Rates_FX,50,0.013114758570782457,1.0,0.4382603544030031,0.6067822480821021,True,21
FDS,EXJPUS,Rates_FX,30,0.012981538976692849,1.0,0.43380850984909664,0.6036659568943676,True,22
FDS,TOTRESNS,Money_Credit,10,0.012529106475447195,1.0,0.4186894188441658,0.593082593190916,True,23
FDS,PPIFCG,Prices,50,0.02179267037006087,0.25,0.728253088932073,0.584777162252451,True,24
FDS,IPNMAT,Output_Income,60,0.02422469672360692,0.05,0.8095249420027881,0.5816674594019516,True,25
FDS,IPFPNSS,Output_Income,60,0.023472543075527263,0.05,0.7843899673409378,0.5640729771386565,True,26
FDS,IPMANSICS,Output_Income,60,0.023396313622282464,0.05,0.7818425817360329,0.562289807215223,True,27
FDS,MCOILWTICO,Prices,50,0.01994878638110325,0.25,0.6666353895960815,0.541644772717257,True,28
FDS,FEDFUNDS,Rates_FX,30,0.00988820780227249,1.0,0.3304376083208315,0.531306325824582,True,29
FDS,DTCOLNVHFNM,Money_Credit,10,0.009807939335225328,1.0,0.32775524961589536,0.5294286747311268,True,30
FDS,IPCONGD,Output_Income,50,0.02178912686724194,0.05,0.7281346744913594,0.5246942721439516,True,31
FDS,CPF3M,Rates_FX,60,0.009396590857069878,1.0,0.3140090774049045,0.5198063541834331,True,32
FDS,CES2000000008,Labor_Market,10,0.01874076049677211,0.25,0.6262663771329433,0.5133864639930603,True,33
FDS,CUSR0000SAS,Prices,10,0.018021321616384194,0.25,0.6022246430065866,0.4965572501046106,True,34
FDS,CPIMEDSL,Prices,10,0.01796306600968711,0.25,0.6002778955541473,0.4951945268879031,True,35
FDS,CES0600000008,Labor_Market,10,0.01781194737151744,0.25,0.5952279125473168,0.49165953878312174,True,36
FDS,AMBSL,Money_Credit,10,0.007966527338076334,1.0,0.26622015767220036,0.4863541103705402,True,37
FDS,CES3000000008,Labor_Market,10,0.01756308720762283,0.25,0.5869116676819159,0.48583816737734115,True,38
FDS,IPBUSEQ,Output_Income,60,0.02008063835660938,0.05,0.6710415319739358,0.48472907238175506,True,39
FDS,DSERRG3M086SBEA,Prices,10,0.017026397503096907,0.25,0.5689769250146751,0.4732838475102726,True,40
FDS,IPB51222S,Output_Income,10,0.019227594788733177,0.05,0.6425350844963958,0.46477455914747706,True,41
FDS,PPIFGS,Prices,30,0.01656481312404492,0.25,0.5535520025917118,0.46248640181419826,True,42
FDS,GS5,Rates_FX,10,0.00668876590416629,1.0,0.2235207685949606,0.45646453801647235,True,43
FDS,HOUSTNE,Housing,60,0.01887159076071153,0.05,0.63063837662735,0.456446863639145,True,44
FDS,USGOVT,Labor_Market,50,0.01630471048702031,0.25,0.5448600641722338,0.45640204492056363,True,45
FDS,SP500,Stock_Market,10,0.016249714709846597,0.25,0.5430222515533636,0.4551155760873545,True,46
FDS,PCEPI,Prices,10,0.015566250071241123,0.25,0.5201826809184552,0.43912787664291864,True,47
FDS,ISRATIO,Consumption_Orders_Inventories,60,0.01808236681489856,0.05,0.6042646111989948,0.43798522783929633,True,48
FDS,CUUR0000SA0L2,Prices,10,0.015281226812101652,0.25,0.5106579615811239,0.4324605731067867,True,49
FDS,GS1,Rates_FX,10,0.0052690632839997665,1.0,0.17607808254756271,0.42325465778329385,True,50
FDS,CPIAUCSL,Prices,10,0.014844714600145362,0.25,0.4960708843062589,0.42224961901438124,True,51
FDS,CPIULFSL,Prices,10,0.014844323604460533,0.25,0.4960578182702752,0.42224047278919263,True,52
FDS,CLF16OV,Labor_Market,60,0.014720931748591737,0.25,0.4919343905920883,0.4193540734144618,True,53
FDS,CUSR0000SA0L5,Prices,10,0.014685838524230282,0.25,0.4907616683598957,0.418533167851927,True,54
FDS,PPICMM,Prices,60,0.014486438597073397,0.25,0.4840982530730601,0.41386877715114206,True,55
FDS,TB6MS,Rates_FX,10,0.004303640564620272,1.0,0.14381622268484434,0.400671355879391,True,56
FDS,IPDCONGD,Output_Income,50,0.016402157903090485,0.05,0.5481164976682888,0.3986815483678022,True,57
FDS,CPITRNSL,Prices,50,0.012640907560285138,0.25,0.422425513778683,0.37069785964507806,True,58
FDS,DDURRG3M086SBEA,Prices,10,0.012338428935368498,0.25,0.4123174825374041,0.36362223777618286,True,59
FDS,PERMITNE,Housing,10,0.013920175525246513,0.05,0.4651752471172305,0.34062267298206134,True,60
FDS,IPNCONGD,Output_Income,10,0.013738754894604351,0.05,0.4591126521062645,0.33637885647438515,True,61
FDS,RPI,Output_Income,50,0.013566115863371675,0.05,0.4533435147940166,0.3323404603558116,True,62
FDS,CPIAPPSL,Prices,10,0.010921990388505677,0.25,0.3649838731394281,0.33048871119759965,True,63
FDS,USFIRE,Labor_Market,30,0.01091039778089378,0.25,0.3645964790221042,0.33021753531547293,True,64
FDS,SRVPRD,Labor_Market,30,0.010788956451330623,0.25,0.3605382327458751,0.32737676292211254,True,65
FDS,DPCERA3M086SBEA,Consumption_Orders_Inventories,10,0.013139756582801684,0.05,0.43909572148565185,0.3223670050399563,True,66
FDS,USTPU,Labor_Market,30,0.010488845338966433,0.25,0.3505093174780005,0.3203565222346003,True,67
FDS,CES0600000007,Labor_Market,10,0.010459365848527167,0.25,0.349524191304476,0.31966693391313317,True,68
FDS,USCONS,Labor_Market,30,0.01022855217136551,0.25,0.34181101203335407,0.31426770842334784,True,69
FDS,AWHMAN,Labor_Market,60,0.010137776952014283,0.25,0.33877754560778756,0.3121442819254513,True,70
FDS,PAYEMS,Labor_Market,30,0.010044580483264391,0.25,0.3356631674663225,0.30996421722642575,True,71
FDS,CUUR0000SAD,Prices,60,0.010013276580339977,0.25,0.33461707427933735,0.3092319519955361,True,72
FDS,IPMAT,Output_Income,30,0.012358760684810594,0.05,0.412996915534057,0.3040978408738399,True,73
FDS,CUMFNS,Output_Income,30,0.012161902451140938,0.05,0.40641843688425405,0.2994929058189778,True,74
FDS,UEMPMEAN,Labor_Market,60,0.009364835152423765,0.25,0.31294788620588937,0.29406352034412253,True,75
FDS,USTRADE,Labor_Market,60,0.009295003926440372,0.25,0.31061431234078907,0.29243001863855234,True,76
FDS,HOUSTMW,Housing,10,0.011840961325717263,0.05,0.39569343797470213,0.2919854065822915,True,77
FDS,RSAFS,Consumption_Orders_Inventories,10,0.011811933811124845,0.05,0.39472341563200697,0.29130639094240485,True,78
FDS,W875RX1,Output_Income,30,0.011470480056265647,0.05,0.3833129391974492,0.28331905743821445,True,79
FDS,CE16OV,Labor_Market,30,0.008619913653676165,0.25,0.28805459074173495,0.27663821351921447,True,80
FDS,CUSR0000SAC,Prices,50,0.008600247251325148,0.25,0.28739739187545993,0.27617817431282193,True,81
FDS,BUSINV,Consumption_Orders_Inventories,60,0.010858287182975537,0.05,0.36285508142118444,0.2689985569948291,True,82
FDS,HOUST,Housing,30,0.010794692565574283,0.05,0.36072991842943186,0.2675109429006023,True,83
FDS,MANEMP,Labor_Market,10,0.007920080212480298,0.25,0.26466801825500447,0.26026761277850313,True,84
FDS,HOUSTW,Housing,30,0.01040852914743776,0.05,0.3478253639478094,0.25847775476346657,True,85
FDS,ACOGNO,Consumption_Orders_Inventories,60,0.010335315505144821,0.05,0.3453787587247501,0.2567651311073251,True,86
FDS,NDMANEMP,Labor_Market,30,0.007495359908584271,0.25,0.2504749951884336,0.2503324966319035,True,87
FDS,HOUSTS,Housing,30,0.010020264352383972,0.05,0.33485058703795656,0.24939541092656958,True,88
FDS,DMANEMP,Labor_Market,60,0.007321047627405084,0.25,0.24464994231276874,0.24625495961893812,True,89
FDS,UNRATE,Labor_Market,30,0.0065610116303420314,0.25,0.21925156050999794,0.22847609235699856,True,90
FDS,CMRMTSPL,Consumption_Orders_Inventories,30,0.009083076933332008,0.05,0.3035322758239939,0.22747259307679574,True,91
FDS,AWOTMAN,Labor_Market,50,0.006371059070547704,0.25,0.21290385111634702,0.22403269578144291,True,92
FDS,USGOOD,Labor_Market,10,0.006198037173086313,0.25,0.20712191943291952,0.21998534360304367,True,93
FDS,PERMITS,Housing,10,0.008641946068495766,0.05,0.28879085545260075,0.2171535988168205,True,94
FDS,INDPRO,Output_Income,30,0.008189280722947544,0.05,0.27366398341029785,0.2065647883872085,True,95
FDS,PERMITMW,Housing,50,0.0075389162126372694,0.05,0.2519305310374334,0.19135137172620337,True,96
FDS,IPDMAT,Output_Income,60,0.007485631002039508,0.05,0.25014988100449725,0.19010491670314805,True,97
FDS,PERMIT,Housing,30,0.006853278037005685,0.05,0.22901832657535776,0.17531282860275044,True,98
FDS,DNDGRG3M086SBEA,Prices,50,0.003921745823026215,0.25,0.13105431602126869,0.16673802121488807,True,99
FDS,IPFUELS,Output_Income,30,0.006439497156898602,0.05,0.21519086995980702,0.1656336089718649,True,100
FDS,AMDMUO,Consumption_Orders_Inventories,10,0.005800984855228103,0.05,0.1938534868802423,0.1506974408161696,True,101
FDS,PERMITW,Housing,30,0.005544078805540116,0.05,0.18526836990863685,0.1446878589360458,True,102
FDS,UMCSENT,Consumption_Orders_Inventories,60,0.002656289809494027,0.05,0.0887661413683563,0.0771362989578494,True,103
FFIV,CPITRNSL,Prices,50,0.02792276459276992,1.0,0.9619254933538972,0.973347845347728,True,1
FFIV,PPIITM,Prices,50,0.02739385267560233,1.0,0.9437047382000925,0.9605933167400647,True,2
FFIV,PPIFCG,Prices,50,0.023174051947656284,1.0,0.798334680604303,0.8588342764230121,True,3
FFIV,PPIFGS,Prices,50,0.022839950058574657,1.0,0.786825035009664,0.8507775245067648,True,4
FFIV,DMANEMP,Labor_Market,50,0.02205072029205193,1.0,0.7596364581046204,0.8317455206732343,True,5
FFIV,MANEMP,Labor_Market,50,0.0200986120444129,1.0,0.6923872900306037,0.7846711030214226,True,6
FFIV,DNDGRG3M086SBEA,Prices,50,0.019898318817161278,1.0,0.6854872869596561,0.7798411008717592,True,7
FFIV,SRVPRD,Labor_Market,50,0.01883427862008993,1.0,0.64883162601621,0.7541821382113469,True,8
FFIV,UNRATE,Labor_Market,60,0.01867041822387108,1.0,0.6431867160378193,0.7502307012264735,True,9
FFIV,PAYEMS,Labor_Market,50,0.018192143293366225,1.0,0.6267103801450686,0.7386972661015481,True,10
FFIV,CUSR0000SAC,Prices,50,0.017856415145609605,1.0,0.6151447107397119,0.7306012975177982,True,11
FFIV,USTPU,Labor_Market,50,0.017624170805388882,1.0,0.6071440075570723,0.7250008052899506,True,12
FFIV,HOUSTNE,Housing,50,0.029027991030171185,0.05,1.0,0.715,True,13
FFIV,PPICRM,Prices,30,0.017205907034245536,1.0,0.5927350265597787,0.7149145185918451,True,14
FFIV,DTCTHFNM,Money_Credit,50,0.02832662587563743,0.05,0.975838315720686,0.6980868210044802,True,15
FFIV,CE16OV,Labor_Market,60,0.015938574555396115,1.0,0.549076046593436,0.6843532326154051,True,16
FFIV,CES0600000007,Labor_Market,50,0.015406617331721722,1.0,0.5307503821297297,0.6715252674908108,True,17
FFIV,IPFINAL,Output_Income,50,0.02682440448058861,0.05,0.9240875282312094,0.6618612697618466,True,18
FFIV,USTRADE,Labor_Market,50,0.014880864939277993,1.0,0.5126384710471724,0.6588469297330206,True,19
FFIV,USGOOD,Labor_Market,10,0.014860796461158024,1.0,0.5119471218560036,0.6583629852992025,True,20
FFIV,IPCONGD,Output_Income,50,0.025309466769048876,0.05,0.8718986698990867,0.6253290689293607,True,21
FFIV,MCOILWTICO,Prices,50,0.01267537729770741,1.0,0.43666050759533603,0.6056623553167352,True,22
FFIV,IPB51222S,Output_Income,10,0.023156815978283615,0.05,0.7977409099449847,0.5734186369614893,True,23
FFIV,CPIAPPSL,Prices,60,0.01113392178184157,1.0,0.38355812395935934,0.5684906867715516,True,24
FFIV,CLF16OV,Labor_Market,60,0.011129873498514204,1.0,0.3834186625917725,0.5683930638142407,True,25
FFIV,AWHMAN,Labor_Market,60,0.01091827494066931,1.0,0.37612919644769927,0.5632904375133895,True,26
FFIV,IPFPNSS,Output_Income,50,0.02209240454433206,0.05,0.761072460073782,0.5477507220516474,True,27
FFIV,ACOGNO,Consumption_Orders_Inventories,50,0.0219049333710953,0.05,0.754614170451124,0.5432299193157868,True,28
FFIV,AWOTMAN,Labor_Market,60,0.009985658695642345,1.0,0.3440010259498643,0.540800718164905,True,29
FFIV,INDPRO,Output_Income,50,0.021297089022547656,0.05,0.7336742318960977,0.5285719623272683,True,30
FFIV,CUUR0000SAD,Prices,10,0.009272764233135708,1.0,0.3194421626869651,0.5236095138808756,True,31
FFIV,CUSR0000SA0L5,Prices,60,0.009222151236314063,1.0,0.31769856986412603,0.5223889989048882,True,32
FFIV,USCONS,Labor_Market,10,0.009072275285309381,1.0,0.3125354171385756,0.5187747919970029,True,33
FFIV,CUUR0000SA0L2,Prices,50,0.009056352811062261,1.0,0.31198689573967575,0.5183908270177731,True,34
FFIV,PERMITNE,Housing,50,0.02080852475783109,0.05,0.7168434335053734,0.5167904034537614,True,35
FFIV,CPIULFSL,Prices,60,0.008971208229607295,1.0,0.30905370682672384,0.5163375947787067,True,36
FFIV,CPIAUCSL,Prices,60,0.008949047547896641,1.0,0.3082902822518843,0.515803197576319,True,37
FFIV,NDMANEMP,Labor_Market,10,0.008438380287892107,1.0,0.29069804655518194,0.5034886325886273,True,38
FFIV,IPMAT,Output_Income,60,0.019983148932479988,0.05,0.6884096426690313,0.4968867498683219,True,39
FFIV,CUMFNS,Output_Income,50,0.01994670157213209,0.05,0.6871540490487212,0.49600783433410484,True,40
FFIV,PCEPI,Prices,60,0.008123544639974343,1.0,0.2798521134835295,0.4958964794384706,True,41
FFIV,DDURRG3M086SBEA,Prices,60,0.007518301759622871,1.0,0.2590017942271127,0.4813012559589789,True,42
FFIV,IPMANSICS,Output_Income,50,0.019214390321828537,0.05,0.6619262870054438,0.4783484009038106,True,43
FFIV,USFIRE,Labor_Market,10,0.0065295679689327405,1.0,0.22494040190883421,0.45745828133618394,True,44
FFIV,UEMPMEAN,Labor_Market,50,0.006420512875418874,1.0,0.22118350762701786,0.4548284553389125,True,45
FFIV,CES3000000008,Labor_Market,60,0.006370905454961425,1.0,0.21947455641486238,0.4536321894904036,True,46
FFIV,DSERRG3M086SBEA,Prices,60,0.006309585237964416,1.0,0.21736210512833437,0.45215347358983404,True,47
FFIV,CES2000000008,Labor_Market,60,0.00616033216002045,1.0,0.21222041007307427,0.44855428705115197,True,48
FFIV,CES0600000008,Labor_Market,60,0.006005269877528514,1.0,0.20687859078110993,0.44481501354677694,True,49
FFIV,CPIMEDSL,Prices,60,0.005872709115642768,1.0,0.20231193779613538,0.44161835645729475,True,50
FFIV,CUSR0000SAS,Prices,60,0.005822910546128142,1.0,0.20059640159306621,0.44041748111514634,True,51
FFIV,IPBUSEQ,Output_Income,50,0.017237173668980917,0.05,0.5938121467332996,0.43066850271330975,True,52
FFIV,IPDMAT,Output_Income,50,0.01711118835622917,0.05,0.5894720147337823,0.4276304103136476,True,53
FFIV,PPICMM,Prices,30,0.004892416765874665,1.0,0.1685413489617512,0.4179789442732258,True,54
FFIV,DTCOLNVHFNM,Money_Credit,50,0.016238796405721918,0.05,0.5594185415326743,0.406592979072872,True,55
FFIV,UMCSENT,Consumption_Orders_Inventories,50,0.01608173358476021,0.05,0.5540078046753266,0.40280546327272865,True,56
FFIV,ANDENO,Consumption_Orders_Inventories,60,0.015360174129000707,0.05,0.5291504366607944,0.3854053056625561,True,57
FFIV,USGOVT,Labor_Market,60,0.003539079378455121,1.0,0.12191954223689348,0.38534367956582544,True,58
FFIV,IPDCONGD,Output_Income,50,0.014924739173409309,0.05,0.5141499168129409,0.3749049417690586,True,59
FFIV,SP500,Stock_Market,30,0.00220370472542868,1.0,0.07591654286850881,0.35314158000795615,True,60
FFIV,RSAFS,Consumption_Orders_Inventories,50,0.013906791795764305,0.05,0.47908213080642853,0.35035749156449997,True,61
FFIV,EXSZUS,Rates_FX,50,0.01356863354819645,0.05,0.46743274565895554,0.3422029219612689,True,62
FFIV,DPCERA3M086SBEA,Consumption_Orders_Inventories,60,0.013427360074598585,0.05,0.46256594404491935,0.33879616083144354,True,63
FFIV,EXJPUS,Rates_FX,10,0.013305155366542788,0.05,0.4583560520159195,0.33584923641114367,True,64
FFIV,HOUST,Housing,50,0.013238781114880917,0.05,0.45606949172337696,0.33424864420636385,True,65
FFIV,AMDMUO,Consumption_Orders_Inventories,60,0.012450202376657182,0.05,0.4289033424227209,0.3152323396959046,True,66
FFIV,BUSINV,Consumption_Orders_Inventories,60,0.012314157582790907,0.05,0.4242166662512672,0.311951666375887,True,67
FFIV,HOUSTS,Housing,60,0.011794961228726837,0.05,0.4063306074632365,0.2994314252242656,True,68
FFIV,FEDFUNDS,Rates_FX,60,0.011496574959574679,0.05,0.3960513473917413,0.2922359431742189,True,69
FFIV,RPI,Output_Income,60,0.011342345558507735,0.05,0.3907382204548258,0.2885167543183781,True,70
FFIV,W875RX1,Output_Income,60,0.011048221998471016,0.05,0.38060580861375104,0.2814240660296257,True,71
FFIV,GS1,Rates_FX,10,0.010835426736282858,0.05,0.3732751165942109,0.27629258161594766,True,72
FFIV,HOUSTW,Housing,50,0.010647847133696252,0.05,0.3668130916338326,0.2717691641436828,True,73
FFIV,IPNMAT,Output_Income,50,0.010647448608520791,0.05,0.3667993626377389,0.2717595538464172,True,74
FFIV,IPFUELS,Output_Income,50,0.010635180241884125,0.05,0.3663767234470379,0.27146370641292655,True,75
FFIV,CMRMTSPL,Consumption_Orders_Inventories,60,0.010507747457934806,0.05,0.3619867267773797,0.26839070874416576,True,76
FFIV,REALLN,Money_Credit,10,0.010077261316970705,0.05,0.3471566911570483,0.2580096838099338,True,77
FFIV,CPF3M,Rates_FX,60,0.009756999075021087,0.05,0.33612381459260593,0.25028667021482415,True,78
FFIV,PERMITW,Housing,50,0.009729247939543419,0.05,0.33516780163777127,0.24961746114643985,True,79
FFIV,PERMIT,Housing,50,0.009641147951852462,0.05,0.33213280043498783,0.24749296030449147,True,80
FFIV,GS10,Rates_FX,60,0.009540607049625838,0.05,0.32866921585133113,0.24506845109593178,True,81
FFIV,TB3MS,Rates_FX,50,0.009218057284623313,0.05,0.3175575352439039,0.23729027467073271,True,82
FFIV,NONREVSL,Money_Credit,60,0.008996982196166372,0.05,0.309941607285708,0.2319591250999956,True,83
FFIV,PERMITS,Housing,10,0.00877405997973731,0.05,0.302262046678246,0.2265834326747722,True,84
FFIV,PERMITMW,Housing,50,0.00851376596001829,0.05,0.2932950458462396,0.22030653209236772,True,85
FFIV,AMBSL,Money_Credit,30,0.007475939917281649,0.05,0.257542449613936,0.1952797147297552,True,86
FFIV,MZMSL,Money_Credit,60,0.0071051139857563565,0.05,0.24476767883700343,0.18633737518590238,True,87
FFIV,IPNCONGD,Output_Income,10,0.006749508969190493,0.05,0.2325172610868996,0.17776208276082972,True,88
FFIV,INVEST,Money_Credit,60,0.006715333357206986,0.05,0.2313399280793213,0.1769379496555249,True,89
FFIV,TB6MS,Rates_FX,10,0.00662633422850106,0.05,0.2282739519112351,0.17479176633786453,True,90
FFIV,AAA,Rates_FX,60,0.00659158569137073,0.05,0.22707688191440983,0.17395381734008686,True,91
FFIV,M1SL,Money_Credit,60,0.005933296113738257,0.05,0.20439913005248256,0.1580793910367378,True,92
FFIV,M2SL,Money_Credit,60,0.005916334571657176,0.05,0.20381481327825415,0.1576703692947779,True,93
FFIV,M2REAL,Money_Credit,60,0.005895661152375611,0.05,0.20310262416189134,0.15717183691332393,True,94
FFIV,HOUSTMW,Housing,60,0.005630730958197789,0.05,0.19397590940224924,0.15078313658157444,True,95
FFIV,NONBORRES,Money_Credit,10,0.005299544543590137,0.05,0.18256670046789952,0.14279669032752967,True,96
FFIV,TOTRESNS,Money_Credit,10,0.0050946069667280455,0.05,0.17550670183936604,0.13785469128755623,True,97
FFIV,BAA,Rates_FX,60,0.004683046506932889,0.05,0.16132864661785973,0.1279300526325018,True,98
FFIV,EXCAUS,Rates_FX,50,0.004570811354891028,0.05,0.1574622008853526,0.1252235406197468,True,99
FFIV,GS5,Rates_FX,30,0.004169080946658534,0.05,0.1436227861006731,0.11553595027047117,True,100
FFIV,EXUSUK,Rates_FX,10,0.003083611661545419,0.05,0.10622890362410431,0.08936023253687302,True,101
FFIV,ISRATIO,Consumption_Orders_Inventories,50,0.0028914001605383427,0.05,0.0996073120435056,0.08472511843045392,True,102
FFIV,BUSLOANS,Money_Credit,60,0.0024207564746864304,0.05,0.08339386877205311,0.07337570814043717,True,103
FRT,FEDFUNDS,Rates_FX,60,0.019941230931353655,1.0,0.9606779774416574,0.9724745842091602,True,1
FRT,TB3MS,Rates_FX,60,0.019799570233415976,1.0,0.9538534081236337,0.9676973856865436,True,2
FRT,EXSZUS,Rates_FX,50,0.019571719833518013,1.0,0.9428766102475765,0.9600136271733035,True,3
FRT,GS1,Rates_FX,60,0.01942234915689555,1.0,0.9356806091581383,0.9549764264106968,True,4
FRT,TB6MS,Rates_FX,60,0.017907212634023714,1.0,0.8626882098749064,0.9038817469124345,True,5
FRT,PERMITNE,Housing,30,0.017384383906092992,1.0,0.8375006952913828,0.886250486703968,True,6
FRT,CPF3M,Rates_FX,10,0.01719554996335246,1.0,0.828403533194981,0.8798824732364867,True,7
FRT,NONBORRES,Money_Credit,10,0.014721688628532357,1.0,0.7092241248732315,0.7964568874112621,True,8
FRT,TOTRESNS,Money_Credit,10,0.01345088816312844,1.0,0.6480027276064944,0.7536019093245461,True,9
FRT,MZMSL,Money_Credit,10,0.012458019001541922,1.0,0.6001707988102922,0.7201195591672045,True,10
FRT,UEMPMEAN,Labor_Market,10,0.020757456087895695,0.05,1.0,0.715,True,11
FRT,M2REAL,Money_Credit,10,0.012302311227671647,1.0,0.5926695051444911,0.7148686536011437,True,12
FRT,CUSR0000SAC,Prices,50,0.020526065835411868,0.05,0.9888526680965132,0.7071968676675592,True,13
FRT,M2SL,Money_Credit,10,0.011762964424528292,1.0,0.566686224685675,0.6966803572799725,True,14
FRT,M1SL,Money_Credit,10,0.011623980005843942,1.0,0.5599905863523537,0.6919934104466475,True,15
FRT,CES0600000007,Labor_Market,30,0.020061218557453128,0.05,0.9664584365495267,0.6915209055846686,True,16
FRT,DTCTHFNM,Money_Credit,30,0.011435196170818326,1.0,0.5508958382181782,0.6856270867527248,True,17
FRT,DTCOLNVHFNM,Money_Credit,10,0.011359794421091099,1.0,0.5472633242237878,0.6830843269566513,True,18
FRT,EXUSUK,Rates_FX,30,0.011197350705998017,1.0,0.5394375234895732,0.6776062664427012,True,19
FRT,ACOGNO,Consumption_Orders_Inventories,30,0.019409354186226295,0.05,0.9350545704656208,0.6695381993259345,True,20
FRT,DNDGRG3M086SBEA,Prices,10,0.019016193144366873,0.05,0.9161138563340522,0.6562796994338365,True,21
FRT,CPITRNSL,Prices,50,0.01866317103468117,0.05,0.8991068537326322,0.6443747976128426,True,22
FRT,HOUSTMW,Housing,50,0.010175331597811308,1.0,0.4902012826005617,0.6431408978203932,True,23
FRT,INVEST,Money_Credit,10,0.009940552483858275,1.0,0.47889069073617907,0.6352234835153253,True,24
FRT,HOUST,Housing,30,0.00976920119320611,1.0,0.4706357634499745,0.6294450344149821,True,25
FRT,AMBSL,Money_Credit,10,0.009485349199189209,1.0,0.456961063004267,0.6198727441029869,True,26
FRT,HOUSTNE,Housing,30,0.009360674217250606,1.0,0.45095478837163966,0.6156683518601478,True,27
FRT,NONREVSL,Money_Credit,10,0.009092585290733288,1.0,0.4380394809571801,0.6066276366700261,True,28
FRT,ISRATIO,Consumption_Orders_Inventories,30,0.017513251129986834,0.05,0.8437089331095512,0.6055962531766859,True,29
FRT,HOUSTW,Housing,30,0.00855186748756875,1.0,0.41199015194138383,0.5883931063589687,True,30
FRT,PERMITW,Housing,30,0.008446937252418907,1.0,0.4069350895722031,0.5848545627005421,True,31
FRT,IPNMAT,Output_Income,50,0.016822369489025237,0.05,0.8104253920997031,0.5822977744697921,True,32
FRT,PERMIT,Housing,30,0.007838061279674386,1.0,0.37760220936923955,0.5643215465584677,True,33
FRT,PERMITMW,Housing,10,0.0073755957417650075,1.0,0.35532271924525194,0.5487259034716763,True,34
FRT,CUMFNS,Output_Income,30,0.015783037062440775,0.05,0.7603550741289702,0.5472485518902791,True,35
FRT,CUUR0000SAD,Prices,30,0.015096255715620246,0.05,0.7272690666763993,0.5240883466734795,True,36
FRT,IPMAT,Output_Income,10,0.01497583201022877,0.05,0.7214675992479461,0.5200273194735623,True,37
FRT,GS10,Rates_FX,10,0.006409214904560873,1.0,0.3087668776665885,0.516136814366612,True,38
FRT,PERMITS,Housing,10,0.006222544574052226,1.0,0.2997739485851921,0.5098417640096344,True,39
FRT,IPB51222S,Output_Income,10,0.014606269076702507,0.05,0.7036637348456137,0.5075646143919296,True,40
FRT,HOUSTS,Housing,30,0.0061359837524741535,1.0,0.29560384116877564,0.506922688818143,True,41
FRT,EXCAUS,Rates_FX,50,0.005482555710526021,1.0,0.2641246445282409,0.4848872511697686,True,42
FRT,AAA,Rates_FX,30,0.0052811371704229665,1.0,0.2544212136622348,0.47809484956356435,True,43
FRT,DPCERA3M086SBEA,Consumption_Orders_Inventories,10,0.013728026821252319,0.05,0.661354010005954,0.4779478070041677,True,44
FRT,AWHMAN,Labor_Market,30,0.013516616207335078,0.05,0.651169206385412,0.4708184444697884,True,45
FRT,RSAFS,Consumption_Orders_Inventories,10,0.013474617123103728,0.05,0.6491458811738106,0.4694021168216674,True,46
FRT,EXJPUS,Rates_FX,50,0.004837299652606155,1.0,0.2330391369791663,0.4631273958854164,True,47
FRT,GS5,Rates_FX,30,0.004830791248457025,1.0,0.2327255916139939,0.4629079141297957,True,48
FRT,CPIAPPSL,Prices,10,0.013195055392940072,0.05,0.6356778661636919,0.4599745063145843,True,49
FRT,PPIFGS,Prices,30,0.012807307572505524,0.05,0.6169979364655314,0.44689855552587193,True,50
FRT,ANDENO,Consumption_Orders_Inventories,30,0.012568619994666377,0.05,0.6054990525546876,0.4388493367882813,True,51
FRT,PPIFCG,Prices,10,0.012424642517591145,0.05,0.5985628713354876,0.4339940099348413,True,52
FRT,AWOTMAN,Labor_Market,30,0.012397339596350128,0.05,0.5972475405393918,0.43307327837757426,True,53
FRT,INDPRO,Output_Income,30,0.012288525510720733,0.05,0.5920053718859387,0.4294037603201571,True,54
FRT,BAA,Rates_FX,10,0.0035035443463318897,1.0,0.16878486128051662,0.4181494028963616,True,55
FRT,CPIMEDSL,Prices,10,0.011890573734444368,0.05,0.5728338619190492,0.4159837033433344,True,56
FRT,USGOVT,Labor_Market,60,0.011717592673253053,0.05,0.5645004196870703,0.4101502937809492,True,57
FRT,CUSR0000SAS,Prices,10,0.011617944067239129,0.05,0.559699802232216,0.4067898615625512,True,58
FRT,CES2000000008,Labor_Market,10,0.01140757063034644,0.05,0.5495649650921599,0.3996954755645119,True,59
FRT,CES3000000008,Labor_Market,10,0.011382921235152053,0.05,0.5483774691345623,0.3988642283941936,True,60
FRT,DSERRG3M086SBEA,Prices,10,0.011364672438774563,0.05,0.5474983249706427,0.39824882747944984,True,61
FRT,CES0600000008,Labor_Market,10,0.01131676098579514,0.05,0.5451901686736212,0.39663311807153484,True,62
FRT,USGOOD,Labor_Market,10,0.01127476106885893,0.05,0.5431668033460799,0.39521676234225595,True,63
FRT,PCEPI,Prices,10,0.010953772391984645,0.05,0.5277030261127289,0.38439211827891023,True,64
FRT,CPIAUCSL,Prices,10,0.010909249866744485,0.05,0.5255581329691937,0.3828906930784356,True,65
FRT,MANEMP,Labor_Market,50,0.010837399839701571,0.05,0.5220967248496886,0.38046770739478203,True,66
FRT,CMRMTSPL,Consumption_Orders_Inventories,10,0.01072435561686259,0.05,0.5166507673893762,0.37665553717256334,True,67
FRT,IPDCONGD,Output_Income,30,0.010653627527041982,0.05,0.5132434091118919,0.3742703863783243,True,68
FRT,REALLN,Money_Credit,10,0.0021820572509862516,1.0,0.1051216122894113,0.3735851286025879,True,69
FRT,DMANEMP,Labor_Market,50,0.01063185835387449,0.05,0.5121946691759715,0.37353626842318,True,70
FRT,CPIULFSL,Prices,10,0.010419148997666647,0.05,0.5019472980478745,0.3663631086335122,True,71
FRT,BUSLOANS,Money_Credit,30,0.0019106701749055128,1.0,0.09204741500186445,0.36443319050130507,True,72
FRT,CUSR0000SA0L5,Prices,10,0.010236643151325622,0.05,0.49315499490782594,0.36020849643547814,True,73
FRT,IPFPNSS,Output_Income,60,0.010040447084752562,0.05,0.4837031591076063,0.35359221137532443,True,74
FRT,CUUR0000SA0L2,Prices,10,0.009838109978833545,0.05,0.47395547591067516,0.3467688331374726,True,75
FRT,SRVPRD,Labor_Market,10,0.009827285909438514,0.05,0.4734340213861324,0.34640381497029266,True,76
FRT,NDMANEMP,Labor_Market,10,0.00982588093792244,0.05,0.4733663362367516,0.34635643536572613,True,77
FRT,IPFINAL,Output_Income,60,0.00928291958438471,0.05,0.4472089231492034,0.3280462462044424,True,78
FRT,IPCONGD,Output_Income,30,0.008880919432652849,0.05,0.4278423808316079,0.3144896665821255,True,79
FRT,W875RX1,Output_Income,10,0.008807305350957325,0.05,0.4242959885673627,0.3120071919971539,True,80
FRT,IPMANSICS,Output_Income,60,0.008476287552248815,0.05,0.40834905377406033,0.3008443376418422,True,81
FRT,IPBUSEQ,Output_Income,60,0.008450705858833358,0.05,0.4071166439206017,0.2999816507444212,True,82
FRT,BUSINV,Consumption_Orders_Inventories,10,0.0076875675798555145,0.05,0.3703521061204783,0.2742464742843348,True,83
FRT,USTPU,Labor_Market,10,0.007415010024548173,0.05,0.35722152045751365,0.26505506432025955,True,84
FRT,AMDMUO,Consumption_Orders_Inventories,10,0.007395235461777716,0.05,0.35626887179542693,0.2643882102567988,True,85
FRT,MCOILWTICO,Prices,30,0.007347454335604818,0.05,0.35396699405228865,0.262776895836602,True,86
FRT,IPDMAT,Output_Income,30,0.007274509185341249,0.05,0.35045282786763243,0.26031697950734267,True,87
FRT,CLF16OV,Labor_Market,10,0.0070348880766406725,0.05,0.33890897067791126,0.25223627947453786,True,88
FRT,USTRADE,Labor_Market,60,0.0069309457796626305,0.05,0.3339015026848245,0.2487310518793771,True,89
FRT,CE16OV,Labor_Market,10,0.006901314532272994,0.05,0.3324740037049801,0.24773180259348604,True,90
FRT,PPICMM,Prices,60,0.006519228297896336,0.05,0.314066823520725,0.23484677646450747,True,91
FRT,USCONS,Labor_Market,10,0.006441443465181388,0.05,0.31031950340666214,0.23222365238466347,True,92
FRT,IPNCONGD,Output_Income,60,0.006239143569531509,0.05,0.3005736128315716,0.22540152898210009,True,93
FRT,PAYEMS,Labor_Market,10,0.006068167939760204,0.05,0.29233678318118844,0.2196357482268319,True,94
FRT,UMCSENT,Consumption_Orders_Inventories,60,0.00603351654360734,0.05,0.2906674362243101,0.21846720535701708,True,95
FRT,UNRATE,Labor_Market,60,0.005751734620261865,0.05,0.2770924623858834,0.20896472367011837,True,96
FRT,PPICRM,Prices,60,0.0046675749414631495,0.05,0.22486257090939746,0.1724037996365782,True,97
FRT,IPFUELS,Output_Income,50,0.004477690905362487,0.05,0.21571482008209883,0.16600037405746915,True,98
FRT,RPI,Output_Income,10,0.00443901459228909,0.05,0.21385157090023255,0.1646960996301628,True,99
FRT,PPIITM,Prices,60,0.00405006341742295,0.05,0.19511366904852398,0.1515795683339668,True,100
FRT,USFIRE,Labor_Market,60,0.003757862825191785,0.05,0.18103677104166485,0.1417257397291654,True,101
FRT,DDURRG3M086SBEA,Prices,10,0.003569944064114207,0.05,0.17198369824305929,0.13538858877014148,True,102
FRT,SP500,Stock_Market,10,0.0028774828430604585,0.05,0.1386240602353198,0.11203684216472386,True,103
HBAN,GS10,Rates_FX,50,0.0403751183077369,1.0,1.0,1.0,True,1
HBAN,GS5,Rates_FX,50,0.04014998114203363,1.0,0.9944238636284038,0.9960967045398827,True,2
HBAN,BAA,Rates_FX,10,0.03869799870766476,1.0,0.9584615557708283,0.9709230890395797,True,3
HBAN,AAA,Rates_FX,50,0.037967540282665385,1.0,0.9403697592482309,0.9582588314737615,True,4
HBAN,CPF3M,Rates_FX,50,0.03787962135256878,1.0,0.93819220698878,0.956734544892146,True,5
HBAN,EXSZUS,Rates_FX,10,0.03450635142169317,1.0,0.8546439705436325,0.8982507793805428,True,6
HBAN,GS1,Rates_FX,60,0.033157225638418074,1.0,0.8212291883752649,0.8748604318626854,True,7
HBAN,FEDFUNDS,Rates_FX,60,0.032456735038234444,1.0,0.803879626824893,0.8627157387774251,True,8
HBAN,TOTRESNS,Money_Credit,60,0.032008282623385335,1.0,0.7927724788177707,0.8549407351724394,True,9
HBAN,INVEST,Money_Credit,10,0.03148440870134513,1.0,0.7797973113384518,0.8458581179369162,True,10
HBAN,MZMSL,Money_Credit,10,0.03147605190979464,1.0,0.7795903325876578,0.8457132328113603,True,11
HBAN,NONBORRES,Money_Credit,60,0.031280371423408206,1.0,0.7747437712749461,0.8423206398924623,True,12
HBAN,M2SL,Money_Credit,10,0.030341798239876018,1.0,0.751497444753289,0.8260482113273022,True,13
HBAN,AMBSL,Money_Credit,10,0.030039028932389477,1.0,0.7439985365103744,0.820798975557262,True,14
HBAN,M1SL,Money_Credit,10,0.02998856128349857,1.0,0.7427485674451137,0.8199239972115795,True,15
HBAN,M2REAL,Money_Credit,10,0.02992877532407513,1.0,0.741267804987212,0.8188874634910484,True,16
HBAN,TB6MS,Rates_FX,60,0.029594533403044833,1.0,0.732989391572229,0.8130925741005604,True,17
HBAN,DTCOLNVHFNM,Money_Credit,10,0.025839221158362267,1.0,0.6399788345242029,0.747985184166942,True,18
HBAN,NONREVSL,Money_Credit,10,0.025632665072194173,1.0,0.6348629093003129,0.7444040365102189,True,19
HBAN,DTCTHFNM,Money_Credit,50,0.02389331454844572,1.0,0.5917831464005185,0.7142482024803629,True,20
HBAN,HOUSTMW,Housing,10,0.04031762521755527,0.05,0.9985760267067598,0.7140032186947318,True,21
HBAN,EXUSUK,Rates_FX,60,0.021606245620593326,1.0,0.5351376423447661,0.6745963496413363,True,22
HBAN,TB3MS,Rates_FX,60,0.02133083575636972,1.0,0.5283163653859112,0.6698214557701379,True,23
HBAN,CUSR0000SAC,Prices,10,0.03749791076846541,0.05,0.928738102577395,0.6651166718041764,True,24
HBAN,DNDGRG3M086SBEA,Prices,10,0.03731576374314533,0.05,0.9242267343646318,0.6619587140552422,True,25
HBAN,DMANEMP,Labor_Market,60,0.03719738878107954,0.05,0.9212948553503452,0.6599063987452416,True,26
HBAN,PPIFGS,Prices,60,0.0371834706028125,0.05,0.9209501336789198,0.6596650935752438,True,27
HBAN,CPIAPPSL,Prices,10,0.03693692566280709,0.05,0.9148437753488646,0.6553906427442052,True,28
HBAN,CES0600000007,Labor_Market,30,0.036875155900084375,0.05,0.9133138785878965,0.6543197150115275,True,29
HBAN,NDMANEMP,Labor_Market,60,0.03649609988719053,0.05,0.9039255218775905,0.6477478653143133,True,30
HBAN,USGOVT,Labor_Market,60,0.036313408913972896,0.05,0.8994006813105566,0.6445804769173896,True,31
HBAN,MANEMP,Labor_Market,60,0.036099327103794376,0.05,0.8940983609917207,0.6408688526942045,True,32
HBAN,UEMPMEAN,Labor_Market,10,0.03559770953606913,0.05,0.8816744328708928,0.6321721030096249,True,33
HBAN,RSAFS,Consumption_Orders_Inventories,10,0.03408561871277214,0.05,0.8442233767087307,0.6059563636961115,True,34
HBAN,PPIFCG,Prices,10,0.03376574572397636,0.05,0.8363008491174125,0.6004105943821888,True,35
HBAN,DPCERA3M086SBEA,Consumption_Orders_Inventories,10,0.03365464419083701,0.05,0.8335491164217326,0.5984843814952128,True,36
HBAN,AWHMAN,Labor_Market,10,0.033440253852617965,0.05,0.8282391545639127,0.5947674081947388,True,37
HBAN,UMCSENT,Consumption_Orders_Inventories,10,0.03313433695386984,0.05,0.8206622876327387,0.5894636013429171,True,38
HBAN,CES2000000008,Labor_Market,10,0.030828251525582582,0.05,0.7635457880423128,0.5494820516296189,True,39
HBAN,USGOOD,Labor_Market,60,0.030792978811829855,0.05,0.7626721630170217,0.5488705141119151,True,40
HBAN,CPITRNSL,Prices,10,0.030584523087863434,0.05,0.7575091880784077,0.5452564316548854,True,41
HBAN,CMRMTSPL,Consumption_Orders_Inventories,10,0.030499182819108572,0.05,0.7553955034049809,0.5437768523834866,True,42
HBAN,CPIMEDSL,Prices,10,0.030489161323908553,0.05,0.7551472937248596,0.5436031056074017,True,43
HBAN,EXCAUS,Rates_FX,60,0.014024860742854327,1.0,0.3473639541055365,0.5431547678738755,True,44
HBAN,DSERRG3M086SBEA,Prices,10,0.030441931273387846,0.05,0.753977512619558,0.5427842588336906,True,45
HBAN,CUSR0000SAS,Prices,10,0.03034456097455487,0.05,0.7515658714178945,0.5410961099925261,True,46
HBAN,CES0600000008,Labor_Market,10,0.030308729245676173,0.05,0.7506784008572985,0.540474880600109,True,47
HBAN,AWOTMAN,Labor_Market,10,0.030203712462965382,0.05,0.7480773736129853,0.5386541615290897,True,48
HBAN,CES3000000008,Labor_Market,10,0.030162963713121698,0.05,0.7470681196082516,0.5379476837257761,True,49
HBAN,CPIAUCSL,Prices,10,0.0300501082155439,0.05,0.7442729451961887,0.5359910616373321,True,50
HBAN,IPNCONGD,Output_Income,10,0.030015859360751396,0.05,0.743424678832448,0.5353972751827136,True,51
HBAN,CPIULFSL,Prices,10,0.0299634283575358,0.05,0.7421260819387876,0.5344882573571513,True,52
HBAN,CUSR0000SA0L5,Prices,10,0.029894722595239093,0.05,0.7404243962180664,0.5332970773526465,True,53
HBAN,PCEPI,Prices,10,0.029786585359584204,0.05,0.7377460824399946,0.5314222577079962,True,54
HBAN,PERMITW,Housing,10,0.02973591796569334,0.05,0.7364911661446495,0.5305438163012546,True,55
HBAN,DDURRG3M086SBEA,Prices,10,0.029442312103814518,0.05,0.729219215641843,0.5254534509492901,True,56
HBAN,PERMITMW,Housing,10,0.02917765369986613,0.05,0.7226642279404777,0.5208649595583343,True,57
HBAN,CUUR0000SA0L2,Prices,10,0.02829018942656865,0.05,0.7006837530714437,0.5054786271500106,True,58
HBAN,BUSLOANS,Money_Credit,60,0.01077802735176778,1.0,0.2669472636493163,0.48686308455452143,True,59
HBAN,EXJPUS,Rates_FX,60,0.010309408782921307,1.0,0.25534064579931554,0.4787384520595208,True,60
HBAN,IPCONGD,Output_Income,60,0.026687322826926863,0.05,0.6609843870553537,0.4776890709387476,True,61
HBAN,PERMIT,Housing,10,0.02624337234914601,0.05,0.6499887418067853,0.4699921192647497,True,62
HBAN,IPMAT,Output_Income,10,0.02560371683753257,0.05,0.6341459272610044,0.45890214908270305,True,63
HBAN,CLF16OV,Labor_Market,10,0.025486854181080442,0.05,0.6312515046227496,0.4568760532359247,True,64
HBAN,ACOGNO,Consumption_Orders_Inventories,10,0.025145733935432176,0.05,0.6228027307257107,0.45096191150799747,True,65
HBAN,SRVPRD,Labor_Market,10,0.024916437569906958,0.05,0.6171235804188921,0.4469865062932245,True,66
HBAN,IPFUELS,Output_Income,60,0.02484914955054801,0.05,0.6154570089714457,0.445819906280012,True,67
HBAN,HOUSTW,Housing,10,0.02411320477231456,0.05,0.5972293279371977,0.4330605295560384,True,68
HBAN,IPFPNSS,Output_Income,60,0.023764469661675686,0.05,0.5885919511255477,0.42701436578788343,True,69
HBAN,W875RX1,Output_Income,10,0.02289114337908536,0.05,0.566961642182949,0.41187314952806425,True,70
HBAN,HOUST,Housing,10,0.022880740183090425,0.05,0.5667039786408723,0.4116927850486106,True,71
HBAN,RPI,Output_Income,50,0.021532922090411924,0.05,0.5333215849991867,0.38832510949943067,True,72
HBAN,IPNMAT,Output_Income,60,0.021273692087722413,0.05,0.5269010464706386,0.38383073252944705,True,73
HBAN,PERMITS,Housing,10,0.020526208190553157,0.05,0.5083875676624287,0.37087129736370006,True,74
HBAN,PPICRM,Prices,50,0.02043383177117226,0.05,0.5060996135151044,0.369269729460573,True,75
HBAN,BUSINV,Consumption_Orders_Inventories,10,0.020238707599792922,0.05,0.5012668308618843,0.365886781603319,True,76
HBAN,PERMITNE,Housing,30,0.020193938574710676,0.05,0.5001580037684002,0.36511060263788014,True,77
HBAN,IPFINAL,Output_Income,60,0.01964650043564811,0.05,0.4865992041411143,0.35561944289878,True,78
HBAN,USCONS,Labor_Market,60,0.019354305956933417,0.05,0.47936221039443094,0.35055354727610166,True,79
HBAN,REALLN,Money_Credit,10,0.002628015204839692,1.0,0.06508996914409282,0.345562978400865,True,80
HBAN,IPDMAT,Output_Income,10,0.018153270287344883,0.05,0.4496152840712854,0.3297306988498998,True,81
HBAN,IPDCONGD,Output_Income,10,0.017780490367651603,0.05,0.4403823719383234,0.32326766035682636,True,82
HBAN,MCOILWTICO,Prices,60,0.017325115551106097,0.05,0.42910377175999914,0.3153726402319994,True,83
HBAN,IPB51222S,Output_Income,60,0.01709105067960392,0.05,0.42330651638806066,0.31131456147164244,True,84
HBAN,IPMANSICS,Output_Income,60,0.01693201724148916,0.05,0.4193676192459492,0.3085573334721644,True,85
HBAN,PAYEMS,Labor_Market,10,0.016817528960272773,0.05,0.4165320044907486,0.306572403143524,True,86
HBAN,CE16OV,Labor_Market,10,0.016815810360196918,0.05,0.41648943866932475,0.3065426070685273,True,87
HBAN,AMDMUO,Consumption_Orders_Inventories,10,0.015965109859829917,0.05,0.39541951897564087,0.2917936632829486,True,88
HBAN,USTPU,Labor_Market,10,0.015775948431285734,0.05,0.3907344199227439,0.2885140939459207,True,89
HBAN,PPICMM,Prices,60,0.015375334624253474,0.05,0.3808121256032869,0.2815684879223008,True,90
HBAN,SP500,Stock_Market,30,0.014870894994466843,0.05,0.36831830141330385,0.2728228109893127,True,91
HBAN,HOUSTS,Housing,10,0.014863039543019894,0.05,0.36812373971847306,0.27268661780293113,True,92
HBAN,ANDENO,Consumption_Orders_Inventories,30,0.013965233944571682,0.05,0.3458871337076822,0.25712099359537754,True,93
HBAN,HOUSTNE,Housing,30,0.013336574043284151,0.05,0.33031665546175065,0.24622165882322544,True,94
HBAN,UNRATE,Labor_Market,60,0.011352494647961748,0.05,0.28117551412317027,0.21182285988621918,True,95
HBAN,CUMFNS,Output_Income,30,0.010425970040113787,0.05,0.25822760346230134,0.19575932242361094,True,96
HBAN,USTRADE,Labor_Market,10,0.009363482796962292,0.05,0.23191220705768212,0.17733854494037748,True,97
HBAN,INDPRO,Output_Income,30,0.009273482325640204,0.05,0.22968309974866793,0.17577816982406752,True,98
HBAN,IPBUSEQ,Output_Income,10,0.008961937604494923,0.05,0.2219668444359106,0.17037679110513743,True,99
HBAN,PPIITM,Prices,10,0.006407016727512727,0.05,0.1586872558162877,0.12608107907140137,True,100
HBAN,ISRATIO,Consumption_Orders_Inventories,10,0.004636766542758872,0.05,0.11484217847778665,0.09538952493445065,True,101
HBAN,USFIRE,Labor_Market,60,0.004304512358335437,0.05,0.10661299678496751,0.08962909774947725,True,102
HBAN,CUUR0000SAD,Prices,60,0.0029985514325441775,0.05,0.07426731012128276,0.06698711708489793,True,103
HOLX,PPICMM,Prices,30,0.04277855814969084,1.0,1.0,1.0,True,1
HOLX,MCOILWTICO,Prices,60,0.03708215501037684,1.0,0.8668397583812635,0.9067878308668844,True,2
HOLX,IPNMAT,Output_Income,60,0.036354904050531156,1.0,0.849839396721086,0.8948875777047602,True,3
HOLX,PPICRM,Prices,30,0.03363179249869403,1.0,0.7861834048031628,0.850328383362214,True,4
HOLX,DDURRG3M086SBEA,Prices,10,0.02838889430543498,1.0,0.6636243841154368,0.7645370688808057,True,5
HOLX,CES2000000008,Labor_Market,10,0.026569445125885483,1.0,0.6210925817769176,0.7347648072438423,True,6
HOLX,CPIMEDSL,Prices,10,0.026101841359013733,1.0,0.6101617840339103,0.7271132488237372,True,7
HOLX,CES0600000008,Labor_Market,10,0.02597164271617066,1.0,0.6071182349178442,0.7249827644424909,True,8
HOLX,IPCONGD,Output_Income,60,0.025811600264461148,1.0,0.6033770510483577,0.7223639357338504,True,9
HOLX,CES3000000008,Labor_Market,10,0.025737257442073197,1.0,0.6016391985913438,0.7211474390139407,True,10
HOLX,CUSR0000SAS,Prices,10,0.02573009292877483,1.0,0.6014717195175215,0.7210302036622651,True,11
HOLX,DSERRG3M086SBEA,Prices,10,0.02496531318362658,1.0,0.5835940775812942,0.7085158543069059,True,12
HOLX,IPFPNSS,Output_Income,60,0.024899034032395375,1.0,0.5820447230892779,0.7074313061624945,True,13
HOLX,CLF16OV,Labor_Market,10,0.024638104696677238,1.0,0.5759451875508174,0.7031616312855722,True,14
HOLX,IPFINAL,Output_Income,60,0.024506247953054804,1.0,0.5728628783443911,0.7010040148410737,True,15
HOLX,CUUR0000SAD,Prices,10,0.0231377303454084,1.0,0.5408721412359153,0.6786104988651407,True,16
HOLX,PCEPI,Prices,10,0.022750832962567608,1.0,0.5318279518201113,0.6722795662740779,True,17
HOLX,IPMANSICS,Output_Income,60,0.02269961041544043,1.0,0.5306305634708374,0.6714413944295861,True,18
HOLX,RPI,Output_Income,10,0.022341192083180774,1.0,0.5222521059500046,0.6655764741650032,True,19
HOLX,IPNCONGD,Output_Income,60,0.022322066414405987,1.0,0.5218050205501681,0.6652635143851175,True,20
HOLX,CPIAUCSL,Prices,10,0.02186064918091162,1.0,0.5110188404297494,0.6577131883008246,True,21
HOLX,CUSR0000SA0L5,Prices,10,0.02108974855028322,1.0,0.49299811546910766,0.6450986808283754,True,22
HOLX,W875RX1,Output_Income,10,0.020860176478450693,1.0,0.4876315935066514,0.6413421154546559,True,23
HOLX,CPIULFSL,Prices,10,0.02083728746508705,1.0,0.4870965354225629,0.640967574795794,True,24
HOLX,IPFUELS,Output_Income,30,0.02019787099954459,1.0,0.47214941019910367,0.6305045871393725,True,25
HOLX,IPB51222S,Output_Income,60,0.019936820888633994,1.0,0.46604705139595914,0.6262329359771714,True,26
HOLX,ISRATIO,Consumption_Orders_Inventories,60,0.036267296829750696,0.05,0.8477914730749943,0.608454031152496,True,27
HOLX,EXCAUS,Rates_FX,30,0.03597705507305512,0.05,0.8410067246110567,0.6037047072277397,True,28
HOLX,IPMAT,Output_Income,10,0.017685891597268445,1.0,0.413428884989109,0.5894002194923762,True,29
HOLX,CUUR0000SA0L2,Prices,10,0.01759046133415312,1.0,0.41119808836474886,0.5878386618553242,True,30
HOLX,SRVPRD,Labor_Market,10,0.017216767780644487,1.0,0.40246255426373956,0.5817237879846177,True,31
HOLX,CUMFNS,Output_Income,60,0.017017539537486047,1.0,0.39780535561619984,0.5784637489313398,True,32
HOLX,CPITRNSL,Prices,60,0.016957501489896883,1.0,0.39640189439202583,0.577481326074418,True,33
HOLX,PPIITM,Prices,30,0.016501005896659187,1.0,0.3857307635035016,0.5700115344524511,True,34
HOLX,MANEMP,Labor_Market,60,0.01639377442096585,1.0,0.3832240994098191,0.5682568695868733,True,35
HOLX,NDMANEMP,Labor_Market,60,0.015327472706769076,1.0,0.3582980205441975,0.5508086143809383,True,36
HOLX,PAYEMS,Labor_Market,10,0.014750701127104767,1.0,0.3448152945101393,0.5413707061570975,True,37
HOLX,IPBUSEQ,Output_Income,60,0.014741922909785828,1.0,0.3446100931733336,0.5412270652213335,True,38
HOLX,IPDCONGD,Output_Income,60,0.014205794776478977,1.0,0.33207745634553704,0.5324542194418759,True,39
HOLX,CPIAPPSL,Prices,50,0.013860267089492338,1.0,0.324000333087255,0.5268002331610785,True,40
HOLX,DMANEMP,Labor_Market,60,0.013793160479733257,1.0,0.3224316357617336,0.5257021450332136,True,41
HOLX,CE16OV,Labor_Market,10,0.013669190584005605,1.0,0.31953369106491014,0.523673583745437,True,42
HOLX,GS10,Rates_FX,10,0.030986070003766363,0.05,0.7243364747203455,0.5220355323042418,True,43
HOLX,EXUSUK,Rates_FX,60,0.030460410438383354,0.05,0.7120485531979879,0.5134339872385915,True,44
HOLX,USGOVT,Labor_Market,60,0.012875428108742827,1.0,0.30097854312174566,0.5106849801852219,True,45
HOLX,AWHMAN,Labor_Market,30,0.01252967264141494,1.0,0.29289609522534815,0.5050272666577437,True,46
HOLX,CES0600000007,Labor_Market,30,0.012088755589723655,1.0,0.28258913139200836,0.49781239197440585,True,47
HOLX,USTPU,Labor_Market,10,0.011951394212181546,1.0,0.27937814477900813,0.49556470134530567,True,48
HOLX,INDPRO,Output_Income,60,0.011801668351413943,1.0,0.2758781235711011,0.49311468649977075,True,49
HOLX,PPIFGS,Prices,60,0.011781945789221288,1.0,0.27541708507317786,0.49279195955122446,True,50
HOLX,USGOOD,Labor_Market,60,0.011515517225922636,1.0,0.2691889985077924,0.48843229895545465,True,51
HOLX,IPDMAT,Output_Income,30,0.011243875663311117,1.0,0.2628390518438354,0.48398733629068474,True,52
HOLX,AAA,Rates_FX,10,0.028600632048137637,0.05,0.668574007287909,0.48300180510153623,True,53
HOLX,ANDENO,Consumption_Orders_Inventories,60,0.028578759255051094,0.05,0.6680627045691495,0.4826438931984046,True,54
HOLX,UNRATE,Labor_Market,60,0.010368955438957913,1.0,0.24238674437494687,0.46967072106246277,True,55
HOLX,MZMSL,Money_Credit,10,0.02751049524576127,0.05,0.6430907547069837,0.4651635282948886,True,56
HOLX,M2REAL,Money_Credit,10,0.0273023294684884,0.05,0.6382246305018514,0.461757241351296,True,57
HOLX,USFIRE,Labor_Market,10,0.009794340570224736,1.0,0.2289544340403516,0.4602681038282461,True,58
HOLX,INVEST,Money_Credit,10,0.026616941715499078,0.05,0.6222028714095742,0.4505420099867019,True,59
HOLX,M2SL,Money_Credit,10,0.02613384932286449,0.05,0.6109100085004469,0.4426370059503128,True,60
HOLX,M1SL,Money_Credit,10,0.025696370595157322,0.05,0.600683419605694,0.43547839372398583,True,61
HOLX,AWOTMAN,Labor_Market,30,0.007894223795659135,1.0,0.18453693011427938,0.42917585107999556,True,62
HOLX,NONBORRES,Money_Credit,50,0.025020375372303814,0.05,0.5848812221476108,0.4244168555033276,True,63
HOLX,NONREVSL,Money_Credit,10,0.024914314293159004,0.05,0.5824019174741415,0.422681342231899,True,64
HOLX,DPCERA3M086SBEA,Consumption_Orders_Inventories,10,0.024899417141041807,0.05,0.5820536787124453,0.4224375750987117,True,65
HOLX,BAA,Rates_FX,10,0.024395013345296403,0.05,0.5702626362471898,0.4141838453730328,True,66
HOLX,TOTRESNS,Money_Credit,50,0.024311743458278506,0.05,0.5683161029693145,0.4128212720785201,True,67
HOLX,USTRADE,Labor_Market,10,0.006551013741267723,1.0,0.15313778735469297,0.40719645114828507,True,68
HOLX,AMBSL,Money_Credit,10,0.02356507626589205,0.05,0.5508618636334838,0.4006033045434386,True,69
HOLX,GS5,Rates_FX,50,0.023029090513167132,0.05,0.5383325551222106,0.3918327885855474,True,70
HOLX,DTCOLNVHFNM,Money_Credit,10,0.02290033772837914,0.05,0.5353228046687835,0.3897259632681484,True,71
HOLX,RSAFS,Consumption_Orders_Inventories,10,0.022625067225558498,0.05,0.5288880271838243,0.385221619028677,True,72
HOLX,FEDFUNDS,Rates_FX,60,0.02260749253651836,0.05,0.5284771977917107,0.38493403845419744,True,73
HOLX,UEMPMEAN,Labor_Market,60,0.005022292276596708,1.0,0.11740209333429823,0.38218146533400876,True,74
HOLX,PPIFCG,Prices,10,0.0047205862179621125,1.0,0.11034935309048578,0.37724454716334005,True,75
HOLX,REALLN,Money_Credit,30,0.021751540023370566,0.05,0.5084682832754092,0.3709277982927864,True,76
HOLX,BUSLOANS,Money_Credit,60,0.020834435333535246,0.05,0.4870298634337169,0.3559209044036018,True,77
HOLX,USCONS,Labor_Market,10,0.003387952969103438,1.0,0.07919745581999993,0.3554382190739999,True,78
HOLX,CUSR0000SAC,Prices,60,0.0031080076829105717,1.0,0.07265339967829265,0.35085737977480486,True,79
HOLX,ACOGNO,Consumption_Orders_Inventories,60,0.020147809992894814,0.05,0.4709791742487801,0.3446854219741461,True,80
HOLX,AMDMUO,Consumption_Orders_Inventories,10,0.019547080671152278,0.05,0.4569364073177288,0.33485548512241015,True,81
HOLX,DNDGRG3M086SBEA,Prices,50,0.001812118346315587,1.0,0.042360435337128896,0.3296523047359902,True,82
HOLX,DTCTHFNM,Money_Credit,60,0.0190991544598825,0.05,0.44646559598971736,0.32752591719280216,True,83
HOLX,CMRMTSPL,Consumption_Orders_Inventories,10,0.01870552594184894,0.05,0.4372640582320357,0.321084840762425,True,84
HOLX,HOUSTW,Housing,10,0.01857198850318286,0.05,0.4341424607672777,0.31889972253709437,True,85
HOLX,BUSINV,Consumption_Orders_Inventories,10,0.018417662440663844,0.05,0.43053490433727837,0.31637443303609486,True,86
HOLX,CPF3M,Rates_FX,60,0.017953137923542195,0.05,0.4196760877428484,0.3087732614199939,True,87
HOLX,PERMITW,Housing,10,0.017665602849546744,0.05,0.41295461122675575,0.304068227858729,True,88
HOLX,HOUSTMW,Housing,10,0.017079007030702288,0.05,0.3992422318428635,0.2944695622900044,True,89
HOLX,PERMITNE,Housing,10,0.01706522834311978,0.05,0.3989201385283976,0.2942440969698783,True,90
HOLX,PERMIT,Housing,10,0.015519716565882103,0.05,0.3627919508548061,0.2689543655983643,True,91
HOLX,UMCSENT,Consumption_Orders_Inventories,30,0.015354188575088341,0.05,0.3589225359433791,0.26624577516036535,True,92
HOLX,PERMITMW,Housing,10,0.0152373195165044,0.05,0.3561905818140465,0.2643334072698325,True,93
HOLX,EXJPUS,Rates_FX,10,0.013504990424723428,0.05,0.3156953158043974,0.23598672106307816,True,94
HOLX,HOUST,Housing,30,0.013324992296156093,0.05,0.31148764410266583,0.23304135087186606,True,95
HOLX,HOUSTS,Housing,30,0.012981538482907942,0.05,0.3034590001253177,0.22742130008772238,True,96
HOLX,GS1,Rates_FX,60,0.012415572804879102,0.05,0.2902288749759751,0.21816021248318257,True,97
HOLX,PERMITS,Housing,10,0.012339696304137176,0.05,0.28845517095172024,0.21691861966620418,True,98
HOLX,HOUSTNE,Housing,50,0.01224370816459817,0.05,0.28621133329821347,0.2153479333087494,True,99
HOLX,SP500,Stock_Market,10,0.011628889833236435,0.05,0.2718392189036525,0.2052874532325567,True,100
HOLX,TB3MS,Rates_FX,30,0.011621980294038502,0.05,0.2716777001546158,0.20517439010823102,True,101
HOLX,TB6MS,Rates_FX,10,0.011183964576037334,0.05,0.26143855846899694,0.19800699092829782,True,102
HOLX,EXSZUS,Rates_FX,60,0.006151158249321818,0.05,0.14379068662851305,0.11565348063995913,True,103
HSIC,IPCONGD,Output_Income,60,0.035276815644676975,1.0,0.9771868712782884,0.9840308098948019,True,1
HSIC,NDMANEMP,Labor_Market,60,0.03508737604583777,1.0,0.9719392919403322,0.9803575043582324,True,2
HSIC,MANEMP,Labor_Market,60,0.03353667097085676,1.0,0.9289839227324341,0.9502887459127038,True,3
HSIC,DMANEMP,Labor_Market,60,0.03197241137846218,1.0,0.8856530860618129,0.919957160243269,True,4
HSIC,USGOOD,Labor_Market,60,0.030899085033597725,1.0,0.855921365847522,0.8991449560932654,True,5
HSIC,IPMANSICS,Output_Income,60,0.026732845393260953,1.0,0.7405142746819512,0.8183599922773659,True,6
HSIC,UEMPMEAN,Labor_Market,30,0.02584032170559099,1.0,0.7157908858511463,0.8010536200958023,True,7
HSIC,USCONS,Labor_Market,60,0.024673809348450825,1.0,0.6834778627012446,0.7784345038908711,True,8
HSIC,IPFPNSS,Output_Income,60,0.024156246627817974,1.0,0.6691410954385847,0.7683987668070092,True,9
HSIC,IPDCONGD,Output_Income,60,0.02295055302667993,1.0,0.635742730640482,0.7450199114483373,True,10
HSIC,CES0600000007,Labor_Market,30,0.022647340012209187,1.0,0.6273435661601632,0.7391404963121142,True,11
HSIC,DNDGRG3M086SBEA,Prices,30,0.02147079106563504,1.0,0.5947525240550904,0.7163267668385632,True,12
HSIC,HOUSTNE,Housing,50,0.03610037821991026,0.05,1.0,0.715,True,13
HSIC,PPIFGS,Prices,60,0.021303740036053922,1.0,0.5901251201934604,0.7130875841354223,True,14
HSIC,USGOVT,Labor_Market,10,0.02057043868029552,1.0,0.5698122760650306,0.6988685932455214,True,15
HSIC,IPFINAL,Output_Income,60,0.020329767206692544,1.0,0.5631455460896022,0.6942018822627215,True,16
HSIC,CUSR0000SAC,Prices,30,0.020306159612330624,1.0,0.5624916029586435,0.6937441220710505,True,17
HSIC,CUMFNS,Output_Income,60,0.019679145870577217,1.0,0.545122983219153,0.681586088253407,True,18
HSIC,PPIFCG,Prices,60,0.019258959569841232,1.0,0.5334835954494083,0.6734385168145858,True,19
HSIC,IPB51222S,Output_Income,10,0.018201098451275842,1.0,0.5041802703672916,0.6529261892571041,True,20
HSIC,USTRADE,Labor_Market,60,0.018172738711455253,1.0,0.5033946902371381,0.6523762831659967,True,21
HSIC,IPNCONGD,Output_Income,60,0.018045970342507274,1.0,0.4998831378601588,0.6499181965021111,True,22
HSIC,CPITRNSL,Prices,30,0.017950466312980418,1.0,0.49723762459309323,0.6480663372151652,True,23
HSIC,UNRATE,Labor_Market,60,0.017698881199479866,1.0,0.4902685808903379,0.6431880066232365,True,24
HSIC,INDPRO,Output_Income,60,0.01719927631134915,1.0,0.4764292552996944,0.633500478709786,True,25
HSIC,DDURRG3M086SBEA,Prices,30,0.016312583355329438,1.0,0.4518673808888972,0.616307166622228,True,26
HSIC,USTPU,Labor_Market,60,0.015421318543735478,1.0,0.42717886360620555,0.5990252045243438,True,27
HSIC,PPICMM,Prices,30,0.015263079440098864,1.0,0.4227955548587825,0.5959568884011477,True,28
HSIC,IPFUELS,Output_Income,30,0.015088780661108442,1.0,0.41796738441888687,0.5925771690932208,True,29
HSIC,CPIAPPSL,Prices,10,0.014946722675771542,1.0,0.41403230139921504,0.5898226109794504,True,30
HSIC,CE16OV,Labor_Market,60,0.014750882092681723,1.0,0.40860741133582484,0.5860251879350773,True,31
HSIC,AWHMAN,Labor_Market,30,0.014491512293002043,1.0,0.40142272761590103,0.5809959093311308,True,32
HSIC,USFIRE,Labor_Market,50,0.01420683711838726,1.0,0.3935370713249712,0.5754759499274797,True,33
HSIC,CES2000000008,Labor_Market,30,0.014057228005566011,1.0,0.3893928179902863,0.5725749725932003,True,34
HSIC,CES0600000008,Labor_Market,30,0.013705734263801754,1.0,0.3796562512534204,0.5657593758773942,True,35
HSIC,CUSR0000SAS,Prices,30,0.013695266520124035,1.0,0.37936628909252684,0.5655564023647688,True,36
HSIC,AWOTMAN,Labor_Market,30,0.013623688704831308,1.0,0.3773835448991918,0.5641684814294342,True,37
HSIC,CES3000000008,Labor_Market,30,0.013504061345904901,1.0,0.3740698023617125,0.5618488616531987,True,38
HSIC,PAYEMS,Labor_Market,60,0.013281013617865597,1.0,0.3678912596694288,0.5575238817686001,True,39
HSIC,CPIMEDSL,Prices,30,0.013254344485403432,1.0,0.36715251027739454,0.5570067571941761,True,40
HSIC,DSERRG3M086SBEA,Prices,30,0.012618838647860908,1.0,0.3495486548919674,0.5446840584243772,True,41
HSIC,FEDFUNDS,Rates_FX,60,0.02688685293807062,0.05,0.7447803669614146,0.5363462568729902,True,42
HSIC,CUUR0000SA0L2,Prices,30,0.011916725307349269,1.0,0.33009973565254497,0.5310698149567814,True,43
HSIC,PCEPI,Prices,30,0.011837916605472707,1.0,0.32791669199032936,0.5295416843932306,True,44
HSIC,MCOILWTICO,Prices,60,0.011792640106087968,1.0,0.32666250847156036,0.5286637559300922,True,45
HSIC,CPIAUCSL,Prices,30,0.011308064724377334,1.0,0.31323950833680336,0.5192676558357623,True,46
HSIC,PERMITNE,Housing,60,0.025985361509479814,0.05,0.7198085668572923,0.5188659968001046,True,47
HSIC,CUSR0000SA0L5,Prices,30,0.010844039894681965,1.0,0.30038576960673524,0.5102700387247147,True,48
HSIC,DTCTHFNM,Money_Credit,30,0.02547405761310019,0.05,0.7056451724112578,0.5089516206878804,True,49
HSIC,PPICRM,Prices,60,0.010754370969269064,1.0,0.29790189187928673,0.5085313243155007,True,50
HSIC,CPIULFSL,Prices,30,0.010692316749938178,1.0,0.2961829564445144,0.50732806951116,True,51
HSIC,IPMAT,Output_Income,30,0.010581383282357982,1.0,0.29311003939903557,0.5051770275793248,True,52
HSIC,GS5,Rates_FX,60,0.02524247113480197,0.05,0.699230101718993,0.5044610712032951,True,53
HSIC,RPI,Output_Income,50,0.010487418936774332,1.0,0.2905071762098675,0.5033550233469072,True,54
HSIC,IPNMAT,Output_Income,60,0.01012190393125202,1.0,0.280382212884117,0.4962675490188819,True,55
HSIC,CLF16OV,Labor_Market,30,0.009958032808316343,1.0,0.27584289415627894,0.4930900259093952,True,56
HSIC,IPBUSEQ,Output_Income,60,0.00986699611810555,1.0,0.2733211286042332,0.4913247900229632,True,57
HSIC,ANDENO,Consumption_Orders_Inventories,60,0.02394261068942327,0.05,0.6632232644094107,0.47925628508658746,True,58
HSIC,CPF3M,Rates_FX,60,0.023903356619722118,0.05,0.6621359054498444,0.478495133814891,True,59
HSIC,SRVPRD,Labor_Market,60,0.009026894258622036,1.0,0.25004985276424274,0.4750348969349699,True,60
HSIC,IPDMAT,Output_Income,60,0.008280314698866687,1.0,0.22936919520416235,0.4605584366429136,True,61
HSIC,W875RX1,Output_Income,30,0.007750368602317335,1.0,0.21468940173160883,0.45028258121212617,True,62
HSIC,CUUR0000SAD,Prices,50,0.007562712355382955,1.0,0.20949122220586405,0.4466438555441048,True,63
HSIC,GS1,Rates_FX,60,0.021437064378156342,0.05,0.5938182765723287,0.43067279360063004,True,64
HSIC,PPIITM,Prices,60,0.0061243291296418844,1.0,0.16964722896626508,0.41875306027638554,True,65
HSIC,EXUSUK,Rates_FX,60,0.018526648045592845,0.05,0.5131981701891127,0.3742387191323789,True,66
HSIC,TB3MS,Rates_FX,30,0.018499309421137856,0.05,0.5124408755068118,0.37370861285476825,True,67
HSIC,TB6MS,Rates_FX,60,0.017598859286855055,0.05,0.4874979198181598,0.3562485438727119,True,68
HSIC,GS10,Rates_FX,60,0.015889175011657975,0.05,0.4401387407873389,0.3230971185511372,True,69
HSIC,INVEST,Money_Credit,30,0.015205773477325091,0.05,0.4212081486985288,0.30984570408897016,True,70
HSIC,MZMSL,Money_Credit,30,0.014711278205662521,0.05,0.40751036224736514,0.3002572535731556,True,71
HSIC,EXSZUS,Rates_FX,30,0.014607492077319451,0.05,0.40463543036408006,0.29824480125485603,True,72
HSIC,PERMITMW,Housing,60,0.01436569040668877,0.05,0.39793739331976674,0.2935561753238367,True,73
HSIC,M2REAL,Money_Credit,30,0.014039361043846453,0.05,0.3888978934880908,0.28722852544166355,True,74
HSIC,M2SL,Money_Credit,30,0.013878436773631068,0.05,0.38444020417428104,0.2841081429219967,True,75
HSIC,M1SL,Money_Credit,30,0.013499760837811391,0.05,0.37395067596178083,0.27676547317324657,True,76
HSIC,EXJPUS,Rates_FX,60,0.013288991411958155,0.05,0.3681122488802332,0.27267857421616326,True,77
HSIC,NONBORRES,Money_Credit,50,0.012433359613918867,0.05,0.34441078534356073,0.25608754974049247,True,78
HSIC,AAA,Rates_FX,10,0.012382041569404492,0.05,0.3429892477573957,0.255092473430177,True,79
HSIC,TOTRESNS,Money_Credit,60,0.012251948706833098,0.05,0.339385605109141,0.2525699235763987,True,80
HSIC,ACOGNO,Consumption_Orders_Inventories,10,0.01189020026233558,0.05,0.32936497756075694,0.24555548429252982,True,81
HSIC,DPCERA3M086SBEA,Consumption_Orders_Inventories,30,0.011844191126471091,0.05,0.32809049961528447,0.2446633497306991,True,82
HSIC,UMCSENT,Consumption_Orders_Inventories,10,0.011673130303130759,0.05,0.32335202229800286,0.24134641560860198,True,83
HSIC,AMBSL,Money_Credit,50,0.011640479813477688,0.05,0.32244758607702545,0.2407133102539178,True,84
HSIC,NONREVSL,Money_Credit,60,0.011638229233139811,0.05,0.3223852437845385,0.24066967064917694,True,85
HSIC,PERMIT,Housing,60,0.011423539921424461,0.05,0.3164382337447117,0.2365067636212982,True,86
HSIC,RSAFS,Consumption_Orders_Inventories,30,0.011012864070783727,0.05,0.3050622905859157,0.22854360341014102,True,87
HSIC,BAA,Rates_FX,30,0.010014395928062265,0.05,0.2774041830547658,0.20918292813833606,True,88
HSIC,HOUSTW,Housing,60,0.009962869120900298,0.05,0.2759768626303623,0.20818380384125362,True,89
HSIC,HOUST,Housing,50,0.00990897671948105,0.05,0.27448401396570415,0.20713880977599292,True,90
HSIC,EXCAUS,Rates_FX,60,0.009598426846284765,0.05,0.26588161453086917,0.20111713017160843,True,91
HSIC,PERMITW,Housing,60,0.009149903080983388,0.05,0.25345726366758636,0.19242008456731047,True,92
HSIC,ISRATIO,Consumption_Orders_Inventories,50,0.009023462854687463,0.05,0.24995480101953052,0.18996836071367135,True,93
HSIC,DTCOLNVHFNM,Money_Credit,10,0.007365214017230197,0.05,0.2040204114307062,0.15781428800149433,True,94
HSIC,HOUSTMW,Housing,60,0.0073065606107520316,0.05,0.20239568035113498,0.15667697624579446,True,95
HSIC,CMRMTSPL,Consumption_Orders_Inventories,60,0.007240692787211362,0.05,0.20057110601733086,0.15539977421213158,True,96
HSIC,HOUSTS,Housing,60,0.006300632732428013,0.05,0.1745309341095229,0.13717165387666602,True,97
HSIC,PERMITS,Housing,50,0.005900902065912181,0.05,0.1634581784702102,0.12942072492914714,True,98
HSIC,REALLN,Money_Credit,10,0.0054872294505403,0.05,0.15199922330769255,0.12139945631538478,True,99
HSIC,BUSINV,Consumption_Orders_Inventories,60,0.005147418268753189,0.05,0.14258626980019448,0.11481038886013613,True,100
HSIC,SP500,Stock_Market,30,0.004175867193464714,0.05,0.1156737795938553,0.0959716457156987,True,101
HSIC,AMDMUO,Consumption_Orders_Inventories,60,0.0035828855636641016,0.05,0.09924786776023446,0.08447350743216411,True,102
HSIC,BUSLOANS,Money_Credit,10,0.002463306794655037,0.05,0.06823493038353991,0.06276445126847793,True,103
IEX,GS5,Rates_FX,50,0.03222754141211573,1.0,0.7824350852940859,0.8477045597058601,True,1
IEX,DTCTHFNM,Money_Credit,50,0.027093879830594816,1.0,0.6577976863053373,0.7604583804137361,True,2
IEX,GS10,Rates_FX,10,0.025644238016534496,1.0,0.6226026150485597,0.7358218305339919,True,3
IEX,IPMANSICS,Output_Income,60,0.041188773379203326,0.05,1.0,0.715,True,4
IEX,AAA,Rates_FX,10,0.02425920969324413,1.0,0.5889762598633946,0.7122833819043762,True,5
IEX,FEDFUNDS,Rates_FX,60,0.023921144817424904,1.0,0.5807685651911877,0.7065379956338314,True,6
IEX,IPFPNSS,Output_Income,60,0.04068954611919762,0.05,0.9878795307787006,0.7065156715450904,True,7
IEX,IPCONGD,Output_Income,60,0.039862953999024696,0.05,0.9678111467905949,0.6924678027534164,True,8
IEX,EXJPUS,Rates_FX,10,0.021926036575690436,1.0,0.5323304089157735,0.6726312862410415,True,9
IEX,BAA,Rates_FX,10,0.02186168968191798,1.0,0.5307681654087857,0.67153771578615,True,10
IEX,IPFINAL,Output_Income,60,0.038610585753092085,0.05,0.937405574029233,0.6711839018204631,True,11
IEX,HOUSTNE,Housing,50,0.021024053595888825,1.0,0.5104316509338952,0.6573021556537266,True,12
IEX,HOUSTMW,Housing,10,0.019484038384412223,1.0,0.4730424527342184,0.6311297169139529,True,13
IEX,EXSZUS,Rates_FX,10,0.01913923898902945,1.0,0.46467125429603273,0.6252698780072229,True,14
IEX,GS1,Rates_FX,10,0.018706812774883893,1.0,0.45417261161579464,0.6179208281310562,True,15
IEX,EXUSUK,Rates_FX,50,0.0173946458969477,1.0,0.4223152201403126,0.5956206540982187,True,16
IEX,CPF3M,Rates_FX,50,0.017211361813176,1.0,0.4178653647856921,0.5925057553499844,True,17
IEX,INDPRO,Output_Income,60,0.03178111517135439,0.05,0.7715965435232172,0.555117580466252,True,18
IEX,IPB51222S,Output_Income,50,0.02983090772352528,0.05,0.724248509390844,0.5219739565735908,True,19
IEX,TB6MS,Rates_FX,10,0.012969350823795052,1.0,0.31487586931499695,0.5204131085204978,True,20
IEX,DMANEMP,Labor_Market,60,0.0293617550052976,0.05,0.7128582037386595,0.5140007426170616,True,21
IEX,EXCAUS,Rates_FX,60,0.012066879658188614,1.0,0.2929652589334286,0.5050756812534001,True,22
IEX,PERMITNE,Housing,50,0.01190693082975479,1.0,0.2890819476495198,0.5023573633546639,True,23
IEX,HOUSTS,Housing,30,0.011826271547143557,1.0,0.28712366445743137,0.5009865651202019,True,24
IEX,INVEST,Money_Credit,50,0.010695111067361795,1.0,0.259660829636696,0.4817625807456872,True,25
IEX,HOUST,Housing,50,0.010483686815821897,1.0,0.2545277743355967,0.4781694420349177,True,26
IEX,CUMFNS,Output_Income,60,0.02707411310036113,0.05,0.6573177805297584,0.4751224463708309,True,27
IEX,AMBSL,Money_Credit,30,0.010144824621390576,1.0,0.2463007219951059,0.4724105053965741,True,28
IEX,PERMITMW,Housing,50,0.010118745242651456,1.0,0.24566755483329164,0.47196728838330415,True,29
IEX,M2REAL,Money_Credit,10,0.009711214595661315,1.0,0.23577333819230983,0.4650413367346169,True,30
IEX,MZMSL,Money_Credit,10,0.009609934301893205,1.0,0.23331440859914923,0.46332008601940444,True,31
IEX,NONBORRES,Money_Credit,50,0.009566132692941242,1.0,0.2322509729743807,0.4625756810820665,True,32
IEX,IPBUSEQ,Output_Income,60,0.02633108427545615,0.05,0.6392781846897876,0.4624947292828513,True,33
IEX,IPDMAT,Output_Income,60,0.02626506940618169,0.05,0.6376754453057643,0.46137281171403494,True,34
IEX,MCOILWTICO,Prices,60,0.026088023593345593,0.05,0.6333770455645016,0.45836393189515107,True,35
IEX,REALLN,Money_Credit,50,0.009300976169740316,1.0,0.22581338084800756,0.4580693665936053,True,36
IEX,M2SL,Money_Credit,10,0.009232782877450307,1.0,0.22415775270724722,0.456910426895073,True,37
IEX,M1SL,Money_Credit,10,0.009130801208828754,1.0,0.2216817948125398,0.4551772563687778,True,38
IEX,MANEMP,Labor_Market,50,0.025785481796809697,0.05,0.6260317965630187,0.45322225759411305,True,39
IEX,HOUSTW,Housing,10,0.008953039145311802,1.0,0.2173660056075448,0.45215620392528133,True,40
IEX,PPIITM,Prices,30,0.025129510984489123,0.05,0.6101058352268702,0.44207408465880915,True,41
IEX,TOTRESNS,Money_Credit,50,0.008282644481069771,1.0,0.20108985535490045,0.44076289874843033,True,42
IEX,PERMITW,Housing,30,0.008163129609571154,1.0,0.1981882182899093,0.43873175280293647,True,43
IEX,ACOGNO,Consumption_Orders_Inventories,60,0.02432722734070654,0.05,0.5906276236181782,0.42843933653272476,True,44
IEX,PERMIT,Housing,50,0.007157379655417355,1.0,0.1737701579389882,0.42163911055729175,True,45
IEX,ANDENO,Consumption_Orders_Inventories,60,0.023797437191597395,0.05,0.5777651345066029,0.41943559415462206,True,46
IEX,IPMAT,Output_Income,60,0.023509839555406684,0.05,0.5707827067090341,0.41454789469632386,True,47
IEX,IPNMAT,Output_Income,50,0.023478167112878756,0.05,0.5700137485699719,0.41400962399898034,True,48
IEX,UNRATE,Labor_Market,50,0.023349911522360395,0.05,0.5668999003051164,0.41182993021358144,True,49
IEX,CES0600000007,Labor_Market,50,0.022769170009271096,0.05,0.552800390525043,0.4019602733675301,True,50
IEX,DTCOLNVHFNM,Money_Credit,50,0.005918647944253111,1.0,0.1436956592458639,0.4005869614721047,True,51
IEX,NONREVSL,Money_Credit,10,0.005855066264434957,1.0,0.14215199395549968,0.3995063957688498,True,52
IEX,USGOVT,Labor_Market,50,0.022417653667534468,0.05,0.5442661149713527,0.3959862804799469,True,53
IEX,AWHMAN,Labor_Market,60,0.022145394023734832,0.05,0.5376560700133957,0.39135924900937696,True,54
IEX,TB3MS,Rates_FX,60,0.004635962320904008,1.0,0.11255402723997499,0.3787878190679825,True,55
IEX,PERMITS,Housing,60,0.004518584886856424,1.0,0.10970428386531919,0.3767929987057234,True,56
IEX,NDMANEMP,Labor_Market,60,0.021040030994633283,0.05,0.5108195575752841,0.3725736903026988,True,57
IEX,BUSLOANS,Money_Credit,60,0.004056880587529836,1.0,0.09849481435585068,0.3689463700490955,True,58
IEX,USTRADE,Labor_Market,50,0.020467048009199035,0.05,0.4969084129010037,0.3628358890307026,True,59
IEX,PPICRM,Prices,60,0.01977706367980371,0.05,0.4801566557403084,0.3511096590182159,True,60
IEX,USGOOD,Labor_Market,50,0.019497262582267604,0.05,0.4733635158970767,0.3463544611279537,True,61
IEX,CE16OV,Labor_Market,50,0.018355898231222904,0.05,0.4456529467928026,0.32695706275496184,True,62
IEX,IPDCONGD,Output_Income,60,0.01834770273702365,0.05,0.4454539728121064,0.32681778096847447,True,63
IEX,AMDMUO,Consumption_Orders_Inventories,30,0.01829819961374386,0.05,0.44425211319798186,0.3259764792385873,True,64
IEX,USTPU,Labor_Market,50,0.017155579525114387,0.05,0.41651105671858707,0.3065577397030109,True,65
IEX,CPITRNSL,Prices,60,0.017060666407689183,0.05,0.4142067123636001,0.30494469865452006,True,66
IEX,ISRATIO,Consumption_Orders_Inventories,60,0.016745734928711987,0.05,0.40656066094862386,0.2995924626640367,True,67
IEX,PAYEMS,Labor_Market,60,0.01579573234895096,0.05,0.38349606101468425,0.283447242710279,True,68
IEX,AWOTMAN,Labor_Market,60,0.015341645463813095,0.05,0.37247153059331606,0.27573007141532124,True,69
IEX,SRVPRD,Labor_Market,50,0.01400249187582956,0.05,0.3399589433488586,0.25297126034420103,True,70
IEX,IPNCONGD,Output_Income,60,0.013850267444234806,0.05,0.33626316852708127,0.2503842179689569,True,71
IEX,PPICMM,Prices,60,0.013588278677524504,0.05,0.3299024846509602,0.24593173925567213,True,72
IEX,UMCSENT,Consumption_Orders_Inventories,50,0.010484223556295816,0.05,0.2545408055678934,0.19317856389752536,True,73
IEX,CPIAPPSL,Prices,30,0.009533303050286854,0.05,0.23145391979796917,0.17701774385857844,True,74
IEX,CPIMEDSL,Prices,10,0.009448571956897177,0.05,0.22939677930947724,0.17557774551663408,True,75
IEX,CES2000000008,Labor_Market,10,0.009404942378750147,0.05,0.2283375203277796,0.1748362642294457,True,76
IEX,PPIFCG,Prices,30,0.009349135474026552,0.05,0.2269826146060236,0.1738878302242165,True,77
IEX,CES0600000008,Labor_Market,10,0.009189202210130866,0.05,0.2230996812051363,0.1711697768435954,True,78
IEX,CUSR0000SAS,Prices,10,0.0091682151277777,0.05,0.2225901471590517,0.17081310301133618,True,79
IEX,CES3000000008,Labor_Market,10,0.00902142727337322,0.05,0.21902636406084966,0.16831845484259478,True,80
IEX,DDURRG3M086SBEA,Prices,50,0.008970356351783462,0.05,0.21778644071767128,0.16745050850236987,True,81
IEX,RPI,Output_Income,50,0.008956596605329967,0.05,0.21745237525942576,0.16721666268159802,True,82
IEX,USCONS,Labor_Market,50,0.008848427326504593,0.05,0.21482619171592673,0.16537833420114872,True,83
IEX,DPCERA3M086SBEA,Consumption_Orders_Inventories,10,0.008081774799745966,0.05,0.19621304876795734,0.15234913413757012,True,84
IEX,IPFUELS,Output_Income,50,0.008073697116410131,0.05,0.1960169350536336,0.1522118545375435,True,85
IEX,DSERRG3M086SBEA,Prices,10,0.00769035015173296,0.05,0.18670986098401035,0.14569690268880725,True,86
IEX,SP500,Stock_Market,30,0.007453418165903252,0.05,0.18095751716817493,0.14167026201772243,True,87
IEX,PPIFGS,Prices,30,0.0072719744472019105,0.05,0.17655234304388417,0.13858664013071892,True,88
IEX,RSAFS,Consumption_Orders_Inventories,10,0.007137123393085416,0.05,0.173278367077788,0.1362948569544516,True,89
IEX,CMRMTSPL,Consumption_Orders_Inventories,60,0.007086424262207359,0.05,0.17204747024064995,0.13543322916845496,True,90
IEX,DNDGRG3M086SBEA,Prices,60,0.006047643210902226,0.05,0.14682746570830751,0.11777922599581525,True,91
IEX,PCEPI,Prices,10,0.005980411906384622,0.05,0.14519519314950513,0.11663663520465359,True,92
IEX,W875RX1,Output_Income,10,0.005508423507278394,0.05,0.1337360415316388,0.10861522907214714,True,93
IEX,UEMPMEAN,Labor_Market,10,0.005158546421092357,0.05,0.12524156457878313,0.10266909520514819,True,94
IEX,CUSR0000SAC,Prices,30,0.005129819739600112,0.05,0.1245441249821296,0.10218088748749071,True,95
IEX,CPIAUCSL,Prices,10,0.004251688800695278,0.05,0.10322445782864716,0.087257120480053,True,96
IEX,CPIULFSL,Prices,10,0.0038246136082806803,0.05,0.09285572971716052,0.07999901080201237,True,97
IEX,USFIRE,Labor_Market,50,0.0036436507219256248,0.05,0.08846222946190829,0.0769235606233358,True,98
IEX,CUUR0000SAD,Prices,50,0.003368884541747448,0.05,0.08179132965995137,0.07225393076196596,True,99
IEX,CUSR0000SA0L5,Prices,10,0.003151087145159113,0.05,0.07650354420969797,0.06855248094678858,True,100
IEX,CLF16OV,Labor_Market,50,0.0031194451672041457,0.05,0.07573532570356147,0.06801472799249303,True,101
IEX,CUUR0000SA0L2,Prices,10,0.002780867040134498,0.05,0.06751517008123842,0.06226061905686689,True,102
IEX,BUSINV,Consumption_Orders_Inventories,30,0.0013041199917485766,0.05,0.03166202546849917,0.03716341782794942,True,103
IRM,HOUSTMW,Housing,10,0.035662057526763914,1.0,1.0,1.0,True,1
IRM,M2REAL,Money_Credit,10,0.026711295635413992,1.0,0.7490116243396082,0.8243081370377257,True,2
IRM,MZMSL,Money_Credit,10,0.02603902549733949,1.0,0.7301604927813695,0.8111123449469586,True,3
IRM,M2SL,Money_Credit,10,0.025035928917416947,1.0,0.7020326546954787,0.791422858286835,True,4
IRM,M1SL,Money_Credit,10,0.024817560104480763,1.0,0.6959093733123924,0.7871365613186747,True,5
IRM,HOUST,Housing,10,0.024741128986255467,1.0,0.693766167801383,0.7856363174609681,True,6
IRM,NONREVSL,Money_Credit,10,0.024513007197621804,1.0,0.6873694031597899,0.7811585822118529,True,7
IRM,INVEST,Money_Credit,10,0.024512386622945866,1.0,0.6873520016210404,0.7811464011347282,True,8
IRM,REALLN,Money_Credit,10,0.02430198228254437,1.0,0.6814520520669916,0.7770164364468941,True,9
IRM,DTCTHFNM,Money_Credit,50,0.024208147916650838,1.0,0.6788208419686087,0.775174589378026,True,10
IRM,HOUSTS,Housing,10,0.02370707433971859,1.0,0.6647702343569699,0.7653391640498789,True,11
IRM,HOUSTNE,Housing,30,0.023677801556562208,1.0,0.663949396043465,0.7647645772304255,True,12
IRM,HOUSTW,Housing,30,0.023454785468174397,1.0,0.6576958003775268,0.7603870602642687,True,13
IRM,PERMITW,Housing,30,0.022772086587027295,1.0,0.638552236363175,0.7469865654542225,True,14
IRM,PERMITMW,Housing,10,0.02148646873327323,1.0,0.6025022172976955,0.7217515521083868,True,15
IRM,TB3MS,Rates_FX,30,0.021392706112466076,1.0,0.5998730190037724,0.7199111133026407,True,16
IRM,PPICRM,Prices,10,0.0326914788896016,0.25,0.9167019840363126,0.7166913888254187,True,17
IRM,BAA,Rates_FX,10,0.020702549053734247,1.0,0.5805203201805519,0.7063642241263863,True,18
IRM,BUSLOANS,Money_Credit,10,0.020086946970211458,1.0,0.5632582179291383,0.6942807525503968,True,19
IRM,PERMIT,Housing,30,0.019766885699851237,1.0,0.5542833776491007,0.6879983643543706,True,20
IRM,EXCAUS,Rates_FX,50,0.018222122711638606,1.0,0.5109666680887142,0.6576766676620999,True,21
IRM,EXUSUK,Rates_FX,10,0.01818041753278128,1.0,0.5097972128819857,0.6568580490173899,True,22
IRM,AAA,Rates_FX,10,0.018096907119756964,1.0,0.5074554968169032,0.6552188477718321,True,23
IRM,PERMITS,Housing,30,0.017432632507933706,1.0,0.4888285678651811,0.6421799975056267,True,24
IRM,NONBORRES,Money_Credit,10,0.017034227290612353,1.0,0.477656884430417,0.6343598191012918,True,25
IRM,GS10,Rates_FX,10,0.016513995744982135,1.0,0.46306906808696036,0.6241483476608722,True,26
IRM,TOTRESNS,Money_Credit,10,0.016453571703704983,1.0,0.4613747171305747,0.6229623019914023,True,27
IRM,CES2000000008,Labor_Market,10,0.02579705321675891,0.25,0.7233753463999814,0.5813627424799869,True,28
IRM,EXSZUS,Rates_FX,10,0.01433178301904486,1.0,0.4018776260536578,0.5813143382375604,True,29
IRM,CUSR0000SAS,Prices,10,0.025252736973477952,0.25,0.7081121708843103,0.5706785196190172,True,30
IRM,CPIMEDSL,Prices,10,0.025229223982708795,0.25,0.7074528429486882,0.5702169900640817,True,31
IRM,CES0600000008,Labor_Market,10,0.02496335960128598,0.25,0.6999977380035154,0.5649984166024608,True,32
IRM,DSERRG3M086SBEA,Prices,10,0.02461650771595149,0.25,0.6902716619050125,0.5581901633335087,True,33
IRM,CES3000000008,Labor_Market,10,0.024585544198772173,0.25,0.6894034137071603,0.5575823895950122,True,34
IRM,PERMITNE,Housing,50,0.01309620037032326,1.0,0.36723064451608634,0.5570614511612604,True,35
IRM,PCEPI,Prices,10,0.02438074029622157,0.25,0.6836605060693466,0.5535623542485426,True,36
IRM,CPIAUCSL,Prices,10,0.023950943779475372,0.25,0.6716085789918458,0.545126005294292,True,37
IRM,CUSR0000SA0L5,Prices,10,0.023643555544718736,0.25,0.6629891033901942,0.5390923723731359,True,38
IRM,AMBSL,Money_Credit,10,0.011893844695315665,1.0,0.33351538077659953,0.5334607665436196,True,39
IRM,EXJPUS,Rates_FX,30,0.011725142291157871,1.0,0.32878479550312834,0.5301493568521898,True,40
IRM,CPIULFSL,Prices,10,0.0231360623372681,0.25,0.6487584828751057,0.5291309380125739,True,41
IRM,RSAFS,Consumption_Orders_Inventories,10,0.02609188088035169,0.05,0.7316426109393735,0.5271498276575615,True,42
IRM,DPCERA3M086SBEA,Consumption_Orders_Inventories,10,0.025928381503983324,0.05,0.727057923803875,0.5239405466627125,True,43
IRM,SP500,Stock_Market,30,0.022544779054133678,0.25,0.63217830427238,0.5175248129906659,True,44
IRM,FEDFUNDS,Rates_FX,30,0.010842869182913904,1.0,0.3040449692162734,0.5128314784513913,True,45
IRM,USTPU,Labor_Market,30,0.022303924652888604,0.25,0.6254245043531153,0.5127971530471807,True,46
IRM,GS5,Rates_FX,10,0.010822519057543308,1.0,0.3034743312110118,0.5124320318477082,True,47
IRM,CLF16OV,Labor_Market,30,0.02223516218147467,0.25,0.623496335420004,0.5114474347940028,True,48
IRM,CUUR0000SA0L2,Prices,10,0.021535129506747294,0.25,0.6038667143808362,0.4977067000665853,True,49
IRM,IPNCONGD,Output_Income,60,0.02445198439199195,0.05,0.6856582622480784,0.4949607835736548,True,50
IRM,SRVPRD,Labor_Market,10,0.02128126640459313,0.25,0.5967481373900486,0.492723696173034,True,51
IRM,PAYEMS,Labor_Market,30,0.021171222384749076,0.25,0.5936623922739271,0.490563674591749,True,52
IRM,CMRMTSPL,Consumption_Orders_Inventories,10,0.02410996374249033,0.05,0.6760676588667414,0.4882473612067189,True,53
IRM,TB6MS,Rates_FX,30,0.009547442003251033,1.0,0.26771988677562425,0.4874039207429369,True,54
IRM,MCOILWTICO,Prices,10,0.02032476793330196,0.25,0.5699269571882801,0.4739488700317961,True,55
IRM,RPI,Output_Income,50,0.023357103656766118,0.05,0.6549567040330444,0.47346969282313106,True,56
IRM,CUUR0000SAD,Prices,50,0.020265315701267245,0.25,0.5682598567415351,0.4727818997190746,True,57
IRM,W875RX1,Output_Income,10,0.0230984238913067,0.05,0.647703062953438,0.4683921440674066,True,58
IRM,DTCOLNVHFNM,Money_Credit,60,0.00839101350313426,1.0,0.23529246726263373,0.4647047270838436,True,59
IRM,IPFINAL,Output_Income,60,0.022883586521558086,0.05,0.641678806793025,0.4641751647551175,True,60
IRM,CE16OV,Labor_Market,10,0.019810960499427294,0.25,0.5555192794066753,0.4638634955846727,True,61
IRM,DDURRG3M086SBEA,Prices,10,0.01964965979355722,0.25,0.5509962452057177,0.4606973716440024,True,62
IRM,IPDCONGD,Output_Income,30,0.021199058058480182,0.05,0.5944429325921692,0.4311100528145184,True,63
IRM,CPF3M,Rates_FX,30,0.006456870209893198,1.0,0.18105714189506314,0.42673999932654416,True,64
IRM,GS1,Rates_FX,30,0.006292718865488603,1.0,0.17645417291938353,0.42351792104356845,True,65
IRM,BUSINV,Consumption_Orders_Inventories,10,0.02076934549683459,0.05,0.582393359700221,0.4226753517901547,True,66
IRM,USCONS,Labor_Market,30,0.01722709669879822,0.25,0.48306513682979474,0.4131455957808563,True,67
IRM,USFIRE,Labor_Market,30,0.017052578625492525,0.25,0.4781714743378108,0.40972003203646756,True,68
IRM,PPIITM,Prices,60,0.015294451844519654,0.25,0.42887182919946126,0.3752102804396229,True,69
IRM,IPFPNSS,Output_Income,60,0.01810079389711548,0.05,0.5075644859675039,0.37029514017725274,True,70
IRM,ANDENO,Consumption_Orders_Inventories,60,0.017861362459655285,0.05,0.5008505873855025,0.3655954111698517,True,71
IRM,USGOOD,Labor_Market,30,0.014459208785043774,0.25,0.40545077283306846,0.35881554098314794,True,72
IRM,PPIFGS,Prices,10,0.01421151711547891,0.25,0.39850524902589674,0.3539536743181277,True,73
IRM,UNRATE,Labor_Market,30,0.013898286843279102,0.25,0.38972195681218386,0.3478053697685287,True,74
IRM,PPIFCG,Prices,60,0.013190533466378659,0.25,0.3698758395103629,0.333913087657254,True,75
IRM,ISRATIO,Consumption_Orders_Inventories,60,0.01623444652931942,0.05,0.4552302266108925,0.33366115862762474,True,76
IRM,USTRADE,Labor_Market,30,0.01314395610156428,0.25,0.36856976330375524,0.33299883431262867,True,77
IRM,NDMANEMP,Labor_Market,30,0.012876469620427544,0.25,0.3610691730493654,0.32774842113455577,True,78
IRM,CES0600000007,Labor_Market,30,0.012019671951119547,0.25,0.3370437037206543,0.310930592604458,True,79
IRM,MANEMP,Labor_Market,30,0.011910659240048136,0.25,0.33398687754090856,0.30879081427863597,True,80
IRM,UEMPMEAN,Labor_Market,60,0.011856829628715414,0.25,0.33247744103987875,0.3077342087279151,True,81
IRM,CUMFNS,Output_Income,30,0.014860055357841025,0.05,0.41669091433349703,0.3066836400334479,True,82
IRM,AMDMUO,Consumption_Orders_Inventories,10,0.014801376666273116,0.05,0.4150455047402936,0.30553185331820554,True,83
IRM,AWOTMAN,Labor_Market,10,0.011497541305297001,0.25,0.32240263469566344,0.3006818442869644,True,84
IRM,IPB51222S,Output_Income,50,0.014522143106215525,0.05,0.40721551456521665,0.30005086019565164,True,85
IRM,AWHMAN,Labor_Market,10,0.011375026010018672,0.25,0.318967182459449,0.2982770277216143,True,86
IRM,IPBUSEQ,Output_Income,50,0.014266801529611073,0.05,0.40005547966221583,0.29503883576355106,True,87
IRM,IPCONGD,Output_Income,30,0.014162055595442615,0.05,0.39711829820290584,0.2929828087420341,True,88
IRM,IPMANSICS,Output_Income,10,0.013942455462184823,0.05,0.3909604893582259,0.28867234255075813,True,89
IRM,CPIAPPSL,Prices,60,0.0105149749967334,0.25,0.29485048608993036,0.28139534026295127,True,90
IRM,IPMAT,Output_Income,10,0.012791516660357096,0.05,0.35868700651265645,0.2660809045588595,True,91
IRM,DNDGRG3M086SBEA,Prices,10,0.009391805718471037,0.25,0.26335568864535114,0.2593489820517458,True,92
IRM,CUSR0000SAC,Prices,10,0.008254351311236332,0.25,0.23146032180116213,0.23702222526081346,True,93
IRM,DMANEMP,Labor_Market,30,0.008084901286537986,0.25,0.22670877249497937,0.23369614074648554,True,94
IRM,IPNMAT,Output_Income,10,0.011136315285831077,0.05,0.31227349340327365,0.23359144538229154,True,95
IRM,PPICMM,Prices,30,0.007697111714740297,0.25,0.21583476244924213,0.22608433371446945,True,96
IRM,CPITRNSL,Prices,30,0.006807175616785343,0.25,0.1908800582152795,0.20861604075069562,True,97
IRM,USGOVT,Labor_Market,50,0.006001592595759466,0.25,0.1682906991907393,0.1928034894335175,True,98
IRM,UMCSENT,Consumption_Orders_Inventories,30,0.008271639344516097,0.05,0.23194509566107727,0.17736156696275407,True,99
IRM,IPFUELS,Output_Income,10,0.006525254413830443,0.05,0.18297470382726302,0.14308229267908412,True,100
IRM,ACOGNO,Consumption_Orders_Inventories,60,0.006195242551434231,0.05,0.17372083892761322,0.13660458724932925,True,101
IRM,INDPRO,Output_Income,60,0.005748397347286115,0.05,0.16119084948960158,0.1278335946427211,True,102
IRM,IPDMAT,Output_Income,30,0.004806004287377645,0.05,0.13476519922527747,0.10933563945769421,True,103
IVZ,GS5,Rates_FX,10,0.04399514629805046,1.0,0.8948517877499037,0.9263962514249326,True,1
IVZ,GS1,Rates_FX,10,0.04162387459329957,1.0,0.8466206326615269,0.8926344428630688,True,2
IVZ,GS10,Rates_FX,10,0.035265121106013285,1.0,0.7172849580530029,0.8020994706371019,True,3
IVZ,EXJPUS,Rates_FX,30,0.03509481347023071,1.0,0.7138209374695721,0.7996746562287005,True,4
IVZ,FEDFUNDS,Rates_FX,60,0.03331664376844093,1.0,0.6776533492135964,0.7743573444495175,True,5
IVZ,TB6MS,Rates_FX,10,0.033152956653283876,1.0,0.6743239885919134,0.7720267920143393,True,6
IVZ,CPF3M,Rates_FX,10,0.030184049206888847,1.0,0.6139370514040646,0.7297559359828452,True,7
IVZ,DTCTHFNM,Money_Credit,60,0.03000964547129363,1.0,0.6103897170338057,0.7272728019236641,True,8
IVZ,CUMFNS,Output_Income,60,0.04916472973549713,0.05,1.0,0.715,True,9
IVZ,AAA,Rates_FX,10,0.02815764034319653,1.0,0.5727203321300188,0.7009042324910131,True,10
IVZ,IPMANSICS,Output_Income,60,0.047180826073686184,0.05,0.9596478273655888,0.6867534791559121,True,11
IVZ,DMANEMP,Labor_Market,60,0.046140311472245045,0.05,0.9384839847686899,0.6719387893380829,True,12
IVZ,IPFPNSS,Output_Income,60,0.045670569368690905,0.05,0.928929531686545,0.6652506721805815,True,13
IVZ,INDPRO,Output_Income,60,0.04414638591382429,0.05,0.8979279689185482,0.6435495782429838,True,14
IVZ,BAA,Rates_FX,10,0.02397833050601092,1.0,0.48771407134774647,0.6413998499434225,True,15
IVZ,UNRATE,Labor_Market,60,0.04311651792246682,0.05,0.876980676074713,0.6288864732522991,True,16
IVZ,IPFINAL,Output_Income,60,0.04030989472454145,0.05,0.8198945655026665,0.5889261958518666,True,17
IVZ,EXSZUS,Rates_FX,10,0.019982578955431974,1.0,0.4064413465290438,0.5845089425703307,True,18
IVZ,IPBUSEQ,Output_Income,60,0.039729016878840846,0.05,0.8080796353926937,0.5806557447748856,True,19
IVZ,MANEMP,Labor_Market,60,0.03956334639780187,0.05,0.8047099335367031,0.5782969534756921,True,20
IVZ,TB3MS,Rates_FX,10,0.01813291840157596,1.0,0.3688196497596919,0.5581737548317842,True,21
IVZ,ANDENO,Consumption_Orders_Inventories,60,0.03657691976934324,0.05,0.7439666599638513,0.5357766619746959,True,22
IVZ,IPDMAT,Output_Income,60,0.03645453128091056,0.05,0.7414773045033184,0.5340341131523229,True,23
IVZ,IPNMAT,Output_Income,50,0.03343592765284756,0.05,0.6800795576977754,0.49105569038844277,True,24
IVZ,EXUSUK,Rates_FX,60,0.012741010003443918,1.0,0.25914939575564994,0.4814045770289549,True,25
IVZ,IPMAT,Output_Income,60,0.03246695752091192,0.05,0.6603709141814045,0.4772596399269831,True,26
IVZ,USTRADE,Labor_Market,60,0.032442408086098766,0.05,0.6598715839716133,0.4769101087801293,True,27
IVZ,NONBORRES,Money_Credit,10,0.01234477563287036,1.0,0.2510900741097206,0.4757630518768044,True,28
IVZ,IPCONGD,Output_Income,10,0.03221966362190268,0.05,0.6553410096067294,0.4737387067247105,True,29
IVZ,TOTRESNS,Money_Credit,10,0.012002464134876357,1.0,0.24412753206310275,0.4708892724441719,True,30
IVZ,USGOVT,Labor_Market,60,0.03199547504137885,0.05,0.6507810622271759,0.4705467435590231,True,31
IVZ,NDMANEMP,Labor_Market,60,0.03192089781912015,0.05,0.6492641776096887,0.46948492432678207,True,32
IVZ,AMBSL,Money_Credit,60,0.011661437366875917,1.0,0.23719112114749025,0.46603378480324315,True,33
IVZ,USGOOD,Labor_Market,60,0.03108829549863195,0.05,0.6323292259692028,0.45763045817844195,True,34
IVZ,USTPU,Labor_Market,60,0.03019054497342599,0.05,0.6140691738945591,0.4448484217261913,True,35
IVZ,CE16OV,Labor_Market,60,0.030137154642014767,0.05,0.6129832260677642,0.444088258247435,True,36
IVZ,MZMSL,Money_Credit,10,0.010017270601368424,1.0,0.20374912371654744,0.4426243866015832,True,37
IVZ,EXCAUS,Rates_FX,50,0.009942264473484999,1.0,0.20222351525115054,0.44155646067580534,True,38
IVZ,M2REAL,Money_Credit,10,0.009507623270134033,1.0,0.19338300690931065,0.43536810483651744,True,39
IVZ,PAYEMS,Labor_Market,60,0.029111245862056385,0.05,0.5921164627299466,0.42948152391096256,True,40
IVZ,DTCOLNVHFNM,Money_Credit,50,0.008622325589060783,1.0,0.17537624299875748,0.42276337009913023,True,41
IVZ,SRVPRD,Labor_Market,60,0.027885856445438933,0.05,0.5671923062622926,0.4120346143836048,True,42
IVZ,INVEST,Money_Credit,10,0.007818824724269698,1.0,0.15903320869115803,0.4113232460838106,True,43
IVZ,M1SL,Money_Credit,10,0.007813240371212124,1.0,0.15891962415428337,0.4112437369079983,True,44
IVZ,M2SL,Money_Credit,10,0.007715471401509088,1.0,0.15693102439528894,0.40985171707670226,True,45
IVZ,UMCSENT,Consumption_Orders_Inventories,60,0.02748173272179904,0.05,0.5589725168764046,0.4062807618134832,True,46
IVZ,MCOILWTICO,Prices,60,0.02731804006144411,0.05,0.5556430434665925,0.40395013042661476,True,47
IVZ,NONREVSL,Money_Credit,10,0.006178498466351493,1.0,0.12566932635634104,0.38796852844943874,True,48
IVZ,AMDMUO,Consumption_Orders_Inventories,60,0.025970326093390672,0.05,0.5282308320031299,0.38476158240219094,True,49
IVZ,IPB51222S,Output_Income,50,0.025142102940323856,0.05,0.5113849516835879,0.3729694661785115,True,50
IVZ,CES0600000007,Labor_Market,60,0.02448159044917177,0.05,0.4979502700590656,0.36356518904134594,True,51
IVZ,ACOGNO,Consumption_Orders_Inventories,60,0.023934814416871272,0.05,0.48682896347928545,0.3557802744354998,True,52
IVZ,REALLN,Money_Credit,60,0.00337272228032804,1.0,0.06860044382371375,0.3480203106765996,True,53
IVZ,BUSLOANS,Money_Credit,60,0.0023395003540719063,1.0,0.04758493266734624,0.33330945286714236,True,54
IVZ,HOUSTNE,Housing,60,0.022183597308101106,0.05,0.4512095851527576,0.3308467096069303,True,55
IVZ,AWHMAN,Labor_Market,60,0.022031697009985897,0.05,0.44811996584777164,0.32868397609344013,True,56
IVZ,USCONS,Labor_Market,60,0.02136873597996347,0.05,0.43463548147067627,0.31924483702947337,True,57
IVZ,AWOTMAN,Labor_Market,50,0.021149563735961652,0.05,0.4301775652941621,0.3161242957059135,True,58
IVZ,IPDCONGD,Output_Income,50,0.020550708067783915,0.05,0.41799697015208487,0.3075978791064594,True,59
IVZ,HOUST,Housing,50,0.01830315478287156,0.05,0.3722822210422243,0.275597554729557,True,60
IVZ,PERMITNE,Housing,50,0.017906712243490903,0.05,0.364218665287652,0.2699530657013564,True,61
IVZ,IPFUELS,Output_Income,60,0.017830109552419735,0.05,0.36266058307132976,0.26886240814993084,True,62
IVZ,PERMITMW,Housing,50,0.01744235019295782,0.05,0.3547736413236982,0.26334154892658873,True,63
IVZ,HOUSTW,Housing,60,0.0174333286185994,0.05,0.3545901444468323,0.26321310111278257,True,64
IVZ,PPICMM,Prices,60,0.01707976704534377,0.05,0.34739877829557375,0.25817914480690163,True,65
IVZ,UEMPMEAN,Labor_Market,10,0.016610356241960077,0.05,0.3378510637874479,0.2514957446512135,True,66
IVZ,PERMIT,Housing,50,0.015247703483614834,0.05,0.3101350005511356,0.23209450038579488,True,67
IVZ,PPICRM,Prices,60,0.015139827514403435,0.05,0.30794082660180716,0.230558578621265,True,68
IVZ,CPITRNSL,Prices,60,0.015132422470287628,0.05,0.3077902096014566,0.23045314672101957,True,69
IVZ,ISRATIO,Consumption_Orders_Inventories,50,0.014871134344830155,0.05,0.3024756654788064,0.22673296583516445,True,70
IVZ,CPIAPPSL,Prices,60,0.013807620192921304,0.05,0.28084401698545586,0.2115908118898191,True,71
IVZ,CMRMTSPL,Consumption_Orders_Inventories,60,0.013000794180423865,0.05,0.2644333498906074,0.20010334492342519,True,72
IVZ,HOUSTS,Housing,50,0.012916006097658904,0.05,0.2627087785724874,0.1988961450007412,True,73
IVZ,HOUSTMW,Housing,50,0.012856327095626462,0.05,0.2614949205414658,0.19804644437902602,True,74
IVZ,CLF16OV,Labor_Market,50,0.012245993170832867,0.05,0.24908086013521216,0.1893566020946485,True,75
IVZ,PPIITM,Prices,60,0.01199876509249304,0.05,0.24405229433875814,0.1858366060371307,True,76
IVZ,USFIRE,Labor_Market,60,0.011786807530600872,0.05,0.2397411232404426,0.18281878626830983,True,77
IVZ,PERMITW,Housing,50,0.010587991610218303,0.05,0.21535746595539057,0.16575022616877338,True,78
IVZ,CUSR0000SAC,Prices,10,0.009944589839323495,0.05,0.2022708126908193,0.1565895688835735,True,79
IVZ,IPNCONGD,Output_Income,10,0.00970672859381554,0.05,0.19743276625412307,0.15320293637788612,True,80
IVZ,DPCERA3M086SBEA,Consumption_Orders_Inventories,60,0.009557098508442642,0.05,0.19438932258672376,0.15107252581070663,True,81
IVZ,DDURRG3M086SBEA,Prices,10,0.009444303049626594,0.05,0.19209508727976937,0.14946656109583856,True,82
IVZ,PERMITS,Housing,50,0.009221251071773334,0.05,0.1875582581534167,0.14629078070739165,True,83
IVZ,RSAFS,Consumption_Orders_Inventories,60,0.008815270483874671,0.05,0.17930070054895492,0.14051049038426844,True,84
IVZ,DNDGRG3M086SBEA,Prices,60,0.008414035753330386,0.05,0.17113967265959398,0.1347977708617158,True,85
IVZ,CES2000000008,Labor_Market,10,0.007988789594705933,0.05,0.16249025750136475,0.12874318025095532,True,86
IVZ,CPIMEDSL,Prices,10,0.0077185413466407315,0.05,0.15699346641720505,0.12489542649204352,True,87
IVZ,CUSR0000SAS,Prices,10,0.0076285415980945435,0.05,0.15516289094103788,0.12361402365872651,True,88
IVZ,BUSINV,Consumption_Orders_Inventories,60,0.007607446432676739,0.05,0.15473381982580356,0.12331367387806248,True,89
IVZ,CES0600000008,Labor_Market,10,0.007417075437269698,0.05,0.15086171483445662,0.12060320038411963,True,90
IVZ,CES3000000008,Labor_Market,10,0.007159373737632248,0.05,0.1456201178395404,0.11693408248767828,True,91
IVZ,DSERRG3M086SBEA,Prices,10,0.006960958786611608,0.05,0.14158440052576488,0.11410908036803541,True,92
IVZ,SP500,Stock_Market,10,0.006004495915036305,0.05,0.12213015198781892,0.10049110639147324,True,93
IVZ,PCEPI,Prices,10,0.0050555219144340375,0.05,0.10282822547042154,0.08697975782929508,True,94
IVZ,W875RX1,Output_Income,60,0.004742794415981637,0.05,0.09646741559442196,0.08252719091609537,True,95
IVZ,CUUR0000SAD,Prices,50,0.0040734338018791234,0.05,0.08285276505726599,0.07299693554008618,True,96
IVZ,CPIULFSL,Prices,10,0.004014412737738826,0.05,0.08165228934108029,0.07215660253875619,True,97
IVZ,CPIAUCSL,Prices,10,0.003954201948621655,0.05,0.08042761487543998,0.07129933041280798,True,98
IVZ,CUSR0000SA0L5,Prices,10,0.0037547795741702194,0.05,0.07637140678634206,0.06845998475043943,True,99
IVZ,CUUR0000SA0L2,Prices,10,0.0031944441478034984,0.05,0.06497430505546127,0.06048201353882288,True,100
IVZ,PPIFGS,Prices,60,0.0027484524508849797,0.05,0.055902930122294275,0.05413205108560599,True,101
IVZ,PPIFCG,Prices,30,0.001910881691886405,0.05,0.03886692151399626,0.04220684505979738,True,102
IVZ,RPI,Output_Income,30,0.0018661295386455897,0.05,0.03795667236828593,0.04156967065780015,True,103
JBHT,IPFPNSS,Output_Income,60,0.037957057531449664,1.0,1.0,1.0,True,1
JBHT,IPFINAL,Output_Income,60,0.037283517415311454,1.0,0.982255207333178,0.9875786451332245,True,2
JBHT,IPMANSICS,Output_Income,60,0.036318250944060264,1.0,0.9568247199870129,0.969777303990909,True,3
JBHT,INDPRO,Output_Income,60,0.03613882180894129,1.0,0.9520975586423721,0.9664682910496605,True,4
JBHT,IPBUSEQ,Output_Income,60,0.033771198976185884,1.0,0.8897212052911228,0.9228048437037859,True,5
JBHT,DMANEMP,Labor_Market,60,0.032506209441498964,1.0,0.856394345493342,0.8994760418453394,True,6
JBHT,IPDMAT,Output_Income,60,0.03091842542981682,1.0,0.8145632838952039,0.8701942987266427,True,7
JBHT,MANEMP,Labor_Market,60,0.027967309403313125,1.0,0.7368144746241343,0.815770132236894,True,8
JBHT,IPMAT,Output_Income,60,0.027400850932410816,1.0,0.7218908080455813,0.8053235656319069,True,9
JBHT,UNRATE,Labor_Market,60,0.026259485390917818,1.0,0.6918208917843613,0.7842746242490529,True,10
JBHT,NDMANEMP,Labor_Market,50,0.024334715079519457,1.0,0.6411117368451626,0.7487782157916139,True,11
JBHT,AWHMAN,Labor_Market,60,0.02342050115687662,1.0,0.6170262575667608,0.7319183802967325,True,12
JBHT,CUMFNS,Output_Income,50,0.023109017427255955,1.0,0.6088200437588918,0.7261740306312242,True,13
JBHT,AWOTMAN,Labor_Market,60,0.022669177463073,1.0,0.5972322128576549,0.7180625490003585,True,14
JBHT,USGOVT,Labor_Market,50,0.021729837007698347,1.0,0.5724847609616182,0.7007393326731326,True,15
JBHT,USTRADE,Labor_Market,50,0.021664676061067686,1.0,0.5707680592236957,0.6995376414565869,True,16
JBHT,CPIAPPSL,Prices,60,0.020805250463286486,1.0,0.5481260091367227,0.6836882063957059,True,17
JBHT,MCOILWTICO,Prices,50,0.02072275821069785,1.0,0.5459527044088657,0.6821668930862059,True,18
JBHT,CES0600000007,Labor_Market,60,0.020652009750035297,1.0,0.5440887964754351,0.6808621575328044,True,19
JBHT,CE16OV,Labor_Market,60,0.020543445185398107,1.0,0.541228602042628,0.6788600214298396,True,20
JBHT,SRVPRD,Labor_Market,60,0.019838996487244673,1.0,0.5226695054221969,0.6658686537955378,True,21
JBHT,PAYEMS,Labor_Market,60,0.019656402781252424,1.0,0.5178589716804558,0.662501280176319,True,22
JBHT,USGOOD,Labor_Market,60,0.01874552933330097,1.0,0.4938614990840423,0.6457030493588296,True,23
JBHT,PPICRM,Prices,30,0.018262560343656375,1.0,0.48113740978274633,0.6367961868479224,True,24
JBHT,IPDCONGD,Output_Income,50,0.01824681073641321,1.0,0.48072247753384595,0.6365057342736922,True,25
JBHT,USTPU,Labor_Market,60,0.017367817545313833,1.0,0.4575649082103788,0.6202954357472652,True,26
JBHT,IPFUELS,Output_Income,50,0.016745039665845732,1.0,0.4411574751802475,0.6088102326261733,True,27
JBHT,IPCONGD,Output_Income,60,0.01625558449772472,1.0,0.4282625038638995,0.5997837527047296,True,28
JBHT,PPIITM,Prices,10,0.016132259664719564,1.0,0.425013441870541,0.5975094093093787,True,29
JBHT,PPICMM,Prices,10,0.016108152305946737,1.0,0.4243783199632949,0.5970648239743064,True,30
JBHT,IPNMAT,Output_Income,50,0.014048004394028748,1.0,0.370102566100893,0.5590717962706251,True,31
JBHT,CPITRNSL,Prices,50,0.013951564946282928,1.0,0.3675618146829014,0.5572932702780309,True,32
JBHT,GS5,Rates_FX,60,0.02929955134019756,0.05,0.7719131367314538,0.5553391957120176,True,33
JBHT,IPB51222S,Output_Income,30,0.013525954443555581,1.0,0.35634886693597173,0.5494442068551801,True,34
JBHT,PPIFCG,Prices,30,0.013214992478000115,1.0,0.34815639929545944,0.5437094795068216,True,35
JBHT,GS10,Rates_FX,60,0.028603448550077147,0.05,0.7535739177457973,0.5425017424220581,True,36
JBHT,PPIFGS,Prices,10,0.010984287848971729,1.0,0.28938723292422225,0.5025710630469555,True,37
JBHT,FEDFUNDS,Rates_FX,60,0.026182888931353693,0.05,0.6898029150352243,0.497862040524657,True,38
JBHT,HOUSTMW,Housing,10,0.025734639980096147,0.05,0.677993544646433,0.4895954812525031,True,39
JBHT,IPNCONGD,Output_Income,10,0.00987268383703644,1.0,0.2601014008753534,0.48207098061274734,True,40
JBHT,CES0600000008,Labor_Market,50,0.009710010130316311,1.0,0.2558156707028988,0.4790709694920291,True,41
JBHT,USCONS,Labor_Market,60,0.0096801948406653,1.0,0.2550301701506943,0.478521119105486,True,42
JBHT,CPIMEDSL,Prices,10,0.009658342709919165,1.0,0.2544544634925049,0.47811812444475343,True,43
JBHT,ANDENO,Consumption_Orders_Inventories,50,0.025026498581178825,0.05,0.6593371617502988,0.4765360132252091,True,44
JBHT,DSERRG3M086SBEA,Prices,50,0.009283834372666562,1.0,0.24458783099755182,0.47121148169828625,True,45
JBHT,CES3000000008,Labor_Market,50,0.009204740901436508,1.0,0.24250406907357971,0.46975284835150577,True,46
JBHT,CES2000000008,Labor_Market,50,0.009202275075118541,1.0,0.24243910549425263,0.4697073738459768,True,47
JBHT,CUSR0000SAS,Prices,10,0.009067251639150092,1.0,0.23888183723507384,0.46721728606455165,True,48
JBHT,DNDGRG3M086SBEA,Prices,60,0.008533997468561354,1.0,0.22483295659813549,0.4573830696186948,True,49
JBHT,AAA,Rates_FX,50,0.02386602781923734,0.05,0.6287639077255376,0.4551347354078763,True,50
JBHT,HOUSTNE,Housing,50,0.023758720326823867,0.05,0.6259368315665239,0.4531557820965667,True,51
JBHT,RPI,Output_Income,50,0.00815818016431447,1.0,0.21493183863251084,0.4504522870427575,True,52
JBHT,PCEPI,Prices,50,0.008050886261933524,1.0,0.21210512051053718,0.448473584357376,True,53
JBHT,DDURRG3M086SBEA,Prices,50,0.007937592272820317,1.0,0.20912032673353442,0.44638422871347405,True,54
JBHT,UEMPMEAN,Labor_Market,10,0.007694960988146836,1.0,0.20272806926013973,0.4419096484820978,True,55
JBHT,CPIULFSL,Prices,60,0.007534672139234993,1.0,0.1985051695061471,0.43895361865430294,True,56
JBHT,CPIAUCSL,Prices,50,0.0074319793428250696,1.0,0.1957996701052824,0.4370597690736977,True,57
JBHT,ACOGNO,Consumption_Orders_Inventories,50,0.022876343208811073,0.05,0.6026901107878732,0.4368830775515112,True,58
JBHT,W875RX1,Output_Income,10,0.007399479317715944,1.0,0.194943438689499,0.4364604070826493,True,59
JBHT,CLF16OV,Labor_Market,60,0.007384856370354554,1.0,0.19455818892799487,0.43619073224959637,True,60
JBHT,CUSR0000SA0L5,Prices,60,0.007255825780137701,1.0,0.1911588055561425,0.43381116388929974,True,61
JBHT,CUUR0000SAD,Prices,50,0.005834240256087273,1.0,0.1537063364633378,0.40759443552433644,True,62
JBHT,CUSR0000SAC,Prices,50,0.005145378887658765,1.0,0.13555789679944275,0.3948905277596099,True,63
JBHT,UMCSENT,Consumption_Orders_Inventories,50,0.020582696334641222,0.05,0.5422626956156241,0.3945838869309369,True,64
JBHT,GS1,Rates_FX,60,0.020235370501308764,0.05,0.5331122014540396,0.3881785410178277,True,65
JBHT,PERMITNE,Housing,50,0.018734985477513646,0.05,0.4935837152811596,0.3605086006968117,True,66
JBHT,PERMITMW,Housing,10,0.018674669940936674,0.05,0.49199466859262225,0.3593962680148356,True,67
JBHT,USFIRE,Labor_Market,50,0.0028728394176475726,1.0,0.07568656804514563,0.35298059763160194,True,68
JBHT,EXJPUS,Rates_FX,60,0.0180457777023391,0.05,0.4754261493369739,0.34779830453588173,True,69
JBHT,CUUR0000SA0L2,Prices,60,0.0023854406035183785,1.0,0.06284577252970412,0.3439920407707929,True,70
JBHT,BAA,Rates_FX,50,0.016600096383845877,0.05,0.43733886300569313,0.32113720410398516,True,71
JBHT,DTCTHFNM,Money_Credit,30,0.015953255818557298,0.05,0.4202974850023367,0.3092082395016357,True,72
JBHT,AMDMUO,Consumption_Orders_Inventories,60,0.015903442781097135,0.05,0.41898513255196856,0.30828959278637796,True,73
JBHT,PERMITW,Housing,10,0.015060721516262043,0.05,0.39678316749878056,0.2927482172491464,True,74
JBHT,TB6MS,Rates_FX,60,0.012813594250592501,0.05,0.3375813375411327,0.25130693627879286,True,75
JBHT,HOUSTS,Housing,60,0.012100029377904825,0.05,0.31878207018231686,0.23814744912762176,True,76
JBHT,EXUSUK,Rates_FX,50,0.01197874582615519,0.05,0.3155867868901611,0.23591075082311275,True,77
JBHT,REALLN,Money_Credit,50,0.011801208066535078,0.05,0.3109094548953664,0.23263661842675648,True,78
JBHT,SP500,Stock_Market,60,0.011592056113015628,0.05,0.30539922920555485,0.22877946044388836,True,79
JBHT,NONBORRES,Money_Credit,60,0.011415827464441777,0.05,0.30075638647656205,0.2255294705335934,True,80
JBHT,CPF3M,Rates_FX,60,0.011198983029907775,0.05,0.29504349805378766,0.22153044863765137,True,81
JBHT,CMRMTSPL,Consumption_Orders_Inventories,10,0.01098367477625484,0.05,0.2893710811791514,0.21755975682540596,True,82
JBHT,TOTRESNS,Money_Credit,60,0.010983009137625007,0.05,0.28935354455557927,0.2175474811889055,True,83
JBHT,HOUST,Housing,10,0.010973937854016099,0.05,0.2891145564938363,0.21738018954568544,True,84
JBHT,INVEST,Money_Credit,50,0.010896982933626911,0.05,0.2870871358929263,0.2159609951250484,True,85
JBHT,HOUSTW,Housing,10,0.010518126081207571,0.05,0.2771059393234758,0.20897415752643306,True,86
JBHT,RSAFS,Consumption_Orders_Inventories,10,0.010432324949562675,0.05,0.2748454603183842,0.20739182222286895,True,87
JBHT,PERMIT,Housing,10,0.010305183868643153,0.05,0.2714958571302504,0.20504709999117526,True,88
JBHT,DPCERA3M086SBEA,Consumption_Orders_Inventories,10,0.010223669586490725,0.05,0.2693483175828319,0.2035438223079823,True,89
JBHT,EXSZUS,Rates_FX,10,0.010223147412726627,0.05,0.2693345606217275,0.20353419243520926,True,90
JBHT,M2REAL,Money_Credit,50,0.010059140452443063,0.05,0.2650137051352959,0.2005095935947071,True,91
JBHT,MZMSL,Money_Credit,50,0.009980544928709208,0.05,0.2629430619177932,0.19906014334245525,True,92
JBHT,AMBSL,Money_Credit,30,0.00991378081740157,0.05,0.2611841239060066,0.19782888673420462,True,93
JBHT,M1SL,Money_Credit,50,0.009774993717390873,0.05,0.2575276998036983,0.1952693898625888,True,94
JBHT,M2SL,Money_Credit,50,0.009502603158711065,0.05,0.2503514175417206,0.1902459922792044,True,95
JBHT,EXCAUS,Rates_FX,50,0.009437213309318184,0.05,0.2486286852319597,0.1890400796623718,True,96
JBHT,TB3MS,Rates_FX,60,0.00886702800534022,0.05,0.23360683314277889,0.1785247831999452,True,97
JBHT,NONREVSL,Money_Credit,50,0.00834335704806235,0.05,0.21981042764311712,0.16886729935018197,True,98
JBHT,ISRATIO,Consumption_Orders_Inventories,10,0.007779116915608273,0.05,0.20494520443695657,0.15846164310586958,True,99
JBHT,PERMITS,Housing,60,0.005287799397875994,0.05,0.13931004513441905,0.11251703159409333,True,100
JBHT,BUSLOANS,Money_Credit,50,0.005060640844978507,0.05,0.13332542547022955,0.10832779782916067,True,101
JBHT,DTCOLNVHFNM,Money_Credit,30,0.004973976428286363,0.05,0.131042202735687,0.1067295419149809,True,102
JBHT,BUSINV,Consumption_Orders_Inventories,50,0.0024972619311988084,0.05,0.06579176821411088,0.061054237749877616,True,103
JKHY,DTCTHFNM,Money_Credit,50,0.023159102859565964,1.0,0.6981614481184318,0.7887130136829023,True,1
JKHY,EXUSUK,Rates_FX,10,0.021423676654846183,1.0,0.6458447552164278,0.7520913286514994,True,2
JKHY,IPCONGD,Output_Income,60,0.0331715578423594,0.05,1.0,0.715,True,3
JKHY,M2REAL,Money_Credit,10,0.016065964254210304,1.0,0.48432950693965887,0.6390306548577611,True,4
JKHY,MZMSL,Money_Credit,10,0.015522309068060647,1.0,0.46794031024491034,0.6275582171714372,True,5
JKHY,INVEST,Money_Credit,10,0.014950788760178859,1.0,0.45071108300759416,0.6154977581053158,True,6
JKHY,M1SL,Money_Credit,10,0.014788136431498816,1.0,0.4458077158081092,0.6120654010656764,True,7
JKHY,M2SL,Money_Credit,10,0.01464768029315175,1.0,0.4415734817991262,0.6091014372593884,True,8
JKHY,EXCAUS,Rates_FX,10,0.013635823177559573,1.0,0.4110697255269364,0.5877488078688554,True,9
JKHY,NONREVSL,Money_Credit,10,0.012871679337237988,1.0,0.38803360995006136,0.5716235269650429,True,10
JKHY,AAA,Rates_FX,10,0.011992579756094772,1.0,0.3615320032024692,0.5530724022417284,True,11
JKHY,BAA,Rates_FX,10,0.011801616048242345,1.0,0.3557751524461695,0.5490426067123186,True,12
JKHY,GS10,Rates_FX,10,0.011509892673936924,1.0,0.3469807697496506,0.5428865388247553,True,13
JKHY,AMBSL,Money_Credit,50,0.01150967648903429,1.0,0.346974252572988,0.5428819768010915,True,14
JKHY,GS5,Rates_FX,10,0.011343798448858128,1.0,0.34197364208117864,0.539381549456825,True,15
JKHY,NONBORRES,Money_Credit,10,0.011109221790347618,1.0,0.33490202188096724,0.534431415316677,True,16
JKHY,REALLN,Money_Credit,50,0.010968225886217951,1.0,0.3306515159264468,0.5314560611485127,True,17
JKHY,FEDFUNDS,Rates_FX,60,0.01001743521943958,1.0,0.30198868762948233,0.5113920813406376,True,18
JKHY,TOTRESNS,Money_Credit,10,0.009973475546643695,1.0,0.30066346579320946,0.5104644260552467,True,19
JKHY,IPNCONGD,Output_Income,60,0.022676189817677727,0.05,0.6836034028139822,0.49352238196978754,True,20
JKHY,BUSLOANS,Money_Credit,50,0.009041913405463776,1.0,0.27258030655157944,0.4908062145861056,True,21
JKHY,IPFINAL,Output_Income,60,0.022010842813465676,0.05,0.6635456470892145,0.4794819529624501,True,22
JKHY,GS1,Rates_FX,10,0.008501582560264627,1.0,0.2562913264630665,0.47940392852414654,True,23
JKHY,TB3MS,Rates_FX,50,0.00838185463844888,1.0,0.252681971654205,0.47687738015794345,True,24
JKHY,EXJPUS,Rates_FX,30,0.007587430968011543,1.0,0.2287330309920672,0.460113121694447,True,25
JKHY,CPF3M,Rates_FX,50,0.007455821007800928,1.0,0.224765476593927,0.4573358336157489,True,26
JKHY,DTCOLNVHFNM,Money_Credit,10,0.007195936834585561,1.0,0.2169309282603694,0.45185164978225856,True,27
JKHY,EXSZUS,Rates_FX,60,0.006663625119780319,1.0,0.20088369534671072,0.4406185867426975,True,28
JKHY,PPICRM,Prices,50,0.019523849566717905,0.05,0.5885719826455165,0.4270003878518615,True,29
JKHY,PPICMM,Prices,10,0.01946290912118637,0.05,0.5867348532040492,0.4257143972428344,True,30
JKHY,IPFPNSS,Output_Income,60,0.018827382379823815,0.05,0.5675760683081827,0.4123032478157279,True,31
JKHY,CES0600000007,Labor_Market,30,0.018606850002330165,0.05,0.5609278313293323,0.40764948193053263,True,32
JKHY,DDURRG3M086SBEA,Prices,10,0.01799108122885243,0.05,0.5423646762190405,0.39465527335332834,True,33
JKHY,HOUSTNE,Housing,10,0.01765552043868422,0.05,0.5322487572814105,0.3875741300969874,True,34
JKHY,PERMITNE,Housing,10,0.01762770774490112,0.05,0.5314103072479429,0.38698721507356004,True,35
JKHY,IPB51222S,Output_Income,10,0.017018788930943624,0.05,0.5130536531272275,0.3741375571890592,True,36
JKHY,TB6MS,Rates_FX,10,0.003429821534453193,1.0,0.10339645640860982,0.3723775194860269,True,37
JKHY,ANDENO,Consumption_Orders_Inventories,60,0.016888085113437215,0.05,0.5091134155861524,0.3713793909103067,True,38
JKHY,ISRATIO,Consumption_Orders_Inventories,50,0.016800976204257884,0.05,0.5064874035793212,0.3695411825055248,True,39
JKHY,MCOILWTICO,Prices,10,0.016294402947785294,0.05,0.49121609015834866,0.35885126311084403,True,40
JKHY,IPMANSICS,Output_Income,60,0.015395442333515478,0.05,0.46411574658865773,0.3398810226120604,True,41
JKHY,IPDCONGD,Output_Income,50,0.014860412624742955,0.05,0.44798657619168286,0.328590603334178,True,42
JKHY,CES2000000008,Labor_Market,10,0.014770877340244497,0.05,0.4452874179271252,0.3267011925489876,True,43
JKHY,CPIMEDSL,Prices,10,0.014567770388727972,0.05,0.4391644932070458,0.3224151452449321,True,44
JKHY,CES0600000008,Labor_Market,10,0.014507324258025447,0.05,0.43734226553266936,0.32113958587286856,True,45
JKHY,CES3000000008,Labor_Market,10,0.014488180477586078,0.05,0.4367651512310033,0.3207356058617023,True,46
JKHY,CUSR0000SAS,Prices,10,0.013945000126047595,0.05,0.42039026904669863,0.309273188332689,True,47
JKHY,CUUR0000SAD,Prices,10,0.013898749967107946,0.05,0.4189959975096354,0.3082971982567448,True,48
JKHY,UMCSENT,Consumption_Orders_Inventories,30,0.01375205220885487,0.05,0.4145736017044632,0.30520152119312427,True,49
JKHY,DSERRG3M086SBEA,Prices,10,0.013606737527206168,0.05,0.41019290055261265,0.3021350303868289,True,50
JKHY,RPI,Output_Income,10,0.01341539361491377,0.05,0.4044245880361575,0.2980972116253102,True,51
JKHY,MANEMP,Labor_Market,10,0.012893289447647536,0.05,0.38868507499467114,0.2870795524962698,True,52
JKHY,CLF16OV,Labor_Market,30,0.01280385654432293,0.05,0.3859890031445152,0.2851923022011606,True,53
JKHY,SP500,Stock_Market,50,0.012629257858258813,0.05,0.3807254973756918,0.28150784816298424,True,54
JKHY,CUUR0000SA0L2,Prices,50,0.012521710430683905,0.05,0.3774833394979701,0.279238337648579,True,55
JKHY,HOUSTS,Housing,30,0.012508842814133588,0.05,0.3770954283660459,0.27896679985623213,True,56
JKHY,DMANEMP,Labor_Market,50,0.012382877229637577,0.05,0.3732980310567415,0.27630862173971904,True,57
JKHY,IPNMAT,Output_Income,50,0.012356022895064439,0.05,0.37248847201520485,0.2757419304106434,True,58
JKHY,PCEPI,Prices,10,0.012208902578651,0.05,0.36805333764157677,0.27263733634910375,True,59
JKHY,NDMANEMP,Labor_Market,10,0.01215041251422309,0.05,0.3662900781436096,0.2714030547005267,True,60
JKHY,IPFUELS,Output_Income,30,0.012077357512329126,0.05,0.3640877395545948,0.26986141768821637,True,61
JKHY,HOUST,Housing,30,0.011544605939898086,0.05,0.34802724655746675,0.2586190725902267,True,62
JKHY,CPIAUCSL,Prices,50,0.011239460343004198,0.05,0.3388282334045716,0.2521797633832001,True,63
JKHY,ACOGNO,Consumption_Orders_Inventories,60,0.011087803627201893,0.05,0.334256343337695,0.24897944033638647,True,64
JKHY,CUSR0000SA0L5,Prices,50,0.010978059873986052,0.05,0.33094797435070394,0.24666358204549277,True,65
JKHY,CPIULFSL,Prices,50,0.010675067627744091,0.05,0.3218138767698226,0.2402697137388758,True,66
JKHY,HOUSTW,Housing,10,0.010539003584969765,0.05,0.31771204822679966,0.23739843375875974,True,67
JKHY,BUSINV,Consumption_Orders_Inventories,50,0.010515639016358167,0.05,0.31700769274483426,0.23690538492138397,True,68
JKHY,AWHMAN,Labor_Market,30,0.01048490865591501,0.05,0.3160812858335521,0.23625690008348643,True,69
JKHY,PPIITM,Prices,60,0.010319977406025223,0.05,0.31110921757334,0.23277645230133798,True,70
JKHY,DPCERA3M086SBEA,Consumption_Orders_Inventories,10,0.009992510451774628,0.05,0.30123729790629233,0.22586610853440464,True,71
JKHY,HOUSTMW,Housing,10,0.009837092459409539,0.05,0.2965520192376305,0.22258641346634134,True,72
JKHY,W875RX1,Output_Income,10,0.009721185002717623,0.05,0.29305783734714647,0.22014048614300252,True,73
JKHY,AWOTMAN,Labor_Market,30,0.00947583149392989,0.05,0.28566133489906365,0.21496293442934455,True,74
JKHY,USGOOD,Labor_Market,50,0.009244300776569458,0.05,0.27868153857895317,0.21007707700526723,True,75
JKHY,CPIAPPSL,Prices,50,0.009068986765880626,0.05,0.27339646841366355,0.20637752788956448,True,76
JKHY,INDPRO,Output_Income,60,0.008921534233671743,0.05,0.2689513189603392,0.20326592327223741,True,77
JKHY,IPMAT,Output_Income,30,0.00855287720080783,0.05,0.25783767049631845,0.19548636934742292,True,78
JKHY,RSAFS,Consumption_Orders_Inventories,10,0.008501582211684152,0.05,0.2562913159546521,0.19440392116825644,True,79
JKHY,SRVPRD,Labor_Market,30,0.00815910678888139,0.05,0.2459669463718215,0.18717686246027504,True,80
JKHY,PERMITW,Housing,30,0.008148895996639824,0.05,0.24565912868384646,0.1869613900786925,True,81
JKHY,PERMITS,Housing,10,0.008131090402503089,0.05,0.2451223557586389,0.18658564903104718,True,82
JKHY,PPIFGS,Prices,60,0.007837402382234593,0.05,0.23626874623977986,0.1803881223678459,True,83
JKHY,IPBUSEQ,Output_Income,60,0.007741245612132862,0.05,0.2333699746307196,0.1783589822415037,True,84
JKHY,PERMIT,Housing,30,0.007701349290182375,0.05,0.23216724782059858,0.17751707347441897,True,85
JKHY,CUMFNS,Output_Income,60,0.007268213802601984,0.05,0.21910981200046695,0.16837686840032684,True,86
JKHY,CMRMTSPL,Consumption_Orders_Inventories,30,0.006658124530721909,0.05,0.20071787289470078,0.15550251102629054,True,87
JKHY,DNDGRG3M086SBEA,Prices,50,0.00656576247800987,0.05,0.19793349800489396,0.15355344860342574,True,88
JKHY,PAYEMS,Labor_Market,30,0.006312125158927533,0.05,0.19028726926014544,0.14820108848210178,True,89
JKHY,CE16OV,Labor_Market,30,0.00583733823387512,0.05,0.1759741963767815,0.13818193746374702,True,90
JKHY,IPDMAT,Output_Income,30,0.00571417279107017,0.05,0.17226121300137698,0.13558284910096388,True,91
JKHY,UEMPMEAN,Labor_Market,60,0.005304864414836109,0.05,0.15992207661896138,0.12694545363327298,True,92
JKHY,USTPU,Labor_Market,30,0.005292812790565027,0.05,0.15955876464162358,0.1266911352491365,True,93
JKHY,PERMITMW,Housing,10,0.005161497086030128,0.05,0.1556000809657182,0.12392005667600274,True,94
JKHY,CPITRNSL,Prices,10,0.004900373125295394,0.05,0.1477281576157306,0.11840971033101141,True,95
JKHY,UNRATE,Labor_Market,60,0.0048387781984347905,0.05,0.14587129797852816,0.11710990858496971,True,96
JKHY,USCONS,Labor_Market,10,0.004420844446042298,0.05,0.13327213834970902,0.10829049684479632,True,97
JKHY,PPIFCG,Prices,60,0.004288722448534634,0.05,0.12928914791749765,0.10550240354224835,True,98
JKHY,USFIRE,Labor_Market,30,0.0037236295239577518,0.05,0.11225368255701132,0.09357757778990791,True,99
JKHY,AMDMUO,Consumption_Orders_Inventories,10,0.0036677155445181023,0.05,0.11056808251056888,0.09239765775739821,True,100
JKHY,USGOVT,Labor_Market,10,0.0035123524614971784,0.05,0.10588445915590905,0.08911912140913633,True,101
JKHY,CUSR0000SAC,Prices,50,0.0032174007732459924,0.05,0.09699275471281718,0.08289492829897202,True,102
JKHY,USTRADE,Labor_Market,50,0.0028449340843965366,0.05,0.08576425918603117,0.07503498143022182,True,103
KIM,GS1,Rates_FX,60,0.029690152831308037,1.0,0.8836653290946407,0.9185657303662484,True,1
KIM,TB6MS,Rates_FX,60,0.025730891558870386,1.0,0.7658261945115755,0.8360783361581028,True,2
KIM,FEDFUNDS,Rates_FX,60,0.025662948074739834,1.0,0.7638039987483812,0.8346627991238669,True,3
KIM,CPF3M,Rates_FX,50,0.025341915934678348,1.0,0.7542491482459532,0.8279744037721672,True,4
KIM,TB3MS,Rates_FX,10,0.023479035849208574,1.0,0.6988044170199611,0.7891630919139727,True,5
KIM,EXSZUS,Rates_FX,30,0.020261573733219813,1.0,0.6030433835308826,0.7221303684716178,True,6
KIM,GS5,Rates_FX,10,0.019999423422792525,1.0,0.5952410275897669,0.7166687193128368,True,7
KIM,MANEMP,Labor_Market,50,0.0335988658304916,0.05,1.0,0.715,True,8
KIM,EXJPUS,Rates_FX,50,0.01837991815765938,1.0,0.5470398390941894,0.6829278873659326,True,9
KIM,DMANEMP,Labor_Market,50,0.0316972109017986,0.05,0.9434012166277586,0.675380851639431,True,10
KIM,GS10,Rates_FX,10,0.015718414242219245,1.0,0.4678257391639241,0.6274780174147468,True,11
KIM,HOUSTW,Housing,50,0.015518306444952095,1.0,0.4618699489215777,0.6233089642451044,True,12
KIM,EXUSUK,Rates_FX,30,0.015351673448281937,1.0,0.4569104661369256,0.6198373262958479,True,13
KIM,USGOOD,Labor_Market,50,0.02781811063480446,0.05,0.8279479067879429,0.59456353475156,True,14
KIM,UEMPMEAN,Labor_Market,10,0.02722876536565257,0.05,0.810407276930817,0.5822850938515719,True,15
KIM,NDMANEMP,Labor_Market,50,0.026675565239225662,0.05,0.7939424316822352,0.5707597021775647,True,16
KIM,USTRADE,Labor_Market,50,0.026482901305504254,0.05,0.7882081924762628,0.566745734733384,True,17
KIM,IPMANSICS,Output_Income,60,0.02614312048446241,0.05,0.7780953266802548,0.5596667286761784,True,18
KIM,IPFPNSS,Output_Income,60,0.02589835014871885,0.05,0.7708102493512032,0.5545671745458423,True,19
KIM,DTCTHFNM,Money_Credit,50,0.011320028565623487,1.0,0.336916984720072,0.5358418893040504,True,20
KIM,IPFINAL,Output_Income,60,0.024999045879981353,0.05,0.7440443378685198,0.5358310365079638,True,21
KIM,NONBORRES,Money_Credit,10,0.011124139686386978,1.0,0.33108676175288076,0.5317607332270164,True,22
KIM,AAA,Rates_FX,10,0.010773944576316316,1.0,0.3206639364159358,0.524464755491155,True,23
KIM,HOUSTNE,Housing,30,0.01071651029862189,1.0,0.31895452521187356,0.5232681676483115,True,24
KIM,PERMITMW,Housing,50,0.010589602820914463,1.0,0.31517738944938434,0.5206241726145691,True,25
KIM,PERMITNE,Housing,30,0.010069285028180186,1.0,0.29969121811969385,0.5097838526837857,True,26
KIM,MZMSL,Money_Credit,10,0.010041796180493147,1.0,0.2988730700361924,0.5092111490253346,True,27
KIM,UNRATE,Labor_Market,50,0.02310644553610652,0.05,0.6877150452839688,0.4964005316987781,True,28
KIM,M2REAL,Money_Credit,10,0.009423456500766458,1.0,0.28046948216372514,0.49632863751460754,True,29
KIM,IPCONGD,Output_Income,60,0.023061899287422527,0.05,0.6863892193198207,0.4954724535238744,True,30
KIM,M1SL,Money_Credit,10,0.009380684178039712,1.0,0.2791964533971431,0.4954375173780001,True,31
KIM,M2SL,Money_Credit,10,0.00931181913428856,1.0,0.2771468293384448,0.4940027805369114,True,32
KIM,DTCOLNVHFNM,Money_Credit,10,0.00921219392743584,1.0,0.2741816933319101,0.49192718533233704,True,33
KIM,TOTRESNS,Money_Credit,10,0.009087480189687115,1.0,0.27046984965308135,0.4893288947571569,True,34
KIM,EXCAUS,Rates_FX,10,0.008893086880482131,1.0,0.2646841392012551,0.48527889744087854,True,35
KIM,IPBUSEQ,Output_Income,60,0.02250069674053874,0.05,0.669686198756118,0.4837803391292826,True,36
KIM,BUSLOANS,Money_Credit,30,0.00856351031049339,1.0,0.2548749816049399,0.47841248712345785,True,37
KIM,INVEST,Money_Credit,10,0.00853093487645066,1.0,0.2539054419125267,0.47773380933876863,True,38
KIM,PERMITW,Housing,50,0.008357001239862223,1.0,0.24872867084334999,0.47411006959034496,True,39
KIM,CUSR0000SAC,Prices,10,0.020731885175826897,0.05,0.6170412203918003,0.4469288542742602,True,40
KIM,ISRATIO,Consumption_Orders_Inventories,30,0.02056037869871453,0.05,0.6119366886502342,0.44335568205516396,True,41
KIM,PERMIT,Housing,50,0.006783799040199231,1.0,0.20190559629077737,0.4413339174035441,True,42
KIM,AMBSL,Money_Credit,50,0.00625047202793401,1.0,0.18603223273868935,0.4302225629170825,True,43
KIM,CUUR0000SAD,Prices,30,0.019828950826530824,0.05,0.5901672671503001,0.42811708700521006,True,44
KIM,HOUST,Housing,50,0.006059651771335619,1.0,0.18035286672791115,0.42624700670953775,True,45
KIM,IPFUELS,Output_Income,50,0.019488293503722547,0.05,0.5800283141116197,0.4210198198781338,True,46
KIM,NONREVSL,Money_Credit,10,0.005597238404950315,1.0,0.1665900995940975,0.41661306971586826,True,47
KIM,HOUSTMW,Housing,50,0.005096128376882308,1.0,0.15167560722414256,0.4061729250568998,True,48
KIM,DNDGRG3M086SBEA,Prices,10,0.01856854812482634,0.05,0.5526540157190377,0.4018578110033264,True,49
KIM,PAYEMS,Labor_Market,50,0.01830291264983647,0.05,0.5447479311407659,0.3963235517985361,True,50
KIM,BAA,Rates_FX,10,0.004543436494532715,1.0,0.13522588879799213,0.39465812215859447,True,51
KIM,CE16OV,Labor_Market,50,0.017589524929561326,0.05,0.5235154370478334,0.3814608059334834,True,52
KIM,PERMITS,Housing,50,0.003880076615129151,1.0,0.1154823688009108,0.3808376581606375,True,53
KIM,USGOVT,Labor_Market,30,0.01697086874518505,0.05,0.5051024290761525,0.3685717003533068,True,54
KIM,IPB51222S,Output_Income,10,0.01690614714152074,0.05,0.5031761258494057,0.367223288094584,True,55
KIM,SRVPRD,Labor_Market,50,0.016816069642496684,0.05,0.5004951574060511,0.36534661018423575,True,56
KIM,USTPU,Labor_Market,50,0.016555985674429227,0.05,0.49275430182540153,0.35992801127778107,True,57
KIM,HOUSTS,Housing,30,0.002593394988822001,1.0,0.07718698011730046,0.3540308860821103,True,58
KIM,UMCSENT,Consumption_Orders_Inventories,50,0.016227648624825723,0.05,0.4829820359620243,0.353087425173417,True,59
KIM,REALLN,Money_Credit,10,0.001976628452723574,1.0,0.058830213576130504,0.34118114950329137,True,60
KIM,USCONS,Labor_Market,50,0.015546512411556645,0.05,0.4627094405504574,0.33889660838532015,True,61
KIM,CPITRNSL,Prices,10,0.015129916846428731,0.05,0.45031034448484414,0.3302172411393909,True,62
KIM,ACOGNO,Consumption_Orders_Inventories,10,0.014923327429744048,0.05,0.44416164239094197,0.32591314967365936,True,63
KIM,AWHMAN,Labor_Market,60,0.014413621909598774,0.05,0.42899132316895483,0.31529392621826835,True,64
KIM,USFIRE,Labor_Market,50,0.013593572783155374,0.05,0.40458427530666685,0.2982089927146668,True,65
KIM,IPNMAT,Output_Income,50,0.012707733165869274,0.05,0.3782191110253718,0.27975337771776027,True,66
KIM,DPCERA3M086SBEA,Consumption_Orders_Inventories,10,0.011931378038768025,0.05,0.35511252370727575,0.263578766595093,True,67
KIM,IPDMAT,Output_Income,60,0.01158947198823401,0.05,0.3449364048984162,0.25645548342889135,True,68
KIM,RSAFS,Consumption_Orders_Inventories,10,0.01139061774985635,0.05,0.339017924215738,0.25231254695101657,True,69
KIM,INDPRO,Output_Income,60,0.011238004116187078,0.05,0.3344756984620707,0.24913298892344948,True,70
KIM,CES0600000007,Labor_Market,30,0.011211464443117705,0.05,0.33368580057672936,0.24858006040371056,True,71
KIM,PPIFCG,Prices,10,0.011159047751576933,0.05,0.33212572733481643,0.24748800913437147,True,72
KIM,MCOILWTICO,Prices,10,0.010678410981134067,0.05,0.31782057867689123,0.23747440507382384,True,73
KIM,AMDMUO,Consumption_Orders_Inventories,50,0.010541106710741134,0.05,0.31373400411554614,0.2346138028808823,True,74
KIM,PPIFGS,Prices,30,0.01013760674878878,0.05,0.3017246713009197,0.22620726991064377,True,75
KIM,CPIMEDSL,Prices,10,0.009787259419006648,0.05,0.2912973154624918,0.21890812082374428,True,76
KIM,ANDENO,Consumption_Orders_Inventories,50,0.0093654172620838,0.05,0.27874206556057346,0.2101194458924014,True,77
KIM,CES2000000008,Labor_Market,10,0.009283288036907407,0.05,0.2762976608717146,0.20840836261020018,True,78
KIM,CUSR0000SAS,Prices,10,0.009205822047191102,0.05,0.273992047637413,0.20679443334618913,True,79
KIM,DSERRG3M086SBEA,Prices,10,0.00912184340906171,0.05,0.2714925990383719,0.2050448193268603,True,80
KIM,CES0600000008,Labor_Market,10,0.009074757147799692,0.05,0.2700911749099632,0.20406382243697424,True,81
KIM,CES3000000008,Labor_Market,10,0.009005801423474106,0.05,0.2680388519335427,0.20262719635347987,True,82
KIM,CLF16OV,Labor_Market,50,0.008989982171397268,0.05,0.26756802496704196,0.20229761747692937,True,83
KIM,PCEPI,Prices,10,0.008835364349732824,0.05,0.2629661487476332,0.1990763041233432,True,84
KIM,CPIAUCSL,Prices,10,0.008375845705497672,0.05,0.24928953696694237,0.18950267587685965,True,85
KIM,IPMAT,Output_Income,10,0.00808096143141501,0.05,0.24051292303091337,0.18335904612163934,True,86
KIM,IPNCONGD,Output_Income,60,0.007780859349958087,0.05,0.23158101196668407,0.17710670837667886,True,87
KIM,CPIULFSL,Prices,10,0.007710732616649049,0.05,0.22949383635597054,0.17564568544917936,True,88
KIM,PPICMM,Prices,10,0.007439463927539055,0.05,0.22142009093615303,0.16999406365530711,True,89
KIM,CUSR0000SA0L5,Prices,10,0.007171125752201746,0.05,0.21343356613227746,0.1644034962925942,True,90
KIM,CUMFNS,Output_Income,60,0.007080745681160762,0.05,0.21074359226539285,0.162520514585775,True,91
KIM,CMRMTSPL,Consumption_Orders_Inventories,10,0.006731751471631195,0.05,0.20035650922246326,0.15524955645572425,True,92
KIM,CUUR0000SA0L2,Prices,10,0.006125673541302878,0.05,0.18231786668655092,0.14262250668058563,True,93
KIM,AWOTMAN,Labor_Market,60,0.0059546142742384085,0.05,0.1772266452171277,0.13905865165198938,True,94
KIM,SP500,Stock_Market,60,0.005436287545016879,0.05,0.1617997337303971,0.12825981361127797,True,95
KIM,PPICRM,Prices,10,0.00525537322658365,0.05,0.15641519725985217,0.12449063808189652,True,96
KIM,PPIITM,Prices,10,0.004977845159490178,0.05,0.1481551545401479,0.11870860817810353,True,97
KIM,IPDCONGD,Output_Income,50,0.003936039277977094,0.05,0.1171479804656104,0.09700358632592727,True,98
KIM,BUSINV,Consumption_Orders_Inventories,50,0.003195377907035152,0.05,0.09510374317859524,0.08157262022501666,True,99
KIM,DDURRG3M086SBEA,Prices,10,0.002682333476497971,0.05,0.07983404826908483,0.07088383378835938,True,100
KIM,W875RX1,Output_Income,10,0.0025685067498736306,0.05,0.07644623371609952,0.06851236360126967,True,101
KIM,RPI,Output_Income,50,0.0025232119494288355,0.05,0.07509812867370581,0.06756869007159406,True,102
KIM,CPIAPPSL,Prices,60,0.0018778579297825035,0.05,0.0558905154494326,0.05412336081460282,True,103
KMB,CPITRNSL,Prices,30,0.02793004515264393,1.0,1.0,1.0,True,1
KMB,ACOGNO,Consumption_Orders_Inventories,30,0.02685293216825719,1.0,0.9614353296423233,0.9730047307496261,True,2
KMB,DNDGRG3M086SBEA,Prices,30,0.026840262092303623,1.0,0.9609816935710487,0.9726871854997341,True,3
KMB,CUSR0000SAC,Prices,30,0.023689204324188105,1.0,0.8481620489591519,0.8937134342714064,True,4
KMB,PPIFCG,Prices,10,0.020023410275252083,1.0,0.716912921759334,0.8018390452315338,True,5
KMB,PPIITM,Prices,10,0.017798376894534996,1.0,0.6372484110663944,0.7460738877464761,True,6
KMB,PPIFGS,Prices,30,0.017781576739026906,1.0,0.6366469027116362,0.7456528318981452,True,7
KMB,NDMANEMP,Labor_Market,60,0.01616504521926175,1.0,0.5787690328073647,0.7051383229651553,True,8
KMB,CPIAPPSL,Prices,30,0.016088553315256007,1.0,0.5760303367691844,0.7032212357384291,True,9
KMB,UEMPMEAN,Labor_Market,30,0.015283484570437085,1.0,0.5472058669045979,0.6830441068332185,True,10
KMB,SRVPRD,Labor_Market,30,0.013315248585612158,1.0,0.476735662718816,0.6337149639031712,True,11
KMB,MCOILWTICO,Prices,30,0.012914138619731896,1.0,0.46237442686373215,0.6236620988046124,True,12
KMB,RSAFS,Consumption_Orders_Inventories,30,0.011565585111767973,1.0,0.41409117130171,0.589863819911197,True,13
KMB,PPICMM,Prices,10,0.011340366189895887,1.0,0.40602749218335504,0.5842192445283485,True,14
KMB,CLF16OV,Labor_Market,10,0.011335778160393746,1.0,0.4058632235802409,0.5841042565061686,True,15
KMB,DPCERA3M086SBEA,Consumption_Orders_Inventories,10,0.010914037386032135,1.0,0.3907633276775775,0.5735343293743043,True,16
KMB,CES0600000007,Labor_Market,30,0.010551434798234264,1.0,0.37778079987226365,0.5644465599105846,True,17
KMB,CES2000000008,Labor_Market,10,0.009712426570298874,1.0,0.34774116966937557,0.5434188187685629,True,18
KMB,CPIMEDSL,Prices,10,0.009710421292751955,1.0,0.3476693732388306,0.5433685612671815,True,19
KMB,PAYEMS,Labor_Market,30,0.009520061397660531,1.0,0.3408537775585851,0.5385976442910095,True,20
KMB,USTRADE,Labor_Market,60,0.00939028928949986,1.0,0.3362074510864495,0.5353452157605146,True,21
KMB,CUSR0000SAS,Prices,10,0.009135106471526596,1.0,0.3270709525029838,0.5289496667520887,True,22
KMB,PCEPI,Prices,10,0.009077274432975693,1.0,0.3250003493859878,0.5275002445701915,True,23
KMB,CES0600000008,Labor_Market,10,0.008959888426799076,1.0,0.3207974916557165,0.5245582441590015,True,24
KMB,CUUR0000SA0L2,Prices,10,0.008942884354359276,1.0,0.3201886823127001,0.52413207761889,True,25
KMB,CPIAUCSL,Prices,10,0.008918727140013882,1.0,0.31932376375587823,0.5235266346291148,True,26
KMB,DSERRG3M086SBEA,Prices,10,0.008864319671787073,1.0,0.3173757730552023,0.5221630411386415,True,27
KMB,CES3000000008,Labor_Market,10,0.008585722881358246,1.0,0.307400966752304,0.5151806767266127,True,28
KMB,CPIULFSL,Prices,10,0.008470972243656123,1.0,0.3032924650626367,0.5123047255438457,True,29
KMB,BUSINV,Consumption_Orders_Inventories,10,0.008406728994073041,1.0,0.3009923166299371,0.5106946216409559,True,30
KMB,USGOOD,Labor_Market,60,0.008131906015255633,1.0,0.29115262688667176,0.5038068388206702,True,31
KMB,USTPU,Labor_Market,30,0.008086823612140009,1.0,0.2895385083677349,0.5026769558574145,True,32
KMB,CUSR0000SA0L5,Prices,10,0.008038737690103768,1.0,0.28781685264632667,0.5014717968524287,True,33
KMB,IPCONGD,Output_Income,60,0.01940947660657888,0.05,0.6949318019538371,0.501452261367686,True,34
KMB,CUUR0000SAD,Prices,10,0.0076357764810063835,1.0,0.27338933536538024,0.49137253475576614,True,35
KMB,CE16OV,Labor_Market,10,0.00758963469998038,1.0,0.2717372871580168,0.49021610101061175,True,36
KMB,DDURRG3M086SBEA,Prices,10,0.007237539540562356,1.0,0.2591309645583309,0.4813916751908316,True,37
KMB,ANDENO,Consumption_Orders_Inventories,30,0.00697626693776664,1.0,0.24977642891874266,0.47484350024311983,True,38
KMB,CMRMTSPL,Consumption_Orders_Inventories,10,0.006895556844030747,1.0,0.2468867059234953,0.4728206941464467,True,39
KMB,MANEMP,Labor_Market,60,0.006550918378878557,1.0,0.2345473608465839,0.46418315259260867,True,40
KMB,UNRATE,Labor_Market,30,0.006182697832329623,1.0,0.22136368912186857,0.45495458238530795,True,41
KMB,USCONS,Labor_Market,60,0.0054609355656881665,1.0,0.19552190251905913,0.43686533176334136,True,42
KMB,UMCSENT,Consumption_Orders_Inventories,60,0.005159044218673035,1.0,0.18471306403114307,0.4292991448218001,True,43
KMB,USGOVT,Labor_Market,60,0.0047425020705699,1.0,0.16979929837746655,0.41885950886422657,True,44
KMB,ISRATIO,Consumption_Orders_Inventories,30,0.004709286090829152,1.0,0.1686100421639798,0.4180270295147858,True,45
KMB,AWOTMAN,Labor_Market,10,0.0046698000052724006,1.0,0.16719629272888395,0.41703740491021873,True,46
KMB,USFIRE,Labor_Market,60,0.00450382223975407,1.0,0.1612536684111922,0.41287756788783453,True,47
KMB,DMANEMP,Labor_Market,60,0.0032722275844199733,1.0,0.11715797688605656,0.38201058382023956,True,48
KMB,AWHMAN,Labor_Market,10,0.0028350656358475685,1.0,0.10150594531277347,0.3710541617189414,True,49
KMB,PPICRM,Prices,60,0.002776805419069381,1.0,0.09942001181500136,0.36959400827050093,True,50
KMB,IPMAT,Output_Income,10,0.014037373582152617,0.05,0.5025904364076477,0.36681330548535335,True,51
KMB,IPDCONGD,Output_Income,60,0.0137122300255076,0.05,0.4909490819140178,0.35866435733981245,True,52
KMB,AMDMUO,Consumption_Orders_Inventories,10,0.002124268734321574,1.0,0.07605675976218339,0.35323973183352836,True,53
KMB,IPFUELS,Output_Income,10,0.012580257249187217,0.05,0.45042022597648174,0.3302941581835372,True,54
KMB,IPNCONGD,Output_Income,60,0.011008584083025092,0.05,0.39414845278125127,0.2909039169468759,True,55
KMB,BAA,Rates_FX,60,0.010904552427168557,0.05,0.3904237307019285,0.28829661149134994,True,56
KMB,IPB51222S,Output_Income,60,0.010844693020454306,0.05,0.3882805402277597,0.28679637815943176,True,57
KMB,GS10,Rates_FX,10,0.010727170396833406,0.05,0.38407279108239983,0.2838509537576799,True,58
KMB,HOUSTW,Housing,50,0.010611347215057408,0.05,0.3799258883064466,0.2809481218145126,True,59
KMB,PERMITNE,Housing,10,0.010430664304345876,0.05,0.373456764832995,0.2764197353830965,True,60
KMB,GS5,Rates_FX,10,0.010141157038838644,0.05,0.36309132274634565,0.2691639259224419,True,61
KMB,PERMITMW,Housing,50,0.010037284651579466,0.05,0.3593723030780461,0.2665606121546322,True,62
KMB,M2REAL,Money_Credit,10,0.009573200220607626,0.05,0.342756346016913,0.2549294422118391,True,63
KMB,FEDFUNDS,Rates_FX,60,0.00946025329872842,0.05,0.33871242409477054,0.25209869686633934,True,64
KMB,MZMSL,Money_Credit,10,0.009172030113648075,0.05,0.32839295688642406,0.24487506982049684,True,65
KMB,DTCOLNVHFNM,Money_Credit,60,0.009068531818226396,0.05,0.3246873311040081,0.24228113177280564,True,66
KMB,M2SL,Money_Credit,10,0.00899822296676277,0.05,0.3221700114548857,0.24051900801841997,True,67
KMB,EXSZUS,Rates_FX,10,0.008878706697337126,0.05,0.3178908823388223,0.2375236176371756,True,68
KMB,M1SL,Money_Credit,10,0.008789771095501638,0.05,0.3147066554122479,0.23529465878857353,True,69
KMB,IPFPNSS,Output_Income,60,0.008536055809763616,0.05,0.30562269996744246,0.2289358899772097,True,70
KMB,SP500,Stock_Market,60,0.008502406594834597,0.05,0.30441793231507674,0.22809255262055372,True,71
KMB,PERMITW,Housing,50,0.008103072365976977,0.05,0.29012027448190214,0.2180841921373315,True,72
KMB,NONREVSL,Money_Credit,10,0.007976741488198647,0.05,0.28559715691843585,0.2149180098429051,True,73
KMB,INDPRO,Output_Income,30,0.007969910199883632,0.05,0.28535257126604324,0.21474679988623024,True,74
KMB,INVEST,Money_Credit,10,0.007928298868333638,0.05,0.2838627300816635,0.21370391105716446,True,75
KMB,TB3MS,Rates_FX,60,0.007313662843574931,0.05,0.2618564633033757,0.19829952431236297,True,76
KMB,HOUSTS,Housing,30,0.0072022168733020244,0.05,0.2578662810582762,0.19550639674079334,True,77
KMB,W875RX1,Output_Income,10,0.006725606838750305,0.05,0.24080186057678613,0.1835613024037503,True,78
KMB,HOUSTMW,Housing,30,0.006566408830262179,0.05,0.23510197689890186,0.17957138382923127,True,79
KMB,EXCAUS,Rates_FX,10,0.0059836910082526696,0.05,0.2142385010675945,0.16496695074731615,True,80
KMB,IPDMAT,Output_Income,30,0.005760740433174501,0.05,0.20625603724200117,0.1593792260694008,True,81
KMB,DTCTHFNM,Money_Credit,60,0.005693658010292159,0.05,0.20385423579428705,0.15769796505600092,True,82
KMB,IPMANSICS,Output_Income,60,0.005665435300727922,0.05,0.20284375731457122,0.15699063012019981,True,83
KMB,EXUSUK,Rates_FX,10,0.005566428868401862,0.05,0.19929895701851127,0.15450926991295788,True,84
KMB,RPI,Output_Income,60,0.005523570686656254,0.05,0.19776447393724955,0.15343513175607465,True,85
KMB,AAA,Rates_FX,60,0.005520153779532745,0.05,0.19764213589215027,0.1533494951245052,True,86
KMB,PERMIT,Housing,50,0.005498479204545013,0.05,0.19686610510275215,0.1528062735719265,True,87
KMB,IPNMAT,Output_Income,50,0.005443415330209896,0.05,0.19489461261019866,0.15142622882713908,True,88
KMB,REALLN,Money_Credit,50,0.005382470093265756,0.05,0.19271254535570406,0.14989878174899285,True,89
KMB,TOTRESNS,Money_Credit,30,0.005223324975974845,0.05,0.18701455538035144,0.145910188766246,True,90
KMB,HOUSTNE,Housing,50,0.005081387513440417,0.05,0.1819326637558049,0.14235286462906344,True,91
KMB,HOUST,Housing,50,0.005037122417933633,0.05,0.1803478079038052,0.14124346553266365,True,92
KMB,NONBORRES,Money_Credit,30,0.004596002766667175,0.05,0.1645540757828709,0.13018785304800962,True,93
KMB,IPFINAL,Output_Income,60,0.004520392148221345,0.05,0.1618469330613822,0.12829285314296754,True,94
KMB,EXJPUS,Rates_FX,30,0.004446888516168457,0.05,0.1592152283272447,0.12645065982907128,True,95
KMB,GS1,Rates_FX,60,0.004212976339325745,0.05,0.15084029819145972,0.1205882087340218,True,96
KMB,TB6MS,Rates_FX,60,0.003943733711214661,0.05,0.14120040585904092,0.11384028410132864,True,97
KMB,CPF3M,Rates_FX,60,0.0038160314728180635,0.05,0.13662818846022626,0.11063973192215837,True,98
KMB,CUMFNS,Output_Income,50,0.003603060169080725,0.05,0.1290030198443718,0.10530211389106024,True,99
KMB,PERMITS,Housing,60,0.003479951593069201,0.05,0.1245952727269322,0.10221669090885253,True,100
KMB,AMBSL,Money_Credit,30,0.003075151215948484,0.05,0.11010190635718976,0.09207133445003284,True,101
KMB,IPBUSEQ,Output_Income,10,0.0017497063635883202,0.05,0.06264602703023875,0.05885221892116712,True,102
KMB,BUSLOANS,Money_Credit,30,0.001625546954196287,0.05,0.058200656150475594,0.05574045930533291,True,103
KMX,ANDENO,Consumption_Orders_Inventories,50,0.033208027439643226,1.0,0.7553434713142347,0.8287404299199643,True,1
KMX,DMANEMP,Labor_Market,60,0.028190877036584308,1.0,0.6412243232124694,0.7488570262487285,True,2
KMX,GS5,Rates_FX,10,0.04396414174582594,0.05,1.0,0.715,True,3
KMX,MANEMP,Labor_Market,60,0.02516116130611829,1.0,0.5723109858844714,0.7006176901191299,True,4
KMX,USTRADE,Labor_Market,60,0.02442371308110644,1.0,0.5555371289245123,0.6888759902471586,True,5
KMX,UNRATE,Labor_Market,60,0.022778106291253594,1.0,0.5181064701079079,0.6626745290755355,True,6
KMX,PPIITM,Prices,50,0.02099278916714541,1.0,0.47749798662084686,0.6342485906345927,True,7
KMX,GS10,Rates_FX,10,0.03854752962540608,0.05,0.8767947717088296,0.6287563401961807,True,8
KMX,ISRATIO,Consumption_Orders_Inventories,50,0.02050287608018866,1.0,0.4663545167951619,0.6264481617566133,True,9
KMX,IPMANSICS,Output_Income,60,0.0382304138697664,0.05,0.8695817170909765,0.6237072019636836,True,10
KMX,MCOILWTICO,Prices,50,0.020280645836226633,1.0,0.46129970996538616,0.6229097969757702,True,11
KMX,PPICRM,Prices,50,0.01902879818639668,1.0,0.43282542159948606,0.6029777951196402,True,12
KMX,IPFPNSS,Output_Income,10,0.03670279151095404,0.05,0.8348347096856199,0.5993842967799339,True,13
KMX,NDMANEMP,Labor_Market,60,0.018261901840491014,1.0,0.41538174328684224,0.5907672203007895,True,14
KMX,USGOOD,Labor_Market,60,0.016712645979802935,1.0,0.38014266436554905,0.5660998650558844,True,15
KMX,CES2000000008,Labor_Market,10,0.01587603452660379,1.0,0.3611132594920063,0.5527792816444044,True,16
KMX,IPCONGD,Output_Income,10,0.03371297819527627,0.05,0.7668289850893555,0.5517802895625488,True,17
KMX,CPIMEDSL,Prices,10,0.01575062800508274,1.0,0.3582607866234109,0.5507825506363876,True,18
KMX,PPICMM,Prices,50,0.015250290178652589,1.0,0.3468801976579126,0.5428161383605388,True,19
KMX,CES0600000008,Labor_Market,10,0.01514737449504317,1.0,0.344539297107541,0.5411775079752786,True,20
KMX,DPCERA3M086SBEA,Consumption_Orders_Inventories,10,0.015137762108478413,1.0,0.34432065559236413,0.5410244589146549,True,21
KMX,AWHMAN,Labor_Market,50,0.015024836932509052,1.0,0.3417520810339837,0.5392264567237885,True,22
KMX,CUSR0000SAS,Prices,10,0.01499696900929108,1.0,0.34111820255685826,0.5387827417898008,True,23
KMX,IPFINAL,Output_Income,60,0.03279617215616875,0.05,0.7459754894290072,0.537182842600305,True,24
KMX,AWOTMAN,Labor_Market,50,0.01467180176278919,1.0,0.3337220102603769,0.5336054071822638,True,25
KMX,DSERRG3M086SBEA,Prices,10,0.014609809499943706,1.0,0.3323119460493231,0.5326183622345262,True,26
KMX,DDURRG3M086SBEA,Prices,10,0.01444571384217339,1.0,0.3285794574517061,0.5300056202161942,True,27
KMX,USTPU,Labor_Market,60,0.014362467106523075,1.0,0.3266859430478176,0.5286801601334723,True,28
KMX,CES3000000008,Labor_Market,10,0.014290493408346679,1.0,0.32504884300859693,0.5275341901060178,True,29
KMX,GS1,Rates_FX,10,0.0320784757088329,0.05,0.7296509026445058,0.525755631851154,True,30
KMX,CE16OV,Labor_Market,60,0.014119915446505517,1.0,0.3211689091564285,0.5248182364094999,True,31
KMX,USGOVT,Labor_Market,10,0.01389870947308337,1.0,0.3161374001893929,0.5212961801325751,True,32
KMX,AAA,Rates_FX,10,0.03161412516625139,0.05,0.7190888735875961,0.5183622115113172,True,33
KMX,RSAFS,Consumption_Orders_Inventories,10,0.013688007031045413,1.0,0.31134480254797614,0.5179413617835833,True,34
KMX,PAYEMS,Labor_Market,60,0.013499771517571061,1.0,0.3070632333873039,0.5149442633711128,True,35
KMX,IPBUSEQ,Output_Income,60,0.030973121048798947,0.05,0.7045087159409772,0.508156101158684,True,36
KMX,UEMPMEAN,Labor_Market,10,0.01294432414332208,1.0,0.2944291331366896,0.5061003931956827,True,37
KMX,DNDGRG3M086SBEA,Prices,10,0.012819464505080005,1.0,0.2915890995710638,0.5041123696997447,True,38
KMX,CUSR0000SAC,Prices,10,0.012681900093058352,1.0,0.288460085639279,0.5019220599474953,True,39
KMX,AMDMUO,Consumption_Orders_Inventories,60,0.012562377698292592,1.0,0.28574145199787265,0.5000190163985109,True,40
KMX,SRVPRD,Labor_Market,60,0.012414806739949009,1.0,0.2823848310680988,0.49766938174766917,True,41
KMX,UMCSENT,Consumption_Orders_Inventories,60,0.012256349168336785,1.0,0.2787805853050784,0.49514640971355484,True,42
KMX,PCEPI,Prices,10,0.011707284158833117,1.0,0.26629165710813935,0.4864041599756975,True,43
KMX,CES0600000007,Labor_Market,10,0.01162782523374953,1.0,0.26448429952242847,0.4851390096656999,True,44
KMX,CUSR0000SA0L5,Prices,10,0.010808783736828158,1.0,0.24585453753010814,0.47209817627107564,True,45
KMX,ACOGNO,Consumption_Orders_Inventories,50,0.010681901374895634,1.0,0.24296849547642538,0.47007794683349774,True,46
KMX,CPIULFSL,Prices,10,0.010610260776619331,1.0,0.24133897206412983,0.46893728044489086,True,47
KMX,CPIAUCSL,Prices,10,0.010407585161087352,1.0,0.23672895109058903,0.4657102657634123,True,48
KMX,CLF16OV,Labor_Market,10,0.01037333418541478,1.0,0.23594988491728375,0.4651649194420986,True,49
KMX,CUUR0000SA0L2,Prices,10,0.009858171605206514,1.0,0.22423209492409737,0.4569624664468681,True,50
KMX,BAA,Rates_FX,10,0.02774283141652582,0.05,0.6310331628197835,0.4567232139738484,True,51
KMX,IPNMAT,Output_Income,50,0.027514829216927487,0.05,0.6258470681857405,0.45309294773001835,True,52
KMX,CPF3M,Rates_FX,10,0.02718061431508453,0.05,0.6182450796430052,0.44777155575010363,True,53
KMX,INDPRO,Output_Income,60,0.026396561780182088,0.05,0.6004111699209559,0.4352878189446691,True,54
KMX,USCONS,Labor_Market,60,0.0074691084162616045,1.0,0.16989091836350334,0.4189236428544523,True,55
KMX,CMRMTSPL,Consumption_Orders_Inventories,60,0.007278423358001948,1.0,0.1655536323233918,0.41588754262637423,True,56
KMX,CUMFNS,Output_Income,60,0.025139078623495265,0.05,0.5718086973887538,0.4152660881721277,True,57
KMX,PPIFCG,Prices,30,0.006128533083241498,1.0,0.1393984470042192,0.39757891290295344,True,58
KMX,HOUSTNE,Housing,60,0.02375250531309035,0.05,0.5402699647911463,0.39318897535380243,True,59
KMX,BUSINV,Consumption_Orders_Inventories,10,0.005527418242434311,1.0,0.12572560325163398,0.3880079222761438,True,60
KMX,CPITRNSL,Prices,60,0.004917162633786798,1.0,0.11184484533360975,0.3782913917335268,True,61
KMX,PPIFGS,Prices,60,0.004687792717392487,1.0,0.10662764087365716,0.37463934861156,True,62
KMX,TB6MS,Rates_FX,10,0.022532717696216946,0.05,0.5125249078325578,0.37376743548279046,True,63
KMX,EXJPUS,Rates_FX,60,0.022458303463579184,0.05,0.5108322958610111,0.37258260710270774,True,64
KMX,DTCTHFNM,Money_Credit,50,0.022373535415392623,0.05,0.5089041779717404,0.3712329245802182,True,65
KMX,IPDMAT,Output_Income,60,0.021718381358078777,0.05,0.49400216848633854,0.36080151794043697,True,66
KMX,CUUR0000SAD,Prices,10,0.003210947692692249,1.0,0.07303560504503886,0.3511249235315272,True,67
KMX,USFIRE,Labor_Market,60,0.0022228062930762147,1.0,0.050559528852562055,0.33539167019679345,True,68
KMX,FEDFUNDS,Rates_FX,60,0.019665180122063138,0.05,0.44730044397898877,0.3281103107852921,True,69
KMX,CPIAPPSL,Prices,60,0.0012819274865582683,1.0,0.02915847860671538,0.32041093502470075,True,70
KMX,IPB51222S,Output_Income,50,0.01906678642621364,0.05,0.4336894948716674,0.3185826464101672,True,71
KMX,IPDCONGD,Output_Income,50,0.018905171020001447,0.05,0.43001342160389944,0.3160093951227296,True,72
KMX,EXUSUK,Rates_FX,10,0.017583760205903486,0.05,0.399956862744237,0.2949698039209659,True,73
KMX,HOUSTMW,Housing,10,0.017267911129823222,0.05,0.3927726197785421,0.2899408338449795,True,74
KMX,MZMSL,Money_Credit,10,0.017075601070529193,0.05,0.388398371774206,0.2868788602419442,True,75
KMX,EXCAUS,Rates_FX,60,0.015481621514870942,0.05,0.3521420161998455,0.2614994113398918,True,76
KMX,INVEST,Money_Credit,10,0.015358792541414812,0.05,0.34934817174892335,0.2595437202242463,True,77
KMX,M2REAL,Money_Credit,10,0.015321911433229625,0.05,0.3485092810821065,0.2589564967574745,True,78
KMX,M2SL,Money_Credit,10,0.01519392835626142,0.05,0.3455982023737326,0.2569187416616128,True,79
KMX,M1SL,Money_Credit,10,0.01503138210663978,0.05,0.3419009563189504,0.25433066942326527,True,80
KMX,IPNCONGD,Output_Income,10,0.014835059933424733,0.05,0.337435449535034,0.25120481467452377,True,81
KMX,HOUSTW,Housing,60,0.014104439369560242,0.05,0.3208168932559533,0.23957182527916732,True,82
KMX,IPMAT,Output_Income,60,0.013404745582305887,0.05,0.3049017915510329,0.228431254085723,True,83
KMX,AMBSL,Money_Credit,30,0.013210249935965748,0.05,0.30047783059975147,0.22533448141982604,True,84
KMX,NONREVSL,Money_Credit,10,0.012122825825366676,0.05,0.2757434887607614,0.20802044213253296,True,85
KMX,REALLN,Money_Credit,60,0.011947899136593856,0.05,0.2717646395935437,0.20523524771548057,True,86
KMX,PERMITNE,Housing,10,0.011886573429581639,0.05,0.27036973673460096,0.20425881571422067,True,87
KMX,TB3MS,Rates_FX,10,0.011773233082693775,0.05,0.267791718777532,0.20245420314427237,True,88
KMX,SP500,Stock_Market,60,0.010806681692562251,0.05,0.2458067248313397,0.18706470738193776,True,89
KMX,RPI,Output_Income,50,0.009653594746271383,0.05,0.2195788286299918,0.16870518004099427,True,90
KMX,PERMITMW,Housing,50,0.008993946883364821,0.05,0.2045746038979307,0.1582022227285515,True,91
KMX,EXSZUS,Rates_FX,10,0.008489486356086935,0.05,0.19310024076366616,0.15017016853456633,True,92
KMX,W875RX1,Output_Income,10,0.008342803474997695,0.05,0.18976381987008265,0.14783467390905786,True,93
KMX,NONBORRES,Money_Credit,10,0.00814539770574834,0.05,0.18527366581702198,0.14469156607191536,True,94
KMX,HOUST,Housing,60,0.007947350251628484,0.05,0.18076891612203538,0.14153824128542475,True,95
KMX,BUSLOANS,Money_Credit,60,0.007068709441535345,0.05,0.16078351949646474,0.1275484636475253,True,96
KMX,TOTRESNS,Money_Credit,10,0.00695800517339855,0.05,0.15826546128491542,0.1257858228994408,True,97
KMX,IPFUELS,Output_Income,50,0.0062293612788927805,0.05,0.14169186595082822,0.11418430616557974,True,98
KMX,DTCOLNVHFNM,Money_Credit,10,0.006121278060592237,0.05,0.13923342563996272,0.1124633979479739,True,99
KMX,PERMITW,Housing,30,0.005887661227148004,0.05,0.13391962161315232,0.10874373512920663,True,100
KMX,PERMIT,Housing,50,0.00482975619836009,0.05,0.1098567151903662,0.09189970063325634,True,101
KMX,HOUSTS,Housing,50,0.0035590040825719473,0.05,0.08095242944006402,0.07166670060804481,True,102
KMX,PERMITS,Housing,60,0.0025797471297279786,0.05,0.05867843718279581,0.05607490602795707,True,103
LH,IPFINAL,Output_Income,50,0.03812944165391722,1.0,1.0,1.0,True,1
LH,IPFPNSS,Output_Income,50,0.036888827805443336,1.0,0.9674630995194122,0.9772241696635886,True,2
LH,IPBUSEQ,Output_Income,60,0.03491313194121434,1.0,0.9156476052837126,0.9409533236985987,True,3
LH,IPMANSICS,Output_Income,50,0.03453890639525041,1.0,0.9058329966838647,0.9340830976787053,True,4
LH,MCOILWTICO,Prices,60,0.029509373624583776,1.0,0.7739261931088922,0.8417483351762245,True,5
LH,PPICRM,Prices,50,0.029276733976578474,1.0,0.7678248803722185,0.8374774162605529,True,6
LH,IPB51222S,Output_Income,50,0.02580817987565931,1.0,0.676857010126397,0.7737999070884778,True,7
LH,INDPRO,Output_Income,50,0.025686455822260798,1.0,0.6736646199911481,0.7715652339938037,True,8
LH,DMANEMP,Labor_Market,50,0.024994472202553155,1.0,0.655516344283666,0.7588614409985661,True,9
LH,CES3000000008,Labor_Market,50,0.024401301768218336,1.0,0.6399595879136477,0.7479717115395533,True,10
LH,CES0600000008,Labor_Market,50,0.024164881956509298,1.0,0.6337591348922028,0.7436313944245418,True,11
LH,CPIMEDSL,Prices,50,0.02383317154592709,1.0,0.6250595474816923,0.7375416832371846,True,12
LH,CES2000000008,Labor_Market,50,0.02357606310811939,1.0,0.6183165051853653,0.7328215536297557,True,13
LH,CUSR0000SAS,Prices,50,0.023294283163378258,1.0,0.6109264167781258,0.7276484917446879,True,14
LH,DSERRG3M086SBEA,Prices,50,0.02326393756364295,1.0,0.6101305593404338,0.7270913915383037,True,15
LH,RPI,Output_Income,50,0.022803494833510705,1.0,0.5980547798335776,0.7186383458835043,True,16
LH,PCEPI,Prices,50,0.022130917486893983,1.0,0.5804154618304087,0.7062908232812861,True,17
LH,IPDMAT,Output_Income,60,0.021285559409871237,1.0,0.5582447181647746,0.6907713027153422,True,18
LH,MANEMP,Labor_Market,50,0.02099426985940873,1.0,0.5506052265323924,0.6854236585726747,True,19
LH,CPIAUCSL,Prices,50,0.020926898771371032,1.0,0.5488383218751149,0.6841868253125805,True,20
LH,IPNCONGD,Output_Income,30,0.020800672891656647,1.0,0.5455278648046947,0.6818695053632863,True,21
LH,CUSR0000SA0L5,Prices,50,0.02077702201258798,1.0,0.5449075861422549,0.6814353102995784,True,22
LH,CPIULFSL,Prices,50,0.020233929243413162,1.0,0.5306641892914903,0.6714649325040432,True,23
LH,CUMFNS,Output_Income,50,0.019869818633469098,1.0,0.521114859583258,0.6647804017082806,True,24
LH,W875RX1,Output_Income,30,0.019718576117822757,1.0,0.517148304892552,0.6620038134247863,True,25
LH,DDURRG3M086SBEA,Prices,50,0.01892416897344529,1.0,0.4963138234546144,0.6474196764182301,True,26
LH,CLF16OV,Labor_Market,30,0.0185301711466677,1.0,0.4859806580662061,0.6401864606463443,True,27
LH,CUUR0000SA0L2,Prices,30,0.018283298253364284,1.0,0.4795060577942125,0.6356542404559486,True,28
LH,PPIITM,Prices,10,0.01779159638532048,1.0,0.4666104619838477,0.6266273233886934,True,29
LH,USGOVT,Labor_Market,60,0.016449581271824245,1.0,0.43141416601714916,0.6019899162120044,True,30
LH,NDMANEMP,Labor_Market,50,0.015611852859110698,1.0,0.40944352138203466,0.5866104649674242,True,31
LH,IPDCONGD,Output_Income,30,0.014876179484976071,1.0,0.3901494183943229,0.573104592876026,True,32
LH,IPCONGD,Output_Income,50,0.014089451983356066,1.0,0.36951634674431666,0.5586614427210217,True,33
LH,UNRATE,Labor_Market,50,0.01359510158069794,1.0,0.3565512892660271,0.549585902486219,True,34
LH,BAA,Rates_FX,10,0.028495464566721734,0.05,0.7473349551079581,0.5381344685755707,True,35
LH,AAA,Rates_FX,10,0.028396295705188212,0.05,0.7447341076464707,0.5363138753525295,True,36
LH,GS10,Rates_FX,10,0.02826090695158516,0.05,0.741183340896936,0.5338283386278552,True,37
LH,IPNMAT,Output_Income,50,0.012652522907459732,1.0,0.33183079422721834,0.5322815559590528,True,38
LH,USGOOD,Labor_Market,50,0.012492105615159066,1.0,0.3276236176900768,0.5293365323830537,True,39
LH,SRVPRD,Labor_Market,30,0.012394282017156023,1.0,0.32505805171901064,0.5275406362033075,True,40
LH,CES0600000007,Labor_Market,60,0.012307584089789216,1.0,0.32278427262322107,0.5259489908362547,True,41
LH,USFIRE,Labor_Market,30,0.011904672041727368,1.0,0.3122173188314795,0.5185521231820356,True,42
LH,USTRADE,Labor_Market,60,0.011900927742823232,1.0,0.3121191191531805,0.5184833834072263,True,43
LH,CPIAPPSL,Prices,10,0.01128381450274251,1.0,0.2959344279195148,0.5071540995436603,True,44
LH,GS5,Rates_FX,50,0.02674763614221587,0.05,0.7014956155138966,0.5060469308597276,True,45
LH,AWHMAN,Labor_Market,60,0.011114885624248791,1.0,0.29150402266923586,0.5040528158684651,True,46
LH,EXCAUS,Rates_FX,60,0.02588818825157492,0.05,0.6789553460171192,0.4902687422119834,True,47
LH,REALLN,Money_Credit,60,0.025880469117403274,0.05,0.6787529005094795,0.4901270303566356,True,48
LH,IPMAT,Output_Income,60,0.010339616710120791,1.0,0.2711714691226944,0.48982002838588606,True,49
LH,USTPU,Labor_Market,30,0.01020052139284504,1.0,0.26752349235612505,0.4872664446492875,True,50
LH,CUUR0000SAD,Prices,50,0.010078102295819657,1.0,0.26431287369203543,0.4850190115844248,True,51
LH,PAYEMS,Labor_Market,30,0.009967714475598894,1.0,0.2614177927406095,0.48299245491842663,True,52
LH,AWOTMAN,Labor_Market,50,0.009964418032946223,1.0,0.26133133874312925,0.48293193712019045,True,53
LH,CUSR0000SAC,Prices,30,0.009949636519013599,1.0,0.2609436720663709,0.4826605704464596,True,54
LH,EXUSUK,Rates_FX,60,0.025264644521412406,0.05,0.6626020058391505,0.47882140408740537,True,55
LH,CE16OV,Labor_Market,30,0.00930368132686988,1.0,0.24400255873964702,0.4708017911177529,True,56
LH,PPIFCG,Prices,50,0.009105352916680085,1.0,0.2388011080604074,0.4671607756422852,True,57
LH,INVEST,Money_Credit,30,0.02402656692205767,0.05,0.6301316221762535,0.45609213552337746,True,58
LH,M2REAL,Money_Credit,50,0.02373587694565008,0.05,0.6225078552444939,0.4507554986711457,True,59
LH,M2SL,Money_Credit,50,0.023723749649156457,0.05,0.6221897992759934,0.4505328594931954,True,60
LH,DNDGRG3M086SBEA,Prices,30,0.008188617556650351,1.0,0.21475839145441816,0.4503308740180927,True,61
LH,M1SL,Money_Credit,50,0.023701282233741135,0.05,0.6216005586671419,0.45012039106699936,True,62
LH,DTCTHFNM,Money_Credit,50,0.023555412135796212,0.05,0.6177749034354468,0.4474424324048128,True,63
LH,USCONS,Labor_Market,30,0.007997383854662813,1.0,0.2097430098046349,0.4468201068632444,True,64
LH,MZMSL,Money_Credit,50,0.023455009511869053,0.05,0.6151416987628353,0.4455991891339847,True,65
LH,HOUST,Housing,30,0.023201937859913122,0.05,0.60850452703992,0.44095316892794395,True,66
LH,GS1,Rates_FX,60,0.023148537435026276,0.05,0.6071040233196836,0.4399728163237785,True,67
LH,IPFUELS,Output_Income,60,0.007619955152431244,1.0,0.1998443937782763,0.4398910756447934,True,68
LH,ANDENO,Consumption_Orders_Inventories,60,0.023036674763446594,0.05,0.6041702622487767,0.43791918357414367,True,69
LH,HOUSTW,Housing,30,0.0230093251723355,0.05,0.6034529794897125,0.4374170856427988,True,70
LH,PPICMM,Prices,50,0.0073672941867833665,1.0,0.19321799290041503,0.43525259503029046,True,71
LH,PPIFGS,Prices,10,0.006970068829103247,1.0,0.18280018082528568,0.4279601265777,True,72
LH,NONREVSL,Money_Credit,50,0.022130226015413895,0.05,0.5803973269863067,0.4212781288904147,True,73
LH,SP500,Stock_Market,30,0.02198528854613634,0.05,0.5765961312962915,0.41861729190740404,True,74
LH,DPCERA3M086SBEA,Consumption_Orders_Inventories,30,0.021951531707080675,0.05,0.5757108091517382,0.41799756640621677,True,75
LH,FEDFUNDS,Rates_FX,60,0.021936532823969495,0.05,0.5753174416524888,0.41772220915674213,True,76
LH,RSAFS,Consumption_Orders_Inventories,30,0.021822093834184545,0.05,0.5723161128938969,0.4156212790257279,True,77
LH,NONBORRES,Money_Credit,50,0.02176740554258228,0.05,0.5708818329980977,0.41461728309866835,True,78
LH,TOTRESNS,Money_Credit,50,0.021725620291605054,0.05,0.5697859540876092,0.41385016786132645,True,79
LH,CPITRNSL,Prices,60,0.006147583940676744,1.0,0.16122931975966065,0.4128605238317624,True,80
LH,PERMITMW,Housing,10,0.021202718768633153,0.05,0.5560721020013912,0.40425047140097387,True,81
LH,CPF3M,Rates_FX,50,0.019584025115208487,0.05,0.5136195093797427,0.37453365656581983,True,82
LH,PERMITS,Housing,10,0.01952649829497729,0.05,0.5121107849469713,0.37347754946287987,True,83
LH,BUSLOANS,Money_Credit,60,0.019314449140392122,0.05,0.5065494878131229,0.369584641469186,True,84
LH,CMRMTSPL,Consumption_Orders_Inventories,10,0.01924724562478737,0.05,0.5047869779863406,0.36835088459043847,True,85
LH,UEMPMEAN,Labor_Market,10,0.0032382740021402396,1.0,0.08492844011544964,0.35944990808081473,True,86
LH,PERMIT,Housing,10,0.01704389187676198,0.05,0.4470008250176142,0.3279005775123299,True,87
LH,HOUSTS,Housing,30,0.016941439154791234,0.05,0.4443138535455255,0.3260196974818678,True,88
LH,PERMITW,Housing,10,0.01688851527289031,0.05,0.44292584785739375,0.3250480935001756,True,89
LH,BUSINV,Consumption_Orders_Inventories,50,0.015238568572449436,0.05,0.39965359867481576,0.294757519072371,True,90
LH,PERMITNE,Housing,30,0.014904435149988732,0.05,0.39089046425775625,0.28862332498042936,True,91
LH,HOUSTNE,Housing,10,0.013864196084530933,0.05,0.36360868355664994,0.26952607848965493,True,92
LH,HOUSTMW,Housing,30,0.013220599104133023,0.05,0.3467294177588569,0.2577105924311998,True,93
LH,TB6MS,Rates_FX,10,0.013143941124476909,0.05,0.34471895087733523,0.25630326561413463,True,94
LH,ACOGNO,Consumption_Orders_Inventories,50,0.012850850482526687,0.05,0.33703222300414826,0.25092255610290376,True,95
LH,DTCOLNVHFNM,Money_Credit,10,0.012459684774283906,0.05,0.3267733340386815,0.24374133382707702,True,96
LH,ISRATIO,Consumption_Orders_Inventories,50,0.011508839602121483,0.05,0.30183603805641157,0.22628522663948808,True,97
LH,EXSZUS,Rates_FX,10,0.0099101884723492,0.05,0.2599090897343649,0.1969363628140554,True,98
LH,TB3MS,Rates_FX,30,0.007842112411211547,0.05,0.2056707906292116,0.1589695534404481,True,99
LH,UMCSENT,Consumption_Orders_Inventories,60,0.007041749475497154,0.05,0.18468010991117467,0.14427607693782224,True,100
LH,EXJPUS,Rates_FX,60,0.00435552791071053,0.05,0.1142300469606553,0.0949610328724587,True,101
LH,AMDMUO,Consumption_Orders_Inventories,60,0.002938807026633979,0.05,0.07707448363152367,0.06895213854206655,True,102
LH,AMBSL,Money_Credit,50,0.00289440058642815,0.05,0.07590986022557701,0.06813690215790391,True,103
LNT,DTCTHFNM,Money_Credit,10,0.033043052538205775,1.0,0.9425277700990213,0.9597694390693148,True,1
LNT,EXCAUS,Rates_FX,10,0.025171650596356003,1.0,0.718002057432899,0.8026014402030293,True,2
LNT,AMBSL,Money_Credit,10,0.021917416862300938,1.0,0.6251775321807753,0.7376242725265427,True,3
LNT,M2SL,Money_Credit,10,0.021224258147140403,1.0,0.6054057106346405,0.7237839974442484,True,4
LNT,EXUSUK,Rates_FX,10,0.021223070036882008,1.0,0.6053718206993453,0.7237602744895417,True,5
LNT,NONBORRES,Money_Credit,10,0.020964811194681802,1.0,0.5980051849938255,0.7186036294956778,True,6
LNT,M2REAL,Money_Credit,10,0.02092913569210265,1.0,0.5969875686021737,0.7178912980215215,True,7
LNT,IPFINAL,Output_Income,60,0.03505790872849751,0.05,1.0,0.715,True,8
LNT,TOTRESNS,Money_Credit,10,0.020754564658120027,1.0,0.5920080635400043,0.714405644478003,True,9
LNT,M1SL,Money_Credit,10,0.020692026277264512,1.0,0.5902242041164478,0.7131569428815134,True,10
LNT,INVEST,Money_Credit,10,0.020560369228623223,1.0,0.5864687876236703,0.7105281513365691,True,11
LNT,MZMSL,Money_Credit,10,0.02040030056364895,1.0,0.5819029515319083,0.7073320660723358,True,12
LNT,FEDFUNDS,Rates_FX,60,0.018844996167612857,1.0,0.5375390846486611,0.6762773592540627,True,13
LNT,IPFPNSS,Output_Income,60,0.03283556531278335,0.05,0.9366093558824379,0.6706265491177065,True,14
LNT,ANDENO,Consumption_Orders_Inventories,60,0.03178947768062041,0.05,0.906770507243055,0.6497393550701385,True,15
LNT,HOUSTS,Housing,30,0.015330118350991835,1.0,0.4372798865361426,0.6060959205752998,True,16
LNT,REALLN,Money_Credit,10,0.015136707616269385,1.0,0.43176299343734714,0.6022340954061429,True,17
LNT,NONREVSL,Money_Credit,10,0.0143603914327462,1.0,0.40961916878610255,0.5867334181502717,True,18
LNT,CPF3M,Rates_FX,10,0.014338149511476677,1.0,0.40898473501420324,0.5862893145099423,True,19
LNT,PPICMM,Prices,10,0.02851954823674519,0.05,0.8134982738876981,0.5844487917213886,True,20
LNT,GS10,Rates_FX,10,0.01396752622857239,1.0,0.39841298968351213,0.5788890927784585,True,21
LNT,PERMITMW,Housing,10,0.013885855785818595,1.0,0.3960834028451675,0.5772583819916173,True,22
LNT,HOUSTMW,Housing,50,0.012865428296526168,1.0,0.3669764901312625,0.5568835430918837,True,23
LNT,TB3MS,Rates_FX,10,0.012819580080247833,1.0,0.36566870487135433,0.555968093409948,True,24
LNT,IPMANSICS,Output_Income,60,0.02681086731416927,0.05,0.7647594590368572,0.5503316213257999,True,25
LNT,IPBUSEQ,Output_Income,60,0.026157558701492153,0.05,0.7461243311478379,0.5372870318034866,True,26
LNT,HOUST,Housing,30,0.010867264458557969,1.0,0.3099803967977217,0.5169862777584051,True,27
LNT,DMANEMP,Labor_Market,60,0.024955634959604435,0.05,0.7118403768139985,0.5132882637697989,True,28
LNT,PERMITNE,Housing,30,0.010568453071836174,1.0,0.30145703081386027,0.5110199215697022,True,29
LNT,TB6MS,Rates_FX,10,0.010115206019836466,1.0,0.2885285057409634,0.5019699540186744,True,30
LNT,GS1,Rates_FX,10,0.009966226519300915,1.0,0.2842789795730078,0.4989952857011054,True,31
LNT,PPICRM,Prices,60,0.02419669827004795,0.05,0.6901922889193669,0.4981346022435568,True,32
LNT,PERMIT,Housing,30,0.009655664012717774,1.0,0.2754204218938187,0.4927942953256731,True,33
LNT,HOUSTNE,Housing,30,0.009628631661389215,1.0,0.27464934477287833,0.4922545413410148,True,34
LNT,PERMITW,Housing,30,0.009340075216825724,1.0,0.26641849316110117,0.48649294521277076,True,35
LNT,USGOOD,Labor_Market,60,0.02359084603188379,0.05,0.6729108177724106,0.4860375724406874,True,36
LNT,MANEMP,Labor_Market,60,0.023558239498476442,0.05,0.6719807413762436,0.48538651896337054,True,37
LNT,GS5,Rates_FX,10,0.00903020627988578,1.0,0.2575797190248658,0.480305803317406,True,38
LNT,DTCOLNVHFNM,Money_Credit,60,0.008652094079615138,1.0,0.2467943580611274,0.47275605064278914,True,39
LNT,PERMITS,Housing,10,0.008641046773035123,1.0,0.24647924210068692,0.47253546947048086,True,40
LNT,IPCONGD,Output_Income,50,0.02287656326484281,0.05,0.652536448822663,0.4717755141758641,True,41
LNT,HOUSTW,Housing,30,0.008516289078071601,1.0,0.2429206243882131,0.47004443707174914,True,42
LNT,CPIMEDSL,Prices,10,0.02174106368462872,0.05,0.620147192834582,0.4491030349842074,True,43
LNT,BAA,Rates_FX,10,0.007432469306511038,1.0,0.2120054953668531,0.4484038467567971,True,44
LNT,MCOILWTICO,Prices,10,0.02156581180660726,0.05,0.6151482672175784,0.4456037870523049,True,45
LNT,CES2000000008,Labor_Market,10,0.021556361995302024,0.05,0.6148787185865285,0.44541510301056997,True,46
LNT,UMCSENT,Consumption_Orders_Inventories,30,0.021515396215664662,0.05,0.6137102010929548,0.44459714076506834,True,47
LNT,AAA,Rates_FX,10,0.007199633985289398,1.0,0.2053640461285426,0.4437548322899798,True,48
LNT,EXJPUS,Rates_FX,60,0.007181930089744066,1.0,0.2048590560653178,0.44340133924572245,True,49
LNT,CUSR0000SAS,Prices,10,0.021339285947443592,0.05,0.6086867905528414,0.44108075338698893,True,50
LNT,IPNCONGD,Output_Income,50,0.021150844624792404,0.05,0.6033116461279255,0.43731815228954785,True,51
LNT,CES3000000008,Labor_Market,10,0.0210954989835254,0.05,0.6017329540931091,0.4362130678651764,True,52
LNT,CES0600000008,Labor_Market,10,0.021050114842767812,0.05,0.6004384062320526,0.4353068843624368,True,53
LNT,IPDCONGD,Output_Income,30,0.020534841162727704,0.05,0.5857406190927628,0.42501843336493395,True,54
LNT,DSERRG3M086SBEA,Prices,10,0.019911933693512476,0.05,0.5679726605405493,0.4125808623783845,True,55
LNT,NDMANEMP,Labor_Market,60,0.019903396645634976,0.05,0.567729147787304,0.4124104034511128,True,56
LNT,EXSZUS,Rates_FX,50,0.0051793777671154395,1.0,0.14773778456743145,0.403416449197202,True,57
LNT,BUSLOANS,Money_Credit,10,0.005015429682087716,1.0,0.14306129098940878,0.40014290369258615,True,58
LNT,DDURRG3M086SBEA,Prices,10,0.019054290293924758,0.05,0.5435090393294367,0.3954563275306057,True,59
LNT,DPCERA3M086SBEA,Consumption_Orders_Inventories,10,0.018998628657907038,0.05,0.541921333786337,0.3943449336504359,True,60
LNT,PPIITM,Prices,30,0.018986116397163282,0.05,0.5415644311302016,0.3940951017911411,True,61
LNT,IPFUELS,Output_Income,30,0.018559556954129156,0.05,0.5293971496663363,0.38557800476643544,True,62
LNT,IPNMAT,Output_Income,50,0.01854788209465078,0.05,0.5290641332400345,0.3853448932680242,True,63
LNT,PCEPI,Prices,10,0.018456608779953206,0.05,0.5264606318331357,0.383522442283195,True,64
LNT,UEMPMEAN,Labor_Market,10,0.018453058694110153,0.05,0.5263593683530308,0.38345155784712154,True,65
LNT,CPIAPPSL,Prices,10,0.01761243903263898,0.05,0.5023813362353345,0.36666693536473416,True,66
LNT,RSAFS,Consumption_Orders_Inventories,10,0.01756830608310559,0.05,0.5011224776458171,0.36578573435207196,True,67
LNT,CPIAUCSL,Prices,10,0.017203133519001552,0.05,0.49070620989487734,0.35849434692641413,True,68
LNT,CPIULFSL,Prices,10,0.01629705291418819,0.05,0.46486095449671844,0.3404026681477029,True,69
LNT,CUSR0000SA0L5,Prices,10,0.01574172875892343,0.05,0.4490207582213099,0.3293145307549169,True,70
LNT,SRVPRD,Labor_Market,30,0.015549704160078268,0.05,0.4435434035869454,0.32548038251086175,True,71
LNT,IPMAT,Output_Income,10,0.015075416728748877,0.05,0.4300147178058721,0.31601030246411044,True,72
LNT,CLF16OV,Labor_Market,30,0.014889159843169708,0.05,0.42470188277564774,0.3122913179429534,True,73
LNT,AWHMAN,Labor_Market,30,0.014167588619714558,0.05,0.40411961618800596,0.2978837313316042,True,74
LNT,IPB51222S,Output_Income,50,0.014143777560642406,0.05,0.40344042396189356,0.2974082967733255,True,75
LNT,CES0600000007,Labor_Market,30,0.013828368909097834,0.05,0.3944436337087378,0.29111054359611643,True,76
LNT,ISRATIO,Consumption_Orders_Inventories,50,0.01374540031812102,0.05,0.39207701818642143,0.289453912730495,True,77
LNT,CMRMTSPL,Consumption_Orders_Inventories,10,0.013683690731429197,0.05,0.3903167994817141,0.28822175963719987,True,78
LNT,RPI,Output_Income,10,0.013328494455173102,0.05,0.3801850977020421,0.2811295683914295,True,79
LNT,CUUR0000SA0L2,Prices,10,0.013115232836390867,0.05,0.3741019733367579,0.2768713813357305,True,80
LNT,W875RX1,Output_Income,10,0.012787702166798944,0.05,0.3647594118015433,0.27033158826108034,True,81
LNT,INDPRO,Output_Income,60,0.011692868157377544,0.05,0.3335301100796342,0.2484710770557439,True,82
LNT,AMDMUO,Consumption_Orders_Inventories,60,0.011115847826466685,0.05,0.31707104700831595,0.23694973290582116,True,83
LNT,USCONS,Labor_Market,10,0.010722647222265744,0.05,0.30585530087679275,0.22909871061375492,True,84
LNT,PAYEMS,Labor_Market,30,0.010596219958105715,0.05,0.30224905998150337,0.22657434198705234,True,85
LNT,DNDGRG3M086SBEA,Prices,30,0.01008328730332923,0.05,0.28761804879515906,0.21633263415661136,True,86
LNT,CUMFNS,Output_Income,60,0.009895594023841247,0.05,0.2822642417286408,0.21258496921004855,True,87
LNT,BUSINV,Consumption_Orders_Inventories,10,0.009845603096557817,0.05,0.280838288809698,0.2115868021667886,True,88
LNT,CUUR0000SAD,Prices,60,0.009830044380084153,0.05,0.28039448833676744,0.21127614183573717,True,89
LNT,UNRATE,Labor_Market,60,0.00982996680635868,0.05,0.2803922756056524,0.21127459292395667,True,90
LNT,AWOTMAN,Labor_Market,30,0.009058383203554975,0.05,0.2583834441953376,0.1958684109367363,True,91
LNT,CE16OV,Labor_Market,30,0.008381599931323716,0.05,0.23907871961885072,0.18235510373319547,True,92
LNT,ACOGNO,Consumption_Orders_Inventories,50,0.0083291670516174,0.05,0.23758311187703196,0.18130817831392237,True,93
LNT,CPITRNSL,Prices,60,0.008030958635860697,0.05,0.2290769451782095,0.17535386162474664,True,94
LNT,SP500,Stock_Market,10,0.007611823652932463,0.05,0.21712144075339673,0.1669850085273777,True,95
LNT,USTPU,Labor_Market,30,0.007238525353556432,0.05,0.20647339262631073,0.1595313748384175,True,96
LNT,IPDMAT,Output_Income,30,0.0068862308318524456,0.05,0.19642446117314571,0.15249712282120198,True,97
LNT,USGOVT,Labor_Market,60,0.005958004149466536,0.05,0.16994750587114898,0.13396325410980428,True,98
LNT,USTRADE,Labor_Market,60,0.005637892562342506,0.05,0.16081656798198102,0.1275715975873867,True,99
LNT,PPIFGS,Prices,60,0.0055547928512867575,0.05,0.15844621235982154,0.12591234865187506,True,100
LNT,USFIRE,Labor_Market,60,0.004827602549620257,0.05,0.13770366586915223,0.11139256610840655,True,101
LNT,CUSR0000SAC,Prices,30,0.004671599631904787,0.05,0.13325380210449878,0.10827766147314914,True,102
LNT,PPIFCG,Prices,10,0.004507372809987043,0.05,0.12856935777013806,0.10499855043909663,True,103
MHK,USGOVT,Labor_Market,50,0.04475302161205002,1.0,0.7981179994169474,0.8586825995918632,True,1
MHK,DMANEMP,Labor_Market,50,0.043728522339940915,1.0,0.7798472485266952,0.8458930739686865,True,2
MHK,MANEMP,Labor_Market,50,0.04232001360431619,1.0,0.7547281362579626,0.8283096953805738,True,3
MHK,NDMANEMP,Labor_Market,60,0.03857999655567036,1.0,0.6880292896297662,0.7816205027408363,True,4
MHK,USGOOD,Labor_Market,50,0.0354034712056008,1.0,0.6313796609304583,0.7419657626513207,True,5
MHK,UEMPMEAN,Labor_Market,10,0.03402156394989181,1.0,0.6067349550630615,0.724714468544143,True,6
MHK,GS5,Rates_FX,60,0.0560731892336016,0.05,1.0,0.715,True,7
MHK,PPIFGS,Prices,60,0.029974734386313595,1.0,0.5345644646934292,0.6741951252854004,True,8
MHK,MCOILWTICO,Prices,60,0.029913021872262663,1.0,0.5334638939055998,0.6734247257339199,True,9
MHK,CUSR0000SAC,Prices,10,0.02859133895646379,1.0,0.509893218974079,0.6569252532818552,True,10
MHK,UNRATE,Labor_Market,50,0.026928625839660315,1.0,0.4802406677365064,0.6361684674155544,True,11
MHK,GS10,Rates_FX,60,0.04943563352680676,0.05,0.8816269272799394,0.6321388490959575,True,12
MHK,PPIFCG,Prices,10,0.026117910324453385,1.0,0.46578250107454827,0.6260477507521838,True,13
MHK,RSAFS,Consumption_Orders_Inventories,10,0.024730568146195897,1.0,0.4410408696956409,0.6087286087869486,True,14
MHK,DPCERA3M086SBEA,Consumption_Orders_Inventories,10,0.024256648331438008,1.0,0.43258906195587543,0.6028123433691128,True,15
MHK,CPIMEDSL,Prices,10,0.023159850141196585,1.0,0.4130289440950534,0.5891202608665373,True,16
MHK,CES2000000008,Labor_Market,10,0.023052255675577584,1.0,0.4111101221573398,0.5877770855101379,True,17
MHK,DNDGRG3M086SBEA,Prices,10,0.022897957475356934,1.0,0.40835839352678444,0.585850875468749,True,18
MHK,CES0600000008,Labor_Market,10,0.022876789525140072,1.0,0.40798088779710895,0.5855866214579762,True,19
MHK,CUSR0000SAS,Prices,10,0.022781500822789187,1.0,0.40628152481003305,0.5843970673670231,True,20
MHK,CES3000000008,Labor_Market,10,0.02265943458208402,1.0,0.40410461562449274,0.5828732309371449,True,21
MHK,ANDENO,Consumption_Orders_Inventories,60,0.022597226601124627,1.0,0.4029952087616116,0.5820966461331281,True,22
MHK,FEDFUNDS,Rates_FX,60,0.04534356478784831,0.05,0.8086496489248446,0.5810547542473912,True,23
MHK,USCONS,Labor_Market,50,0.02235964818408058,1.0,0.3987582744924675,0.5791307921447272,True,24
MHK,DSERRG3M086SBEA,Prices,10,0.02183162053576615,1.0,0.3893415165813977,0.5725390616069783,True,25
MHK,CES0600000007,Labor_Market,30,0.021119203800846035,1.0,0.37663639413950883,0.5636454758976561,True,26
MHK,GS1,Rates_FX,60,0.04386030565699176,0.05,0.7821974504476495,0.5625382153133547,True,27
MHK,DDURRG3M086SBEA,Prices,10,0.02099210666378666,1.0,0.3743697647789086,0.562058835345236,True,28
MHK,PCEPI,Prices,10,0.02027325973085498,1.0,0.3615499672472049,0.5530849770730434,True,29
MHK,CMRMTSPL,Consumption_Orders_Inventories,10,0.019824189363811754,1.0,0.35354132045573394,0.5474789243190137,True,30
MHK,PPICRM,Prices,30,0.019359784263367763,1.0,0.34525919656031445,0.5416814375922201,True,31
MHK,CPIAUCSL,Prices,10,0.01900220664895376,1.0,0.33888221641523425,0.537217551490664,True,32
MHK,CPF3M,Rates_FX,60,0.04166519053109794,0.05,0.7430501296710669,0.5351350907697467,True,33
MHK,CPIULFSL,Prices,10,0.01875886954273601,1.0,0.33454258263403436,0.534179807843824,True,34
MHK,USTRADE,Labor_Market,60,0.018230495786011065,1.0,0.3251196522827085,0.5275837565978959,True,35
MHK,CUSR0000SA0L5,Prices,10,0.018123254176802592,1.0,0.32320712312796923,0.5262449861895784,True,36
MHK,IPFPNSS,Output_Income,60,0.04040288226903434,0.05,0.7205383325124496,0.5193768327587147,True,37
MHK,PPICMM,Prices,60,0.016978861034325107,1.0,0.3027982047461392,0.5119587433222974,True,38
MHK,IPMANSICS,Output_Income,60,0.03972720132989928,0.05,0.7084883501880955,0.5109418451316668,True,39
MHK,AWHMAN,Labor_Market,10,0.015883248755805913,1.0,0.2832592362391963,0.4982814653674374,True,40
MHK,AAA,Rates_FX,10,0.03848552141939077,0.05,0.6863444356456989,0.49544110495198923,True,41
MHK,USTPU,Labor_Market,60,0.015392511720013895,1.0,0.274507512955764,0.4921552590690348,True,42
MHK,CUUR0000SA0L2,Prices,10,0.015255503939424686,1.0,0.27206413881454233,0.4904448971701796,True,43
MHK,IPNMAT,Output_Income,60,0.03800336871116509,0.05,0.6777458038429486,0.489422062690064,True,44
MHK,CE16OV,Labor_Market,60,0.014852619807346047,1.0,0.2648791697128168,0.4854154187989717,True,45
MHK,TB6MS,Rates_FX,60,0.0375728147668859,0.05,0.6700673758782845,0.4840471631147991,True,46
MHK,CPIAPPSL,Prices,10,0.014672542262785197,1.0,0.26166769651105815,0.4831673875577407,True,47
MHK,PAYEMS,Labor_Market,60,0.013464906109943277,1.0,0.24013091272280435,0.46809163890596306,True,48
MHK,CLF16OV,Labor_Market,10,0.01289395324641526,1.0,0.22994863360988602,0.4609640435269202,True,49
MHK,IPFINAL,Output_Income,60,0.03550381255412964,0.05,0.6331691319753603,0.4582183923827522,True,50
MHK,ACOGNO,Consumption_Orders_Inventories,60,0.012520490900909823,1.0,0.22328836779283773,0.4563018574549864,True,51
MHK,IPCONGD,Output_Income,50,0.035200172173174574,0.05,0.627754059547607,0.4544278416833249,True,52
MHK,ISRATIO,Consumption_Orders_Inventories,60,0.01228230930033533,1.0,0.2190406764481877,0.4533284735137314,True,53
MHK,TB3MS,Rates_FX,60,0.03486403933528613,0.05,0.621759522006892,0.4502316654048244,True,54
MHK,BAA,Rates_FX,10,0.03477878026249438,0.05,0.6202390257776413,0.44916731804434895,True,55
MHK,EXSZUS,Rates_FX,10,0.03434263232001877,0.05,0.6124608353726224,0.4437225847608357,True,56
MHK,CPITRNSL,Prices,10,0.011164989901167252,1.0,0.19911458673509305,0.4393802107145651,True,57
MHK,USFIRE,Labor_Market,50,0.010235225662135687,1.0,0.18253332478549794,0.4277733273498485,True,58
MHK,BUSINV,Consumption_Orders_Inventories,10,0.009543549987336543,1.0,0.17019809498578714,0.419138666490051,True,59
MHK,AWOTMAN,Labor_Market,10,0.009449265040646209,1.0,0.16851663281145743,0.4179616429680202,True,60
MHK,SRVPRD,Labor_Market,10,0.009119438047561386,1.0,0.16263455266597543,0.4138441868661828,True,61
MHK,UMCSENT,Consumption_Orders_Inventories,10,0.008311375842862671,1.0,0.1482237047056014,0.40375659329392094,True,62
MHK,TOTRESNS,Money_Credit,60,0.029145270799221277,0.05,0.5197719480124756,0.3788403636087329,True,63
MHK,NONBORRES,Money_Credit,50,0.029038164459013336,0.05,0.5178618312227611,0.37750328185593274,True,64
MHK,INDPRO,Output_Income,60,0.029017072289223303,0.05,0.5174856769487075,0.37723997386409525,True,65
MHK,AMDMUO,Consumption_Orders_Inventories,10,0.004752477189625827,1.0,0.08475489364136127,0.3593284255489529,True,66
MHK,CUUR0000SAD,Prices,30,0.004443947393019683,1.0,0.07925262418205148,0.35547683692743604,True,67
MHK,PPIITM,Prices,30,0.004135939715854367,1.0,0.07375966611465581,0.35163176628025905,True,68
MHK,IPNCONGD,Output_Income,10,0.02681135544538008,0.05,0.47814928688439035,0.3497045008190732,True,69
MHK,HOUSTMW,Housing,10,0.026004697995566855,0.05,0.46376349109074144,0.339634443763519,True,70
MHK,CUMFNS,Output_Income,60,0.025916628109165295,0.05,0.4621928672755941,0.3385350070929159,True,71
MHK,MZMSL,Money_Credit,10,0.024672708211056698,0.05,0.44000900516412383,0.3230063036148867,True,72
MHK,INVEST,Money_Credit,10,0.023617771063004587,0.05,0.4211954302191135,0.3098368011533794,True,73
MHK,M2REAL,Money_Credit,10,0.023565739567028482,0.05,0.4202675091094484,0.3091872563766139,True,74
MHK,IPBUSEQ,Output_Income,60,0.023224737370945006,0.05,0.41418613223853673,0.3049302925669757,True,75
MHK,M1SL,Money_Credit,10,0.02299020234473228,0.05,0.410003473299063,0.3020024313093441,True,76
MHK,HOUSTW,Housing,10,0.022959530477966505,0.05,0.4094564762905997,0.3016195334034198,True,77
MHK,M2SL,Money_Credit,10,0.022941163646557215,0.05,0.4091289252513183,0.30139024767592276,True,78
MHK,PERMITMW,Housing,10,0.022691228611872987,0.05,0.4046716251030604,0.29827013757214227,True,79
MHK,DTCOLNVHFNM,Money_Credit,10,0.020560809070371354,0.05,0.3666780746983156,0.27167465228882093,True,80
MHK,EXJPUS,Rates_FX,60,0.01895860682685008,0.05,0.3381046643854747,0.2516732650698323,True,81
MHK,PERMITW,Housing,30,0.018770784879048406,0.05,0.33475507877479704,0.2493285551423579,True,82
MHK,HOUST,Housing,30,0.018177854925665638,0.05,0.32418086386947725,0.24192660470863409,True,83
MHK,AMBSL,Money_Credit,10,0.018143276587849016,0.05,0.3235641995011894,0.24149493965083257,True,84
MHK,RPI,Output_Income,50,0.01811073568824735,0.05,0.3229838704696785,0.24108870932877496,True,85
MHK,NONREVSL,Money_Credit,10,0.017738804019124366,0.05,0.31635090248254455,0.23644563173778116,True,86
MHK,DTCTHFNM,Money_Credit,50,0.016979046578666033,0.05,0.3028015137132849,0.2269610595992994,True,87
MHK,IPDCONGD,Output_Income,30,0.016721341800331864,0.05,0.29820564923943504,0.22374395446760453,True,88
MHK,W875RX1,Output_Income,10,0.01652954267882321,0.05,0.29478513536943535,0.22134959475860472,True,89
MHK,PERMIT,Housing,30,0.016383210778647902,0.05,0.2921754764187791,0.2195228334931454,True,90
MHK,EXUSUK,Rates_FX,60,0.014911089754134068,0.05,0.2659219130913757,0.201145339163963,True,91
MHK,HOUSTS,Housing,30,0.013783053166747081,0.05,0.24580469481282244,0.18706328636897568,True,92
MHK,IPB51222S,Output_Income,30,0.013752367616691541,0.05,0.24525745377882838,0.18668021764517984,True,93
MHK,IPDMAT,Output_Income,60,0.01331816989389271,0.05,0.23751404326957487,0.1812598302887024,True,94
MHK,HOUSTNE,Housing,60,0.01322277388836873,0.05,0.23581276665542403,0.1800689366587968,True,95
MHK,PERMITNE,Housing,50,0.013179821103749493,0.05,0.23504675378534642,0.17953272764974249,True,96
MHK,EXCAUS,Rates_FX,60,0.01262296135822684,0.05,0.22511580901238606,0.17258106630867026,True,97
MHK,IPMAT,Output_Income,60,0.011571440762366473,0.05,0.2063631642951448,0.15945421500660134,True,98
MHK,PERMITS,Housing,10,0.010821421861745213,0.05,0.19298745103766143,0.15009121572636297,True,99
MHK,BUSLOANS,Money_Credit,60,0.006454480051718486,0.05,0.11510813171030886,0.09557569219721619,True,100
MHK,IPFUELS,Output_Income,60,0.006150311601105812,0.05,0.10968364177545775,0.09177854924282042,True,101
MHK,REALLN,Money_Credit,50,0.004231167501706908,0.05,0.07545794272695658,0.0678205599088696,True,102
MHK,SP500,Stock_Market,60,0.004142629710222804,0.05,0.07387897436981082,0.06671528205886756,True,103
NDSN,PPIITM,Prices,30,0.040449615187363286,1.0,0.936727936177675,0.9557095553243724,True,1
NDSN,IPMANSICS,Output_Income,60,0.039532676790662906,1.0,0.915493573181521,0.9408455012270647,True,2
NDSN,IPFINAL,Output_Income,60,0.0361912648702456,1.0,0.8381135071998349,0.8866794550398844,True,3
NDSN,IPFPNSS,Output_Income,60,0.03475088332520853,1.0,0.8047573028023083,0.8633301119616157,True,4
NDSN,PPIFCG,Prices,30,0.03369693105655638,1.0,0.7803499869633004,0.8462449908743102,True,5
NDSN,IPBUSEQ,Output_Income,60,0.033055055961706006,1.0,0.765485510994914,0.8358398576964399,True,6
NDSN,INDPRO,Output_Income,60,0.03274481379375003,1.0,0.7583009554840997,0.8308106688388697,True,7
NDSN,CES0600000007,Labor_Market,60,0.030994561040854008,1.0,0.7177687862306878,0.8024381503614815,True,8
NDSN,AWOTMAN,Labor_Market,50,0.030888804093530713,1.0,0.7153196779624453,0.8007237745737117,True,9
NDSN,IPDMAT,Output_Income,50,0.0307678355757888,1.0,0.7125183017455894,0.7987628112219125,True,10
NDSN,MCOILWTICO,Prices,60,0.029449602672053498,1.0,0.6819908027422554,0.7773935619195788,True,11
NDSN,AWHMAN,Labor_Market,50,0.028773748607843392,1.0,0.6663394453735305,0.7664376117614713,True,12
NDSN,PPIFGS,Prices,30,0.02819165553380963,1.0,0.6528593951585335,0.7570015766109734,True,13
NDSN,CPITRNSL,Prices,50,0.027329423689596913,1.0,0.632891920753774,0.7430243445276418,True,14
NDSN,IPMAT,Output_Income,60,0.027251701005180495,1.0,0.6310920269987815,0.741764418899147,True,15
NDSN,PPICRM,Prices,30,0.027231929509591128,1.0,0.6306341607824335,0.7414439125477035,True,16
NDSN,IPDCONGD,Output_Income,50,0.027195512647533764,1.0,0.6297908229192907,0.7408535760435034,True,17
NDSN,IPCONGD,Output_Income,50,0.025613717953441084,1.0,0.5931597876822204,0.7152118513775543,True,18
NDSN,ANDENO,Consumption_Orders_Inventories,60,0.04318181792721826,0.05,1.0,0.715,True,19
NDSN,CUMFNS,Output_Income,50,0.02510929781555207,1.0,0.5814784791569704,0.7070349354098793,True,20
NDSN,CUSR0000SAC,Prices,30,0.02443051037739505,1.0,0.5657591910227584,0.6960314337159308,True,21
NDSN,DNDGRG3M086SBEA,Prices,30,0.023013683415862844,1.0,0.5329484611938238,0.6730639228356766,True,22
NDSN,IPNMAT,Output_Income,60,0.020817871637797237,1.0,0.4820980828756486,0.637468658012954,True,23
NDSN,CPIAPPSL,Prices,30,0.018736258055530124,1.0,0.43389229437050475,0.6037246060593533,True,24
NDSN,DMANEMP,Labor_Market,50,0.018197706971844498,1.0,0.4214205849905676,0.5949944094933973,True,25
NDSN,IPB51222S,Output_Income,50,0.017639403949450034,1.0,0.40849146229046573,0.585944023603326,True,26
NDSN,USTRADE,Labor_Market,50,0.01654263434869403,1.0,0.3830925871758381,0.5681648110230866,True,27
NDSN,UNRATE,Labor_Market,60,0.01573594311067251,1.0,0.3644113162904582,0.5550879214033206,True,28
NDSN,HOUSTNE,Housing,50,0.03305196741553943,0.05,0.7654139867674769,0.5507897907372338,True,29
NDSN,SRVPRD,Labor_Market,50,0.014990668581015939,1.0,0.34715232708086285,0.543006628956604,True,30
NDSN,USGOVT,Labor_Market,30,0.014354031238719549,1.0,0.33240914643549435,0.532686402504846,True,31
NDSN,UEMPMEAN,Labor_Market,30,0.013928181094219009,1.0,0.3225473535573367,0.5257831474901357,True,32
NDSN,PPICMM,Prices,60,0.013855518591301878,1.0,0.32086464295354505,0.5246052500674815,True,33
NDSN,CE16OV,Labor_Market,50,0.013653422771959427,1.0,0.3161845292148628,0.521329170450404,True,34
NDSN,PAYEMS,Labor_Market,50,0.013460918642026573,1.0,0.31172653881118606,0.5182085771678302,True,35
NDSN,MANEMP,Labor_Market,50,0.013377274034276583,1.0,0.30978950577818665,0.5168526540447307,True,36
NDSN,CUUR0000SA0L2,Prices,30,0.013227886066746191,1.0,0.30632999493076973,0.5144309964515388,True,37
NDSN,ACOGNO,Consumption_Orders_Inventories,60,0.030504588407994058,0.05,0.7064220515080835,0.5094954360556584,True,38
NDSN,USTPU,Labor_Market,50,0.012353112151454277,1.0,0.2860720725624637,0.5002504507937245,True,39
NDSN,AMBSL,Money_Credit,30,0.02699310369269774,0.05,0.6251034576217671,0.452572420335237,True,40
NDSN,IPFUELS,Output_Income,50,0.009317060186421696,1.0,0.21576350032611732,0.45103445022828215,True,41
NDSN,EXSZUS,Rates_FX,50,0.026784219260005005,0.05,0.6202661338887829,0.449186293722148,True,42
NDSN,CUSR0000SA0L5,Prices,30,0.00863014373678315,1.0,0.19985596139859177,0.4398991729790142,True,43
NDSN,CPIULFSL,Prices,30,0.008470817973468204,1.0,0.19616631212112307,0.4373164184847861,True,44
NDSN,USGOOD,Labor_Market,50,0.008367843676820272,1.0,0.19378164418468988,0.43564715092928286,True,45
NDSN,CUUR0000SAD,Prices,60,0.007820405495599812,1.0,0.18110412833431158,0.42677288983401807,True,46
NDSN,IPNCONGD,Output_Income,30,0.007772173533237023,1.0,0.17998717762037725,0.42599102433426406,True,47
NDSN,CPIAUCSL,Prices,30,0.007342185450240996,1.0,0.1700295587975486,0.419020691158284,True,48
NDSN,PERMITNE,Housing,60,0.02489423984796534,0.05,0.5764981893519139,0.41854873254633973,True,49
NDSN,PCEPI,Prices,30,0.006209318321567512,1.0,0.14379474092621908,0.4006563186483533,True,50
NDSN,NDMANEMP,Labor_Market,30,0.006080236479697321,1.0,0.1408054772021268,0.39856383404148876,True,51
NDSN,ISRATIO,Consumption_Orders_Inventories,60,0.023598875682948134,0.05,0.5465002821957005,0.39755019753699034,True,52
NDSN,USCONS,Labor_Market,30,0.0059351179787207956,1.0,0.13744483821232978,0.3962113867486308,True,53
NDSN,DTCTHFNM,Money_Credit,50,0.023336774315336057,0.05,0.5404305662783706,0.3933013963948594,True,54
NDSN,CLF16OV,Labor_Market,50,0.005141804180162358,1.0,0.11907336066371094,0.3833513524645976,True,55
NDSN,DSERRG3M086SBEA,Prices,30,0.00508960760607122,1.0,0.1178645978881577,0.3825052185217104,True,56
NDSN,DDURRG3M086SBEA,Prices,30,0.004510770883060858,1.0,0.10445995790783139,0.37312197053548196,True,57
NDSN,TB3MS,Rates_FX,50,0.02191676709855214,0.05,0.5075461884326462,0.3702823319028523,True,58
NDSN,TOTRESNS,Money_Credit,30,0.02140391650571561,0.05,0.49566964831798677,0.36196875382259075,True,59
NDSN,DTCOLNVHFNM,Money_Credit,30,0.02137103964417337,0.05,0.49490828941462484,0.3614358025902374,True,60
NDSN,CUSR0000SAS,Prices,30,0.003757740532287854,1.0,0.08702136020816492,0.36091495214571545,True,61
NDSN,NONBORRES,Money_Credit,30,0.02124967982377531,0.05,0.49209785145199414,0.3594684960163959,True,62
NDSN,CPIMEDSL,Prices,30,0.0034984846528692587,1.0,0.08101753980728316,0.3567122778650982,True,63
NDSN,CES0600000008,Labor_Market,30,0.0031570896591737213,1.0,0.07311155043298333,0.3511780853030883,True,64
NDSN,RPI,Output_Income,30,0.0031500890084485175,1.0,0.0729494300994438,0.3510646010696106,True,65
NDSN,W875RX1,Output_Income,50,0.003128743111781545,1.0,0.072455104068452,0.3507185728479164,True,66
NDSN,CES3000000008,Labor_Market,30,0.003071014955784139,1.0,0.07111824150062993,0.3497827690504409,True,67
NDSN,AMDMUO,Consumption_Orders_Inventories,50,0.020562817129935754,0.05,0.4761915573956105,0.34833409017692735,True,68
NDSN,USFIRE,Labor_Market,30,0.0027334131066738473,1.0,0.06330009336987476,0.3443100653589123,True,69
NDSN,CES2000000008,Labor_Market,30,0.0026987277564265015,1.0,0.06249685367520032,0.3437477975726402,True,70
NDSN,EXUSUK,Rates_FX,50,0.019628532487007477,0.05,0.4545554918528631,0.3331888442970042,True,71
NDSN,UMCSENT,Consumption_Orders_Inventories,50,0.019066734078031312,0.05,0.44154542335776037,0.32408179635043227,True,72
NDSN,REALLN,Money_Credit,60,0.018341423226159066,0.05,0.4247487508995805,0.31232412562970635,True,73
NDSN,HOUSTMW,Housing,60,0.017887909416843838,0.05,0.41424632577983184,0.30497242804588226,True,74
NDSN,HOUSTW,Housing,50,0.01700053269795023,0.05,0.3936965490106079,0.29058758430742554,True,75
NDSN,GS5,Rates_FX,10,0.01693980740073207,0.05,0.39229027896147495,0.28960319527303247,True,76
NDSN,GS10,Rates_FX,60,0.016712040105058033,0.05,0.3870156678726613,0.28591096751086287,True,77
NDSN,HOUST,Housing,50,0.016655443716647636,0.05,0.3857050146596403,0.2849935102617482,True,78
NDSN,EXCAUS,Rates_FX,60,0.016585705742694617,0.05,0.3840900299901537,0.28386302099310756,True,79
NDSN,FEDFUNDS,Rates_FX,30,0.01646736734747275,0.05,0.38134956187412106,0.2819446933118847,True,80
NDSN,PERMITMW,Housing,50,0.015947417499559167,0.05,0.3693086179567079,0.27351603256969553,True,81
NDSN,EXJPUS,Rates_FX,60,0.013745478241938095,0.05,0.31831634011114845,0.23782143807780393,True,82
NDSN,TB6MS,Rates_FX,30,0.013479601948971619,0.05,0.31215920486930654,0.23351144340851454,True,83
NDSN,CMRMTSPL,Consumption_Orders_Inventories,50,0.013388453639279456,0.05,0.3100484018955691,0.23203388132689834,True,84
NDSN,CPF3M,Rates_FX,30,0.012583553606304481,0.05,0.2914086115483537,0.21898602808384754,True,85
NDSN,AAA,Rates_FX,10,0.01238700482211434,0.05,0.28685695546658757,0.21579986882661129,True,86
NDSN,RSAFS,Consumption_Orders_Inventories,50,0.012015821179942798,0.05,0.2782611237024603,0.20978278659172223,True,87
NDSN,PERMIT,Housing,50,0.01157027245788573,0.05,0.26794315323609347,0.2025602072652654,True,88
NDSN,PERMITW,Housing,50,0.01125047583964773,0.05,0.26053733677007507,0.19737613573905255,True,89
NDSN,DPCERA3M086SBEA,Consumption_Orders_Inventories,50,0.010117202596791858,0.05,0.23429311414920323,0.17900517990444226,True,90
NDSN,SP500,Stock_Market,50,0.008386590036014706,0.05,0.19421577040017324,0.15095103928012127,True,91
NDSN,GS1,Rates_FX,30,0.00805087204132994,0.05,0.18644124837216114,0.1455088738605128,True,92
NDSN,BAA,Rates_FX,10,0.0075504450590637,0.05,0.17485241292503625,0.1373966890475254,True,93
NDSN,PERMITS,Housing,30,0.006722280923774107,0.05,0.15567387494209536,0.12397171245946675,True,94
NDSN,NONREVSL,Money_Credit,30,0.0066637158042264204,0.05,0.15431763006036306,0.12302234104225414,True,95
NDSN,HOUSTS,Housing,50,0.005850534252885736,0.05,0.1354860571814426,0.10984024002700982,True,96
NDSN,BUSINV,Consumption_Orders_Inventories,10,0.005381272826390132,0.05,0.1246189503985246,0.10223326527896721,True,97
NDSN,M1SL,Money_Credit,30,0.0036382676269172197,0.05,0.08425461922537439,0.07397823345776207,True,98
NDSN,M2SL,Money_Credit,30,0.0034737919295946555,0.05,0.0804457083175524,0.07131199582228667,True,99
NDSN,BUSLOANS,Money_Credit,60,0.0034336017523536226,0.05,0.07951498841806202,0.07066049189264341,True,100
NDSN,MZMSL,Money_Credit,30,0.0026558931693771463,0.05,0.061504894811366666,0.05805342636795666,True,101
NDSN,INVEST,Money_Credit,10,0.0020164052525384647,0.05,0.046695700860419055,0.04768699060229334,True,102
NDSN,M2REAL,Money_Credit,60,0.001870265077468963,0.05,0.04331140204938204,0.045317981434567424,True,103
NTRS,BAA,Rates_FX,10,0.03792103057205014,1.0,1.0,1.0,True,1
NTRS,GS10,Rates_FX,50,0.037495670551330254,1.0,0.9887830047257894,0.9921481033080526,True,2
NTRS,AAA,Rates_FX,30,0.03595221215226734,1.0,0.9480810940503837,0.9636567658352686,True,3
NTRS,GS5,Rates_FX,50,0.03270968965181879,1.0,0.8625738583151168,0.9038017008205816,True,4
NTRS,TOTRESNS,Money_Credit,50,0.02632167043573801,1.0,0.6941180141643754,0.7858826099150626,True,5
NTRS,NONBORRES,Money_Credit,50,0.025852874605456717,1.0,0.6817555909071652,0.7772289136350157,True,6
NTRS,EXSZUS,Rates_FX,10,0.02469601647767938,1.0,0.6512485579936134,0.7558739905955293,True,7
NTRS,AMBSL,Money_Credit,10,0.024468177964282658,1.0,0.6452403216677617,0.7516682251674331,True,8
NTRS,INVEST,Money_Credit,10,0.024068009441219455,1.0,0.6346876410832275,0.7442813487582591,True,9
NTRS,MZMSL,Money_Credit,50,0.023985546214047585,1.0,0.632513037019786,0.7427591259138502,True,10
NTRS,M2REAL,Money_Credit,50,0.023777748253326195,1.0,0.6270332819185481,0.7389232973429836,True,11
NTRS,M1SL,Money_Credit,50,0.023319066895433335,1.0,0.6149375832792043,0.730456308295443,True,12
NTRS,NONREVSL,Money_Credit,50,0.023109413820179052,1.0,0.6094089077107505,0.7265862353975253,True,13
NTRS,M2SL,Money_Credit,50,0.02309714108860527,1.0,0.6090852685219246,0.7263596879653471,True,14
NTRS,GS1,Rates_FX,50,0.020976502353626206,1.0,0.5531627710847877,0.6872139397593513,True,15
NTRS,DTCOLNVHFNM,Money_Credit,10,0.020939495590928506,1.0,0.5521868808692677,0.6865308166084874,True,16
NTRS,CPF3M,Rates_FX,50,0.02059284015417861,1.0,0.5430453720146692,0.6801317604102683,True,17
NTRS,HOUSTMW,Housing,10,0.03389759608588328,0.05,0.8938996534252329,0.640729757397663,True,18
NTRS,BUSLOANS,Money_Credit,50,0.018363068809707093,1.0,0.4842449831319108,0.6389714881923375,True,19
NTRS,FEDFUNDS,Rates_FX,60,0.017227471647172476,1.0,0.45429861444404046,0.6180090301108283,True,20
NTRS,HOUSTW,Housing,10,0.032275218187588356,0.05,0.8511165888876698,0.6107816122213688,True,21
NTRS,CES0600000007,Labor_Market,30,0.03221096092968963,0.05,0.8494220869996835,0.6095954608997785,True,22
NTRS,PPIFGS,Prices,60,0.032190339612923245,0.05,0.8488782906825659,0.6092148034777961,True,23
NTRS,TB6MS,Rates_FX,50,0.016471599294060942,1.0,0.43436581352304826,0.6040560694661338,True,24
NTRS,PERMITW,Housing,10,0.03187390180312667,0.05,0.8405336385192936,0.6033735469635055,True,25
NTRS,EXCAUS,Rates_FX,60,0.015937097752489325,1.0,0.4202706918054024,0.5941894842637816,True,26
NTRS,EXUSUK,Rates_FX,50,0.015555050438157728,1.0,0.41019587821072157,0.5871371147475051,True,27
NTRS,IPB51222S,Output_Income,50,0.030301565658507213,0.05,0.7990702046173058,0.5743491432321141,True,28
NTRS,USGOVT,Labor_Market,60,0.03020441260417866,0.05,0.7965082211252179,0.5725557547876525,True,29
NTRS,PERMITMW,Housing,30,0.03011087578346264,0.05,0.7940415998518773,0.570829119896314,True,30
NTRS,RSAFS,Consumption_Orders_Inventories,10,0.030019762232271787,0.05,0.7916388816288654,0.5691472171402058,True,31
NTRS,DPCERA3M086SBEA,Consumption_Orders_Inventories,10,0.02999242456700805,0.05,0.7909179712302993,0.5686425798612095,True,32
NTRS,TB3MS,Rates_FX,30,0.013972812603087898,1.0,0.3684713308763982,0.5579299316134787,True,33
NTRS,PERMIT,Housing,10,0.0292794580582132,0.05,0.7721166227954193,0.5554816359567935,True,34
NTRS,SRVPRD,Labor_Market,10,0.02910349326449748,0.05,0.7674763271320041,0.5522334289924028,True,35
NTRS,CMRMTSPL,Consumption_Orders_Inventories,10,0.02909494387116627,0.05,0.7672508745743536,0.5520756122020475,True,36
NTRS,HOUST,Housing,10,0.02897522989743788,0.05,0.7640939462967602,0.5498657624077321,True,37
NTRS,CE16OV,Labor_Market,10,0.02736992107067831,0.05,0.7217610032690258,0.5202327022883181,True,38
NTRS,CUSR0000SAC,Prices,10,0.027020685505261825,0.05,0.7125514548957839,0.5137860184270486,True,39
NTRS,DNDGRG3M086SBEA,Prices,10,0.026745493301098003,0.05,0.7052944737427808,0.5087061316199465,True,40
NTRS,UMCSENT,Consumption_Orders_Inventories,10,0.026665996829462052,0.05,0.7031981047771508,0.5072386733440055,True,41
NTRS,CPIAPPSL,Prices,10,0.026186845308530087,0.05,0.6905625958338595,0.4983938170837016,True,42
NTRS,USTPU,Labor_Market,10,0.026122027394436788,0.05,0.6888533091104898,0.4971973163773428,True,43
NTRS,PAYEMS,Labor_Market,10,0.02596838902397688,0.05,0.6848017744305978,0.4943612421014184,True,44
NTRS,AWHMAN,Labor_Market,30,0.025909029633224175,0.05,0.6832364321955041,0.49326550253685286,True,45
NTRS,CLF16OV,Labor_Market,10,0.02589402434000377,0.05,0.6828407337402131,0.49298851361814916,True,46
NTRS,IPNCONGD,Output_Income,10,0.025542348001249784,0.05,0.6735668207307606,0.4864967745115324,True,47
NTRS,EXJPUS,Rates_FX,10,0.00991369847104511,1.0,0.26143009094146413,0.48300106365902484,True,48
NTRS,RPI,Output_Income,50,0.02523904396265965,0.05,0.6655685138805852,0.48089795971640964,True,49
NTRS,W875RX1,Output_Income,10,0.024766761079738204,0.05,0.6531141349832579,0.4721798944882805,True,50
NTRS,AWOTMAN,Labor_Market,30,0.024406480274320404,0.05,0.6436133170998076,0.4655293219698653,True,51
NTRS,PERMITS,Housing,10,0.02438656276522343,0.05,0.6430880806071144,0.4651616564249801,True,52
NTRS,PERMITNE,Housing,30,0.024365644922596262,0.05,0.6425364647277035,0.4647755253093925,True,53
NTRS,USTRADE,Labor_Market,10,0.02412886433967503,0.05,0.6362924207407833,0.46040469451854826,True,54
NTRS,ANDENO,Consumption_Orders_Inventories,10,0.02399482723419828,0.05,0.6327577830092985,0.45793044810650896,True,55
NTRS,CPIULFSL,Prices,10,0.023892655104780888,0.05,0.6300634435391921,0.45604441047743444,True,56
NTRS,IPDCONGD,Output_Income,10,0.023691383051495193,0.05,0.6247557804759934,0.45232904633319543,True,57
NTRS,CUSR0000SA0L5,Prices,10,0.023690578386703902,0.05,0.6247345609896253,0.4523141926927377,True,58
NTRS,PPIFCG,Prices,60,0.0233245206636489,0.05,0.6150814023720216,0.4455569816604151,True,59
NTRS,IPMAT,Output_Income,10,0.023216224954651598,0.05,0.6122255804873409,0.4435579063411386,True,60
NTRS,CES0600000008,Labor_Market,50,0.023102955559674627,0.05,0.6092385995622904,0.4414670196936033,True,61
NTRS,HOUSTS,Housing,10,0.02308973056489115,0.05,0.6088898486295238,0.4412228940406666,True,62
NTRS,CPIMEDSL,Prices,50,0.022999839309033262,0.05,0.6065193630572212,0.4395635541400548,True,63
NTRS,CPIAUCSL,Prices,10,0.022947840298199518,0.05,0.6051481183929986,0.43860368287509904,True,64
NTRS,CES3000000008,Labor_Market,50,0.022933350376917377,0.05,0.6047660106004742,0.4383362074203319,True,65
NTRS,CES2000000008,Labor_Market,50,0.02279589571978629,0.05,0.6011412500109663,0.4357988750076764,True,66
NTRS,DSERRG3M086SBEA,Prices,50,0.022780729652393753,0.05,0.6007413118456857,0.43551891829198,True,67
NTRS,CUSR0000SAS,Prices,50,0.022720004106294576,0.05,0.599139943286258,0.4343979603003806,True,68
NTRS,CPITRNSL,Prices,10,0.022650388319850633,0.05,0.5973041338318795,0.43311289368231565,True,69
NTRS,PCEPI,Prices,60,0.02259674040955098,0.05,0.5958894067136985,0.4321225846995889,True,70
NTRS,DTCTHFNM,Money_Credit,10,0.006821234800740858,1.0,0.17987999529127985,0.4259159967038959,True,71
NTRS,DDURRG3M086SBEA,Prices,50,0.02216896998926404,0.05,0.5846088477775647,0.4242261934442953,True,72
NTRS,REALLN,Money_Credit,10,0.0061424407266880195,1.0,0.16197979416770736,0.41338585591739513,True,73
NTRS,BUSINV,Consumption_Orders_Inventories,10,0.021453446993706923,0.05,0.5657400832750384,0.4110180582925269,True,74
NTRS,CUUR0000SA0L2,Prices,50,0.02130500573637283,0.05,0.5618255995414791,0.4082779196790354,True,75
NTRS,AMDMUO,Consumption_Orders_Inventories,10,0.021036113327872127,0.05,0.554734747725366,0.4033143234077562,True,76
NTRS,UNRATE,Labor_Market,10,0.021030171629811682,0.05,0.5545780616340122,0.40320464314380855,True,77
NTRS,ACOGNO,Consumption_Orders_Inventories,10,0.02089154333835422,0.05,0.5509223516133136,0.4006456461293195,True,78
NTRS,HOUSTNE,Housing,30,0.02019657066499469,0.05,0.5325955112591444,0.3878168578814011,True,79
NTRS,IPDMAT,Output_Income,10,0.019929294458353033,0.05,0.5255472796417618,0.3828830957492333,True,80
NTRS,IPFUELS,Output_Income,30,0.019336680865659747,0.05,0.5099197087726812,0.37194379614087686,True,81
NTRS,IPBUSEQ,Output_Income,10,0.018582627110857466,0.05,0.4900348653644944,0.3580244057551461,True,82
NTRS,CUMFNS,Output_Income,10,0.017747946717331275,0.05,0.4680238498162673,0.34261669487138713,True,83
NTRS,INDPRO,Output_Income,10,0.01728670711718872,0.05,0.4558606888160356,0.3341024821712249,True,84
NTRS,SP500,Stock_Market,30,0.01706095101902672,0.05,0.4499073670113166,0.32993515690792163,True,85
NTRS,USFIRE,Labor_Market,10,0.01577214657364825,0.05,0.41592083167890437,0.30614458217523305,True,86
NTRS,UEMPMEAN,Labor_Market,60,0.01484568313715647,0.05,0.39148944301367555,0.2890426101095729,True,87
NTRS,IPMANSICS,Output_Income,10,0.014311147879868251,0.05,0.37739343219264576,0.279175402534852,True,88
NTRS,MCOILWTICO,Prices,60,0.014288027269485635,0.05,0.3767837280249627,0.2787486096174739,True,89
NTRS,ISRATIO,Consumption_Orders_Inventories,50,0.013426825072289369,0.05,0.3540733168308371,0.26285132178158593,True,90
NTRS,IPFINAL,Output_Income,10,0.013066058002986247,0.05,0.3445596758811888,0.25619177311683217,True,91
NTRS,PPICRM,Prices,60,0.012590078256392597,0.05,0.3320078085027618,0.24740546595193325,True,92
NTRS,IPNMAT,Output_Income,50,0.01204995321820819,0.05,0.3177643918540985,0.23743507429786892,True,93
NTRS,USCONS,Labor_Market,10,0.010791655103808227,0.05,0.2845823265088756,0.2142076285562129,True,94
NTRS,PPIITM,Prices,60,0.010717606018099311,0.05,0.28262960833134027,0.2128407258319382,True,95
NTRS,USGOOD,Labor_Market,10,0.010712801193747014,0.05,0.282502902271937,0.21275203159035588,True,96
NTRS,IPFPNSS,Output_Income,10,0.009900410617108302,0.05,0.26107968237565365,0.19775577766295754,True,97
NTRS,NDMANEMP,Labor_Market,50,0.009535166313300739,0.05,0.25144797410460346,0.19101358187322243,True,98
NTRS,DMANEMP,Labor_Market,50,0.00946040952167246,0.05,0.2494765933034873,0.1896336153124411,True,99
NTRS,MANEMP,Labor_Market,10,0.00922959889988129,0.05,0.2433899807217794,0.18537298650524558,True,100
NTRS,CUUR0000SAD,Prices,60,0.00890082028293984,0.05,0.23471989417661632,0.17930392592363142,True,101
NTRS,IPCONGD,Output_Income,30,0.008639066672679944,0.05,0.22781729669149356,0.17447210768404547,True,102
NTRS,PPICMM,Prices,60,0.005203050430578673,0.05,0.137207516570333,0.1110452615992331,True,103
NVR,RSAFS,Consumption_Orders_Inventories,30,0.03367076239701776,1.0,0.9861924961411008,0.9903347472987705,True,1
NVR,DPCERA3M086SBEA,Consumption_Orders_Inventories,30,0.03215497135380323,1.0,0.9417960629712816,0.959257244079897,True,2
NVR,CMRMTSPL,Consumption_Orders_Inventories,30,0.03210521418492185,1.0,0.9403387111595986,0.958237097811719,True,3
NVR,CLF16OV,Labor_Market,30,0.030652045693224002,1.0,0.897776447637225,0.9284435133460573,True,4
NVR,SRVPRD,Labor_Market,10,0.030055554728140473,1.0,0.8803056548216325,0.9162139583751427,True,5
NVR,USTPU,Labor_Market,10,0.027931164124295096,1.0,0.8180837767518169,0.8726586437262718,True,6
NVR,PAYEMS,Labor_Market,30,0.02787719477445568,1.0,0.8165030531790723,0.8715521372253505,True,7
NVR,CPIAUCSL,Prices,50,0.027442205039767045,1.0,0.8037625156411894,0.8626337609488326,True,8
NVR,CPIMEDSL,Prices,50,0.027438551446031547,1.0,0.803655504499493,0.8625588531496451,True,9
NVR,CES0600000008,Labor_Market,50,0.027424494711144436,1.0,0.8032437928102102,0.862270654967147,True,10
NVR,CES2000000008,Labor_Market,50,0.027384412771095566,1.0,0.8020698215160386,0.861448875061227,True,11
NVR,CUSR0000SA0L5,Prices,50,0.02731615639637376,1.0,0.8000706412251164,0.8600494488575814,True,12
NVR,CES3000000008,Labor_Market,60,0.02730324017905204,1.0,0.7996923344778258,0.8597846341344781,True,13
NVR,CUSR0000SAS,Prices,60,0.027271187234123053,1.0,0.7987535266957072,0.859127468686995,True,14
NVR,PCEPI,Prices,50,0.027212536730030427,1.0,0.7970356954702353,0.8579249868291647,True,15
NVR,CPIULFSL,Prices,50,0.027161329016774965,1.0,0.795535858253554,0.8568751007774877,True,16
NVR,CE16OV,Labor_Market,10,0.026870654975881463,1.0,0.7870222239445912,0.8509155567612139,True,17
NVR,DSERRG3M086SBEA,Prices,50,0.026636588857196948,1.0,0.7801665951018066,0.8461166165712646,True,18
NVR,CUUR0000SA0L2,Prices,50,0.02553858363853443,1.0,0.7480068092733559,0.8236047664913491,True,19
NVR,BUSINV,Consumption_Orders_Inventories,60,0.025246311270959602,1.0,0.7394463611215428,0.8176124527850799,True,20
NVR,PPICRM,Prices,60,0.025164056325790895,1.0,0.7370371727361007,0.8159260209152706,True,21
NVR,DNDGRG3M086SBEA,Prices,30,0.024315873769661937,1.0,0.7121945136258263,0.7985361595380784,True,22
NVR,DDURRG3M086SBEA,Prices,60,0.02429253306270789,1.0,0.7115108810492515,0.798057616734476,True,23
NVR,CUSR0000SAC,Prices,30,0.024279467079049544,1.0,0.7111281877533105,0.7977897314273174,True,24
NVR,UMCSENT,Consumption_Orders_Inventories,30,0.023037211497992628,1.0,0.674743412205839,0.7723203885440872,True,25
NVR,PPIFGS,Prices,60,0.02243624089796921,1.0,0.6571414140937617,0.7599989898656332,True,26
NVR,ANDENO,Consumption_Orders_Inventories,10,0.021244208569776196,1.0,0.6222276416237426,0.7355593491366197,True,27
NVR,CES0600000007,Labor_Market,30,0.021242654638295968,1.0,0.6221821280845108,0.7355274896591575,True,28
NVR,CPITRNSL,Prices,30,0.020327623155577686,1.0,0.5953815118302866,0.7167670582812007,True,29
NVR,PERMITNE,Housing,30,0.03414218068862721,0.05,1.0,0.715,True,30
NVR,UNRATE,Labor_Market,10,0.020199408729424353,1.0,0.5916262031895576,0.7141383422326903,True,31
NVR,IPNCONGD,Output_Income,50,0.03402951269184163,0.05,0.9967000351321111,0.7126900245924778,True,32
NVR,USTRADE,Labor_Market,30,0.020092471933996475,1.0,0.5884941011014359,0.7119458707710051,True,33
NVR,AAA,Rates_FX,10,0.03014564175086083,0.25,0.8829442391447002,0.6930609674012901,True,34
NVR,USGOVT,Labor_Market,60,0.019155823632631283,1.0,0.5610603437235074,0.6927422406064552,True,35
NVR,GS10,Rates_FX,10,0.02989499640017114,0.25,0.8756030164801156,0.6879221115360808,True,36
NVR,PPIFCG,Prices,60,0.01792814730904508,1.0,0.5251025841772596,0.6675718089240816,True,37
NVR,USFIRE,Labor_Market,10,0.017875503250092562,1.0,0.5235606774246528,0.6664924741972569,True,38
NVR,HOUSTW,Housing,30,0.03177102915020825,0.05,0.9305506710293758,0.666385469720563,True,39
NVR,CPIAPPSL,Prices,50,0.017814120224003,1.0,0.5217628125885028,0.665233968811952,True,40
NVR,MZMSL,Money_Credit,50,0.02877975160125728,0.25,0.8429382957030579,0.6650568069921404,True,41
NVR,PERMIT,Housing,30,0.031540295371899084,0.05,0.9237926440476364,0.6616548508333454,True,42
NVR,M2REAL,Money_Credit,60,0.028052513037679444,0.25,0.8216379994445919,0.6501465996112142,True,43
NVR,PERMITW,Housing,30,0.03091648193025168,0.05,0.9055215954776429,0.64886511683435,True,44
NVR,NONREVSL,Money_Credit,60,0.02789735560371903,0.25,0.8170935494173535,0.6469654845921473,True,45
NVR,HOUST,Housing,30,0.0306954750270109,0.05,0.8990484616946447,0.6443339231862513,True,46
NVR,INVEST,Money_Credit,30,0.027750388366782546,0.25,0.8127889843903914,0.6439522890732738,True,47
NVR,M1SL,Money_Credit,60,0.02753612742403822,0.25,0.8065134349549772,0.6395594044684839,True,48
NVR,M2SL,Money_Credit,60,0.027341560387822345,0.25,0.8008147059256189,0.6355702941479331,True,49
NVR,AWHMAN,Labor_Market,30,0.016174735334140516,1.0,0.47374640423973663,0.6316224829678156,True,50
NVR,W875RX1,Output_Income,30,0.0299340569418434,0.05,0.8767470717479524,0.6287229502235666,True,51
NVR,USCONS,Labor_Market,10,0.015791207890922053,1.0,0.4625131603319678,0.6237592122323774,True,52
NVR,MCOILWTICO,Prices,60,0.015373618342958853,1.0,0.45028226179119885,0.6151975832538392,True,53
NVR,BAA,Rates_FX,10,0.02616383391540339,0.25,0.7663199417170967,0.6114239592019676,True,54
NVR,AMDMUO,Consumption_Orders_Inventories,60,0.015093561062967997,1.0,0.44207958479921217,0.6094557093594485,True,55
NVR,AWOTMAN,Labor_Market,30,0.014670696304039986,1.0,0.42969417911044,0.600785925377308,True,56
NVR,DTCOLNVHFNM,Money_Credit,60,0.0251547736433802,0.25,0.7367652896219156,0.5907357027353408,True,57
NVR,ACOGNO,Consumption_Orders_Inventories,30,0.014032131433314046,1.0,0.41099107175623845,0.5876937502293669,True,58
NVR,PERMITMW,Housing,30,0.027931399848762264,0.05,0.818090680952498,0.5876634766667486,True,59
NVR,RPI,Output_Income,50,0.027927531038138456,0.05,0.8179773662624057,0.587584156383684,True,60
NVR,EXUSUK,Rates_FX,60,0.024848886603552153,0.25,0.7278060774785056,0.5844642542349539,True,61
NVR,ISRATIO,Consumption_Orders_Inventories,60,0.01269409008728095,1.0,0.3718007998097603,0.5602605598668322,True,62
NVR,HOUSTMW,Housing,50,0.026453953321992425,0.05,0.7748173311848314,0.557372131829382,True,63
NVR,IPDCONGD,Output_Income,30,0.026252718777409353,0.05,0.7689233156145224,0.5532463209301657,True,64
NVR,USGOOD,Labor_Market,10,0.012259955614720694,1.0,0.3590853122865844,0.5513597186006091,True,65
NVR,IPMAT,Output_Income,30,0.026143029378826392,0.05,0.7657105917529942,0.5509974142270959,True,66
NVR,PERMITS,Housing,10,0.025558867092915896,0.05,0.7486008971134517,0.5390206279794162,True,67
NVR,CUMFNS,Output_Income,30,0.025428074868686288,0.05,0.744770086614778,0.5363390606303445,True,68
NVR,HOUSTS,Housing,10,0.025040891401827362,0.05,0.733429760395138,0.5284008322765965,True,69
NVR,IPB51222S,Output_Income,30,0.025027929807155645,0.05,0.7330501245777915,0.528135087204454,True,70
NVR,MANEMP,Labor_Market,10,0.010759378880336528,1.0,0.31513449531712207,0.5205941467219855,True,71
NVR,HOUSTNE,Housing,30,0.02433345558706826,0.05,0.7127094724553945,0.5138966307187761,True,72
NVR,GS5,Rates_FX,60,0.02140619482138973,0.25,0.6269721028252935,0.5138804719777054,True,73
NVR,PPICMM,Prices,60,0.010413610196669401,1.0,0.30500717841195724,0.51350502488837,True,74
NVR,TOTRESNS,Money_Credit,60,0.020705169679236923,0.25,0.6064395788911583,0.49950770522381077,True,75
NVR,EXJPUS,Rates_FX,30,0.02067100199777566,0.25,0.6054388319918061,0.4988071823942643,True,76
NVR,NONBORRES,Money_Credit,60,0.020301136212974566,0.25,0.5946057282667035,0.49122400978669245,True,77
NVR,DMANEMP,Labor_Market,10,0.00920131495656777,1.0,0.2694999197761476,0.4886499438433033,True,78
NVR,BUSLOANS,Money_Credit,60,0.01999907244686008,0.25,0.5857584970699247,0.48503094794894724,True,79
NVR,NDMANEMP,Labor_Market,10,0.008423264402857133,1.0,0.24671137674761734,0.4726979637233321,True,80
NVR,CUUR0000SAD,Prices,60,0.008169460646110991,1.0,0.23927764663351586,0.46749435264346106,True,81
NVR,EXCAUS,Rates_FX,60,0.018957966453833054,0.25,0.5552652487762144,0.4636856741433501,True,82
NVR,UEMPMEAN,Labor_Market,30,0.007933265963786304,1.0,0.2323596736874186,0.46265177158119297,True,83
NVR,PPIITM,Prices,60,0.007855451404701532,1.0,0.2300805410276031,0.46105637871932215,True,84
NVR,AMBSL,Money_Credit,50,0.018246913265503772,0.25,0.5344390105574549,0.4491073073902184,True,85
NVR,EXSZUS,Rates_FX,60,0.018050095950253312,0.25,0.5286743724681245,0.4450720607276872,True,86
NVR,SP500,Stock_Market,10,0.019676655961039884,0.05,0.5763151493013507,0.41842060451094554,True,87
NVR,IPNMAT,Output_Income,60,0.018800410881025634,0.05,0.5506505589810807,0.4004553912867565,True,88
NVR,IPFUELS,Output_Income,30,0.017781430428977316,0.05,0.5208053519235321,0.37956374634647244,True,89
NVR,IPDMAT,Output_Income,30,0.017584667551789133,0.05,0.5150423082860258,0.37552961580021804,True,90
NVR,INDPRO,Output_Income,30,0.017201521382550284,0.05,0.503820231619831,0.3676741621338817,True,91
NVR,FEDFUNDS,Rates_FX,60,0.013799562799232157,0.25,0.40417930316410056,0.3579255122148704,True,92
NVR,REALLN,Money_Credit,30,0.012618946446581616,0.25,0.3695998964349983,0.3337199275044988,True,93
NVR,IPCONGD,Output_Income,50,0.01418175369609691,0.05,0.4153734005871764,0.30576138041102346,True,94
NVR,CPF3M,Rates_FX,60,0.010823631362048903,0.25,0.3170164044517011,0.29691148311619076,True,95
NVR,GS1,Rates_FX,60,0.010001185351150316,0.25,0.29292755030383044,0.2800492852126813,True,96
NVR,IPFINAL,Output_Income,50,0.011879979366731627,0.05,0.34795608034166536,0.2585692562391657,True,97
NVR,IPFPNSS,Output_Income,50,0.011673640487928764,0.05,0.3419125624807341,0.25433879373651386,True,98
NVR,TB6MS,Rates_FX,60,0.008528040671851582,0.25,0.2497801985651221,0.24984613899558544,True,99
NVR,DTCTHFNM,Money_Credit,50,0.007757313985002739,0.25,0.22720616634738586,0.2340443164431701,True,100
NVR,TB3MS,Rates_FX,60,0.0077337609815785165,0.25,0.22651631575936912,0.23356142103155836,True,101
NVR,IPMANSICS,Output_Income,60,0.008339788012720499,0.05,0.24426641311456973,0.18598648918019878,True,102
NVR,IPBUSEQ,Output_Income,10,0.00813934250359605,0.05,0.23839550782728036,0.18187685547909627,True,103
PKG,DMANEMP,Labor_Market,60,0.031796748519224295,1.0,0.990227909858038,0.9931595369006265,True,1
PKG,IPFPNSS,Output_Income,60,0.03117026936242518,1.0,0.970717828642289,0.9795024800496022,True,2
PKG,IPCONGD,Output_Income,60,0.030629868996409838,1.0,0.9538884498584062,0.9677219149008842,True,3
PKG,INDPRO,Output_Income,60,0.030323541979311138,1.0,0.9443486831841092,0.9610440782288765,True,4
PKG,USGOOD,Labor_Market,60,0.027384212718732905,1.0,0.8528108371578967,0.8969675860105277,True,5
PKG,CUMFNS,Output_Income,60,0.0273206002381657,1.0,0.8508297901450279,0.8955808531015195,True,6
PKG,IPFINAL,Output_Income,60,0.0272926734296372,1.0,0.8499600815576401,0.8949720570903481,True,7
PKG,MANEMP,Labor_Market,60,0.027268382854111112,1.0,0.849203614089971,0.8944425298629797,True,8
PKG,NDMANEMP,Labor_Market,60,0.027070949875977884,1.0,0.8430550720415376,0.8901385504290762,True,9
PKG,IPMANSICS,Output_Income,60,0.026253451326613542,1.0,0.8175961833957505,0.8723173283770254,True,10
PKG,UEMPMEAN,Labor_Market,10,0.0245703797410425,1.0,0.7651812499218505,0.8356268749452953,True,11
PKG,IPMAT,Output_Income,60,0.023985994251615086,1.0,0.7469820676564938,0.8228874473595456,True,12
PKG,USCONS,Labor_Market,60,0.023672120505138332,1.0,0.7372072775157636,0.8160450942610344,True,13
PKG,UNRATE,Labor_Market,60,0.022543134419437522,1.0,0.702047911103616,0.7914335377725311,True,14
PKG,IPFUELS,Output_Income,30,0.021451616988584322,1.0,0.6680554095283717,0.7676387866698602,True,15
PKG,CPIAPPSL,Prices,10,0.020811826981720148,1.0,0.6481307961402407,0.7536915572981684,True,16
PKG,USFIRE,Labor_Market,60,0.019814013337845663,1.0,0.6170564578819033,0.7319395205173322,True,17
PKG,USTPU,Labor_Market,60,0.019285229517909185,1.0,0.6005888465327155,0.7204121925729008,True,18
PKG,GS5,Rates_FX,50,0.032110535567294575,0.05,1.0,0.715,True,19
PKG,USGOVT,Labor_Market,60,0.018207853738428297,1.0,0.5670367502986613,0.6969257252090628,True,20
PKG,PAYEMS,Labor_Market,60,0.018034130956538073,1.0,0.561626601298619,0.6931386209090332,True,21
PKG,CE16OV,Labor_Market,60,0.017902615051497216,1.0,0.5575308768668281,0.6902716138067797,True,22
PKG,IPB51222S,Output_Income,60,0.017374066093419675,1.0,0.5410705796858655,0.6787494057801058,True,23
PKG,MCOILWTICO,Prices,60,0.01687113686100381,1.0,0.5254081429332342,0.6677857000532639,True,24
PKG,IPBUSEQ,Output_Income,60,0.01666402012045058,1.0,0.5189580250235167,0.6632706175164617,True,25
PKG,IPDMAT,Output_Income,60,0.015506542185203517,1.0,0.4829113532755068,0.6380379472928548,True,26
PKG,PPICMM,Prices,30,0.01536517016727014,1.0,0.4785086855704758,0.634956079899333,True,27
PKG,SRVPRD,Labor_Market,60,0.014816693488606392,1.0,0.4614277908119846,0.6229994535683891,True,28
PKG,CES0600000007,Labor_Market,30,0.01432305507435708,1.0,0.44605469268302983,0.6122382848781209,True,29
PKG,EXJPUS,Rates_FX,60,0.027224175209576606,0.05,0.847826880760754,0.6084788165325278,True,30
PKG,CPITRNSL,Prices,60,0.01303462952525985,1.0,0.40592999446997585,0.584150996128983,True,31
PKG,PPICRM,Prices,60,0.01198607310207416,1.0,0.3732754029267045,0.5612927820486932,True,32
PKG,CLF16OV,Labor_Market,60,0.011064472541353421,1.0,0.34457452502358377,0.5412021675165086,True,33
PKG,AWHMAN,Labor_Market,30,0.011039765889562701,1.0,0.34380509993134445,0.5406635699519411,True,34
PKG,CUUR0000SA0L2,Prices,60,0.010963933514647597,1.0,0.34144349575454147,0.539010447028179,True,35
PKG,GS10,Rates_FX,10,0.023544611324704232,0.05,0.7332363322113207,0.5282654325479245,True,36
PKG,USTRADE,Labor_Market,60,0.010109148291459528,1.0,0.31482340960254684,0.5203763867217828,True,37
PKG,DTCTHFNM,Money_Credit,50,0.022875046092767384,0.05,0.7123844460590754,0.5136691122413527,True,38
PKG,W875RX1,Output_Income,60,0.00965838004906993,1.0,0.30078539265807963,0.5105497748606558,True,39
PKG,ANDENO,Consumption_Orders_Inventories,60,0.02244659044464715,0.05,0.6990412974459882,0.5043289082121917,True,40
PKG,PPIFGS,Prices,30,0.009360413226941196,1.0,0.29150598274278,0.5040541879199459,True,41
PKG,IPDCONGD,Output_Income,30,0.00936007883628483,1.0,0.2914955690062771,0.504046898304394,True,42
PKG,PPIITM,Prices,60,0.009332829846581476,1.0,0.29064696934196294,0.503452878539374,True,43
PKG,DNDGRG3M086SBEA,Prices,50,0.009313469228876214,1.0,0.290044032724332,0.5030308229070324,True,44
PKG,IPNCONGD,Output_Income,30,0.00909380727297996,1.0,0.2832032263654376,0.4982422584558063,True,45
PKG,CUUR0000SAD,Prices,30,0.009077433708603488,1.0,0.28269331383712865,0.49788531968599004,True,46
PKG,DTCOLNVHFNM,Money_Credit,50,0.022119172898156413,0.05,0.6888447205061685,0.49719130435431796,True,47
PKG,IPNMAT,Output_Income,50,0.008965303554896392,1.0,0.2792013087451518,0.49544091612160623,True,48
PKG,CUSR0000SA0L5,Prices,60,0.008957543547900198,1.0,0.2789596432961302,0.4952717503072911,True,49
PKG,CPIULFSL,Prices,60,0.008922035682642727,1.0,0.2778538422052996,0.49449768954370965,True,50
PKG,CPIAUCSL,Prices,60,0.008732819266703468,1.0,0.2719611838426661,0.49037282868986626,True,51
PKG,RPI,Output_Income,60,0.008587984185600478,1.0,0.2674506679467397,0.4872154675627178,True,52
PKG,AWOTMAN,Labor_Market,10,0.008547183913990163,1.0,0.26618004847903237,0.48632603393532264,True,53
PKG,PCEPI,Prices,60,0.008237226124096698,1.0,0.2565272107291331,0.47956904751039314,True,54
PKG,CUSR0000SAC,Prices,60,0.007226702943536145,1.0,0.2250570666562389,0.4575399466593672,True,55
PKG,DSERRG3M086SBEA,Prices,60,0.007044001559486999,1.0,0.21936730219665035,0.4535571115376552,True,56
PKG,PPIFCG,Prices,10,0.006993384072284655,1.0,0.21779095081203195,0.45245366556842237,True,57
PKG,CES2000000008,Labor_Market,60,0.005989490854174222,1.0,0.18652727985872264,0.4305690959011058,True,58
PKG,CUSR0000SAS,Prices,60,0.005719026747328382,1.0,0.17810437123799833,0.4246730598665988,True,59
PKG,CES0600000008,Labor_Market,60,0.005660673380033862,1.0,0.17628710577469803,0.4234009740422886,True,60
PKG,CPIMEDSL,Prices,60,0.0052205599147813935,1.0,0.16258090444616163,0.41380663311231314,True,61
PKG,CES3000000008,Labor_Market,60,0.005105757673964402,1.0,0.1590056840772457,0.411303978854072,True,62
PKG,HOUSTNE,Housing,50,0.018140663093889415,0.05,0.5649442705766066,0.4104609894036246,True,63
PKG,HOUSTW,Housing,60,0.017869077404995538,0.05,0.5564864331691702,0.40454050321841917,True,64
PKG,AAA,Rates_FX,10,0.017818818590790576,0.05,0.5549212517320798,0.4034448762124559,True,65
PKG,PERMITNE,Housing,60,0.01740866210176739,0.05,0.5421479833397289,0.39450358833781024,True,66
PKG,ACOGNO,Consumption_Orders_Inventories,60,0.01737514504993258,0.05,0.5411041810099743,0.393772926706982,True,67
PKG,DDURRG3M086SBEA,Prices,60,0.004058106254704673,1.0,0.1263792765523961,0.38846549358667726,True,68
PKG,PERMITMW,Housing,50,0.016516457206235614,0.05,0.514362557784868,0.37505379044940756,True,69
PKG,HOUST,Housing,50,0.015215485948159904,0.05,0.47384715574963115,0.3466930090247418,True,70
PKG,SP500,Stock_Market,50,0.014823150800045109,0.05,0.4616288871601032,0.33814022101207225,True,71
PKG,PERMIT,Housing,50,0.014090381141788063,0.05,0.4388086617944637,0.32216606325612457,True,72
PKG,HOUSTMW,Housing,10,0.013976796828455335,0.05,0.4352713706429447,0.3196899594500613,True,73
PKG,CPF3M,Rates_FX,50,0.013926937234478912,0.05,0.43371862189255617,0.3186030353247893,True,74
PKG,GS1,Rates_FX,60,0.013587736546762937,0.05,0.4231550893409079,0.31120856253863555,True,75
PKG,UMCSENT,Consumption_Orders_Inventories,60,0.0133698911320827,0.05,0.4163708544836694,0.30645959813856855,True,76
PKG,HOUSTS,Housing,60,0.013354238940736353,0.05,0.41588340726206996,0.30611838508344896,True,77
PKG,BUSINV,Consumption_Orders_Inventories,60,0.013332461852336398,0.05,0.4152052158829721,0.30564365111808045,True,78
PKG,AMDMUO,Consumption_Orders_Inventories,50,0.012945191724032336,0.05,0.40314468430160205,0.2972012790111214,True,79
PKG,PERMITS,Housing,50,0.012624399691263333,0.05,0.39315444193716953,0.29020810935601865,True,80
PKG,BUSLOANS,Money_Credit,60,0.012037330622451846,0.05,0.3748716864975676,0.2774101805482973,True,81
PKG,REALLN,Money_Credit,10,0.011676959400675702,0.05,0.363648852140884,0.2695541964986188,True,82
PKG,BAA,Rates_FX,10,0.01149320814056663,0.05,0.3579263919930618,0.2655484743951433,True,83
PKG,CMRMTSPL,Consumption_Orders_Inventories,60,0.01120591311819665,0.05,0.348979327819439,0.2592855294736073,True,84
PKG,FEDFUNDS,Rates_FX,60,0.010718091531620842,0.05,0.33378737981989626,0.24865116587392738,True,85
PKG,TB6MS,Rates_FX,30,0.010522878394625337,0.05,0.327707969011366,0.24439557830795616,True,86
PKG,DPCERA3M086SBEA,Consumption_Orders_Inventories,60,0.01020032610742989,0.05,0.31766290805249575,0.23736403563674702,True,87
PKG,PERMITW,Housing,50,0.010037293866687802,0.05,0.31258568844647516,0.2338099819125326,True,88
PKG,ISRATIO,Consumption_Orders_Inventories,50,0.009927060197822779,0.05,0.3091527444946683,0.23140692114626776,True,89
PKG,RSAFS,Consumption_Orders_Inventories,60,0.00987681421288603,0.05,0.30758796259212273,0.23031157381448591,True,90
PKG,EXSZUS,Rates_FX,10,0.009837613117254774,0.05,0.3063671453451135,0.22945700174157946,True,91
PKG,AMBSL,Money_Credit,60,0.008962146325735519,0.05,0.2791029849674541,0.21037208947721786,True,92
PKG,NONREVSL,Money_Credit,60,0.008727447338194926,0.05,0.27179388895288503,0.2052557222670195,True,93
PKG,EXCAUS,Rates_FX,10,0.006578302483476356,0.05,0.2048643028606639,0.1584050120024647,True,94
PKG,EXUSUK,Rates_FX,10,0.006531866868739369,0.05,0.2034181851327403,0.15739272959291817,True,95
PKG,NONBORRES,Money_Credit,60,0.006045753897216377,0.05,0.18827944755222756,0.14679561328655927,True,96
PKG,TB3MS,Rates_FX,30,0.005970744305241921,0.05,0.18594346683283855,0.14516042678298696,True,97
PKG,M2SL,Money_Credit,60,0.00576405095790777,0.05,0.17950653441540876,0.14065457409078613,True,98
PKG,M1SL,Money_Credit,60,0.005194312075221492,0.05,0.16176348302679933,0.1282344381187595,True,99
PKG,TOTRESNS,Money_Credit,60,0.005189695239204985,0.05,0.1616197035495984,0.12813379248471887,True,100
PKG,MZMSL,Money_Credit,60,0.004848832969693329,0.05,0.15100442530868258,0.1207030977160778,True,101
PKG,INVEST,Money_Credit,60,0.004391029377378462,0.05,0.13674731049490316,0.1107231173464322,True,102
PKG,M2REAL,Money_Credit,60,0.004324519476049428,0.05,0.1346760307683583,0.1092732215378508,True,103
PODD,IPNMAT,Output_Income,60,0.03885683578588058,1.0,0.910689646659112,0.9374827526613783,True,1
PODD,IPFINAL,Output_Income,30,0.03672558718498852,1.0,0.8607394642514548,0.9025176249760183,True,2
PODD,PPICRM,Prices,30,0.035525786318388715,1.0,0.8326196700076294,0.8828337690053405,True,3
PODD,DDURRG3M086SBEA,Prices,10,0.034117893410443016,1.0,0.799622811953201,0.8597359683672405,True,4
PODD,IPNCONGD,Output_Income,10,0.03403429301849501,1.0,0.797663465293498,0.8583644257054486,True,5
PODD,IPFPNSS,Output_Income,10,0.03255717547321384,1.0,0.763044185875103,0.8341309301125721,True,6
PODD,CUUR0000SAD,Prices,60,0.031377595088937456,1.0,0.7353983001091544,0.814778810076408,True,7
PODD,IPMANSICS,Output_Income,50,0.030481505415279574,1.0,0.7143966006198998,0.8000776204339299,True,8
PODD,MCOILWTICO,Prices,60,0.02982145094108943,1.0,0.6989268701665928,0.789248809116615,True,9
PODD,CPIMEDSL,Prices,10,0.029315155231436792,1.0,0.687060791737836,0.7809425542164852,True,10
PODD,IPCONGD,Output_Income,50,0.02929683312918246,1.0,0.6866313756906829,0.780641962983478,True,11
PODD,CES3000000008,Labor_Market,10,0.029109300817783183,1.0,0.6822361713218436,0.7775653199252904,True,12
PODD,CES0600000008,Labor_Market,10,0.02860433410655356,1.0,0.6704012406970647,0.7692808684879453,True,13
PODD,CUSR0000SAS,Prices,10,0.028554397420091776,1.0,0.6692308720237171,0.768461610416602,True,14
PODD,CES2000000008,Labor_Market,30,0.0280619827422192,1.0,0.6576901240463822,0.7603830868324675,True,15
PODD,DSERRG3M086SBEA,Prices,10,0.027683146155551612,1.0,0.6488113115986838,0.7541679181190786,True,16
PODD,IPBUSEQ,Output_Income,50,0.02702630256750644,1.0,0.6334168348480956,0.7433917843936668,True,17
PODD,PCEPI,Prices,10,0.0260481311195457,1.0,0.6104913806185185,0.7273439664329628,True,18
PODD,CPIAUCSL,Prices,10,0.025530147735992523,1.0,0.5983513775790856,0.71884596430536,True,19
PODD,DTCTHFNM,Money_Credit,50,0.04266748384417004,0.05,1.0,0.715,True,20
PODD,RPI,Output_Income,10,0.025295684257708367,1.0,0.5928562450528635,0.7149993715370044,True,21
PODD,CPIULFSL,Prices,10,0.02510876469177515,1.0,0.5884754016308356,0.7119327811415849,True,22
PODD,CUUR0000SA0L2,Prices,10,0.0245664118221313,1.0,0.5757642497001375,0.7030349747900962,True,23
PODD,CUSR0000SA0L5,Prices,10,0.024439830257289068,1.0,0.5727975510941327,0.7009582857658928,True,24
PODD,DMANEMP,Labor_Market,10,0.02431236654668002,1.0,0.569810177592696,0.6988671243148872,True,25
PODD,PPIITM,Prices,50,0.023544724187816248,1.0,0.5518189043864449,0.6862732330705114,True,26
PODD,IPB51222S,Output_Income,60,0.023518424841204345,1.0,0.55120252525549,0.6858417676788429,True,27
PODD,PPICMM,Prices,60,0.02212753163458189,1.0,0.5186040900699921,0.6630228630489945,True,28
PODD,CLF16OV,Labor_Market,30,0.02211425425063895,1.0,0.518292907343787,0.6628050351406509,True,29
PODD,MANEMP,Labor_Market,10,0.021869905535887902,1.0,0.5125660940251611,0.6587962658176127,True,30
PODD,W875RX1,Output_Income,10,0.020407625330985814,1.0,0.4782945581117095,0.6348061906781965,True,31
PODD,NDMANEMP,Labor_Market,10,0.01665461949739413,1.0,0.39033516853770994,0.573234617976397,True,32
PODD,INDPRO,Output_Income,50,0.016120459993552962,1.0,0.3778160449401709,0.5644712314581196,True,33
PODD,EXUSUK,Rates_FX,10,0.03331750460876071,0.05,0.7808640586926271,0.561604841084839,True,34
PODD,USGOOD,Labor_Market,10,0.01462985624382639,1.0,0.3428806886587799,0.5400164820611459,True,35
PODD,IPFUELS,Output_Income,30,0.013002035766862917,1.0,0.30472937692667523,0.5133105638486726,True,36
PODD,MZMSL,Money_Credit,10,0.030177803591379643,0.05,0.7072787254480452,0.5100951078136315,True,37
PODD,CUMFNS,Output_Income,50,0.012393482900896893,1.0,0.2904666922980578,0.5033266846086405,True,38
PODD,M2SL,Money_Credit,10,0.028850355621816332,0.05,0.6761672595267968,0.48831708166875776,True,39
PODD,EXCAUS,Rates_FX,60,0.02879008291934696,0.05,0.6747546451179065,0.4873282515825345,True,40
PODD,M1SL,Money_Credit,10,0.02876361589353154,0.05,0.674134336080887,0.4868940352566209,True,41
PODD,M2REAL,Money_Credit,10,0.028622014313687147,0.05,0.6708156126154595,0.48457092883082165,True,42
PODD,ANDENO,Consumption_Orders_Inventories,50,0.028579286670883778,0.05,0.6698142026668575,0.48386994186680027,True,43
PODD,SRVPRD,Labor_Market,30,0.011075231719967299,1.0,0.25957077198215395,0.48169954038750773,True,44
PODD,INVEST,Money_Credit,30,0.028426629752794405,0.05,0.6662363746738381,0.48136546227168664,True,45
PODD,ISRATIO,Consumption_Orders_Inventories,60,0.027938263091694823,0.05,0.6547905002725448,0.47335335019078134,True,46
PODD,USFIRE,Labor_Market,30,0.01041974399586094,1.0,0.24420807268401093,0.47094565087880763,True,47
PODD,CPITRNSL,Prices,60,0.010130359895473015,1.0,0.23742576273002325,0.4661980339110162,True,48
PODD,USTRADE,Labor_Market,50,0.009596783217326465,1.0,0.2249202988480827,0.4574442091936579,True,49
PODD,UEMPMEAN,Labor_Market,60,0.009539426348510634,1.0,0.22357602298158655,0.45650321608711053,True,50
PODD,REALLN,Money_Credit,30,0.026730375234010534,0.05,0.6264811708052688,0.45353681956368813,True,51
PODD,AAA,Rates_FX,30,0.02609709527660201,0.05,0.6116389560704748,0.44314726924933234,True,52
PODD,BAA,Rates_FX,30,0.02600601905366515,0.05,0.6095043979777246,0.4416530785844072,True,53
PODD,PAYEMS,Labor_Market,30,0.00837594964286605,1.0,0.1963075599549448,0.43741529196846135,True,54
PODD,IPDMAT,Output_Income,50,0.008321816700609733,1.0,0.19503884342002983,0.4365271903940209,True,55
PODD,UNRATE,Labor_Market,50,0.008004507877366515,1.0,0.1876020603089823,0.4313214422162876,True,56
PODD,NONREVSL,Money_Credit,10,0.025222004620307232,0.05,0.5911294116246204,0.42879058813723425,True,57
PODD,IPMAT,Output_Income,30,0.007840824906696981,1.0,0.18376581415799442,0.4286360699105961,True,58
PODD,IPDCONGD,Output_Income,50,0.007690951317814202,1.0,0.18025321919387263,0.42617725343571083,True,59
PODD,CES0600000007,Labor_Market,10,0.007251100650806693,1.0,0.16994441662623289,0.418961091638363,True,60
PODD,CE16OV,Labor_Market,30,0.007089501926481642,1.0,0.16615701906336647,0.4163099133443565,True,61
PODD,PPIFCG,Prices,50,0.00685781913763012,1.0,0.16072705769752468,0.41250894038826724,True,62
PODD,USTPU,Labor_Market,30,0.006557536919118484,1.0,0.15368932799196422,0.4075825295943749,True,63
PODD,PPIFGS,Prices,50,0.006127661763442723,1.0,0.14361432199335064,0.40053002539534543,True,64
PODD,DNDGRG3M086SBEA,Prices,30,0.006109099898990185,1.0,0.14317928662730167,0.40022550063911116,True,65
PODD,SP500,Stock_Market,50,0.022438380069868646,0.05,0.5258894607382517,0.3831226225167762,True,66
PODD,USGOVT,Labor_Market,10,0.004758762289958869,1.0,0.11153135505573274,0.3780719485390129,True,67
PODD,CUSR0000SAC,Prices,30,0.004612662468510442,1.0,0.10810720607188332,0.3756750442503183,True,68
PODD,AWOTMAN,Labor_Market,30,0.004406066790180484,1.0,0.10326521259777816,0.3722856488184447,True,69
PODD,GS10,Rates_FX,10,0.02143028765641585,0.05,0.5022627473108898,0.3665839231176229,True,70
PODD,CPIAPPSL,Prices,30,0.003897562841646822,1.0,0.09134737956148248,0.36394316569303775,True,71
PODD,HOUSTS,Housing,30,0.02098223750439484,0.05,0.4917617729938343,0.359233241095684,True,72
PODD,DPCERA3M086SBEA,Consumption_Orders_Inventories,10,0.020847966681761122,0.05,0.48861486085989875,0.35703040260192914,True,73
PODD,AWHMAN,Labor_Market,50,0.0033326875498419484,1.0,0.07810836847125957,0.35467585792988165,True,74
PODD,HOUST,Housing,30,0.02051945121010217,0.05,0.4809154269570524,0.3516407988699367,True,75
PODD,HOUSTNE,Housing,10,0.020323295035731725,0.05,0.4763181046709095,0.34842267326963666,True,76
PODD,UMCSENT,Consumption_Orders_Inventories,30,0.01957796950963602,0.05,0.45884987221507084,0.33619491055054956,True,77
PODD,USCONS,Labor_Market,10,0.0021494818270116054,1.0,0.05037751546029599,0.33526426082220717,True,78
PODD,RSAFS,Consumption_Orders_Inventories,10,0.01907123626186624,0.05,0.4469735391830957,0.327881477428167,True,79
PODD,BUSLOANS,Money_Credit,30,0.019044101876685943,0.05,0.4463375892105265,0.32743631244736854,True,80
PODD,BUSINV,Consumption_Orders_Inventories,10,0.0189600606514073,0.05,0.4443679107175182,0.32605753750226274,True,81
PODD,CPF3M,Rates_FX,10,0.01802002057869122,0.05,0.4223361434788104,0.31063530043516724,True,82
PODD,ACOGNO,Consumption_Orders_Inventories,60,0.01770955817783771,0.05,0.41505982031929667,0.30554187422350765,True,83
PODD,GS5,Rates_FX,10,0.017329979862828387,0.05,0.40616362394653616,0.2993145367625753,True,84
PODD,PERMITW,Housing,30,0.016812246772829262,0.05,0.3940294870499245,0.29082064093494714,True,85
PODD,PERMIT,Housing,10,0.016777597904449267,0.05,0.3932174197504667,0.2902521938253267,True,86
PODD,NONBORRES,Money_Credit,10,0.016481254035182705,0.05,0.38627199333748985,0.2853903953362429,True,87
PODD,TOTRESNS,Money_Credit,10,0.01633821954956256,0.05,0.3829196867861466,0.2830437807503026,True,88
PODD,HOUSTW,Housing,30,0.016064529977584587,0.05,0.37650521029680073,0.2785536472077605,True,89
PODD,PERMITS,Housing,10,0.016055815082770708,0.05,0.376300958861546,0.2784106712030822,True,90
PODD,AMBSL,Money_Credit,10,0.015246000480361397,0.05,0.3573212926274903,0.2651249048392432,True,91
PODD,DTCOLNVHFNM,Money_Credit,10,0.014481601507126454,0.05,0.3394060348160225,0.25258422437121575,True,92
PODD,TB3MS,Rates_FX,60,0.014243345467525715,0.05,0.33382201583634946,0.2486754110854446,True,93
PODD,HOUSTMW,Housing,30,0.013793343683037473,0.05,0.3232753010093928,0.24129271070657493,True,94
PODD,EXSZUS,Rates_FX,10,0.013424908616723403,0.05,0.3146402695259412,0.23524818866815883,True,95
PODD,FEDFUNDS,Rates_FX,10,0.013379905857826467,0.05,0.31358553756515123,0.23450987629560582,True,96
PODD,CMRMTSPL,Consumption_Orders_Inventories,30,0.013255717031105145,0.05,0.310674917684802,0.23247244237936138,True,97
PODD,GS1,Rates_FX,10,0.011779438877936001,0.05,0.2760753111422461,0.20825271779957227,True,98
PODD,TB6MS,Rates_FX,60,0.011381120063809454,0.05,0.2667398927336686,0.201717924913568,True,99
PODD,PERMITMW,Housing,30,0.010362938553590181,0.05,0.24287672062964039,0.18501370444074827,True,100
PODD,PERMITNE,Housing,60,0.006399505282786239,0.05,0.1499855324527333,0.1199898727169133,True,101
PODD,EXJPUS,Rates_FX,30,0.006038967305008891,0.05,0.14153558543701278,0.11407490980590894,True,102
PODD,AMDMUO,Consumption_Orders_Inventories,50,0.0028527490756710266,0.05,0.06686002591785871,0.061802018142501094,True,103
REG,GS1,Rates_FX,60,0.024956648027175718,1.0,0.9167030514446354,0.9416921360112447,True,1
REG,TB3MS,Rates_FX,60,0.0234482889451464,1.0,0.8612982802724475,0.9029087961907132,True,2
REG,TB6MS,Rates_FX,60,0.023236772063259813,1.0,0.853528880678145,0.8974702164747015,True,3
REG,FEDFUNDS,Rates_FX,60,0.020451222150710997,1.0,0.7512105684591217,0.8258473979213852,True,4
REG,EXSZUS,Rates_FX,60,0.01986588085601281,1.0,0.7297099185961239,0.8107969430172868,True,5
REG,EXUSUK,Rates_FX,30,0.018716999313000287,1.0,0.6875094109365547,0.7812565876555883,True,6
REG,CPF3M,Rates_FX,10,0.01764706285190345,1.0,0.648208699652278,0.7537460897565946,True,7
REG,UEMPMEAN,Labor_Market,10,0.027224353609215605,0.05,1.0,0.715,True,8
REG,BUSLOANS,Money_Credit,30,0.012243850525030745,1.0,0.44973888823153285,0.614817221762073,True,9
REG,HOUSTW,Housing,50,0.01184554914631994,1.0,0.4351085545079811,0.6045759881555868,True,10
REG,ANDENO,Consumption_Orders_Inventories,30,0.022639030187258918,0.05,0.8315727349205262,0.5971009144443683,True,11
REG,DTCTHFNM,Money_Credit,10,0.011194895343864128,1.0,0.41120885750156394,0.5878462002510947,True,12
REG,EXJPUS,Rates_FX,50,0.011140247359806614,1.0,0.4092015377009934,0.5864410763906953,True,13
REG,PERMITW,Housing,60,0.01093578926626644,1.0,0.4016914202350285,0.5811839941645199,True,14
REG,GS5,Rates_FX,10,0.009566687788234223,1.0,0.3514018340180478,0.5459812838126334,True,15
REG,REALLN,Money_Credit,60,0.009550572885915256,1.0,0.3508099043601289,0.5455669330520903,True,16
REG,NONBORRES,Money_Credit,10,0.009359000889138477,1.0,0.34377311665428856,0.5406411816580019,True,17
REG,CES0600000007,Labor_Market,30,0.020293471591194562,0.05,0.7454161036288149,0.5367912725401704,True,18
REG,PERMIT,Housing,50,0.009038960595683132,1.0,0.33201745486524203,0.5324122184056694,True,19
REG,PERMITNE,Housing,10,0.008755560388532977,1.0,0.3216076500552494,0.5251253550386745,True,20
REG,HOUST,Housing,50,0.008552954872038764,1.0,0.3141655811120356,0.5199159067784249,True,21
REG,PERMITS,Housing,50,0.008539639153662973,1.0,0.31367647056906633,0.5195735293983464,True,22
REG,PERMITMW,Housing,50,0.008367440671201855,1.0,0.3073513072637077,0.5151459150845954,True,23
REG,BAA,Rates_FX,50,0.008329659402055562,1.0,0.3059635325643112,0.5141744727950178,True,24
REG,EXCAUS,Rates_FX,30,0.008180354086804559,1.0,0.3004792769087256,0.5103354938361079,True,25
REG,CUUR0000SAD,Prices,30,0.019152561390632743,0.05,0.7035083978687923,0.5074558785081545,True,26
REG,TOTRESNS,Money_Credit,60,0.008050431680772062,1.0,0.2957069907454825,0.5069948935218378,True,27
REG,USGOOD,Labor_Market,60,0.01907837498868858,0.05,0.7007833964597947,0.5055483775218562,True,28
REG,HOUSTMW,Housing,30,0.0078007626638271115,1.0,0.2865361938726254,0.5005753357108378,True,29
REG,HOUSTS,Housing,60,0.0077724785665971696,1.0,0.2854972675628978,0.4998480872940284,True,30
REG,HOUSTNE,Housing,30,0.007421581319815253,1.0,0.2726081737824256,0.4908257216476979,True,31
REG,GS10,Rates_FX,10,0.007122899353727838,1.0,0.2616370421855193,0.48314592952986346,True,32
REG,ACOGNO,Consumption_Orders_Inventories,30,0.017854190029494177,0.05,0.6558168574276242,0.4740718001993369,True,33
REG,MANEMP,Labor_Market,60,0.017354761830592133,0.05,0.6374719517571005,0.4612303662299703,True,34
REG,AAA,Rates_FX,50,0.0061507487219200985,1.0,0.22592818217869584,0.4581497275250871,True,35
REG,DMANEMP,Labor_Market,60,0.017104408884665672,0.05,0.6282760329294184,0.45479322305059283,True,36
REG,ISRATIO,Consumption_Orders_Inventories,30,0.016915948740345656,0.05,0.6213535492214407,0.4499474844550085,True,37
REG,CPITRNSL,Prices,30,0.016642160162270422,0.05,0.6112967970206261,0.44290775791443826,True,38
REG,CUSR0000SAC,Prices,10,0.01654374957939638,0.05,0.6076819974082406,0.4403773981857684,True,39
REG,DNDGRG3M086SBEA,Prices,10,0.01626763524873524,0.05,0.5975398160868932,0.43327787126082523,True,40
REG,NDMANEMP,Labor_Market,60,0.016247302530180543,0.05,0.5967929583709468,0.43275507085966275,True,41
REG,NONREVSL,Money_Credit,30,0.005099184199321424,1.0,0.18730230559433078,0.43111161391603153,True,42
REG,AMBSL,Money_Credit,10,0.004791842999003409,1.0,0.1760131045822642,0.42320917320758494,True,43
REG,USCONS,Labor_Market,60,0.015459693102862259,0.05,0.5678626322877712,0.41250384260143985,True,44
REG,USFIRE,Labor_Market,60,0.015250996242672668,0.05,0.5601968172169978,0.40713777205189844,True,45
REG,USGOVT,Labor_Market,60,0.01456202642059617,0.05,0.5348897031541214,0.389422792207885,True,46
REG,CPIAPPSL,Prices,10,0.014272488092516564,0.05,0.5242544340037238,0.38197810380260666,True,47
REG,MZMSL,Money_Credit,10,0.0030271036481855024,1.0,0.11119102005642514,0.3778337140394976,True,48
REG,IPMANSICS,Output_Income,60,0.014105981315602084,0.05,0.5181383373902081,0.37769683617314564,True,49
REG,M1SL,Money_Credit,30,0.002944168155640099,1.0,0.1081446486444211,0.3757012540510948,True,50
REG,M2REAL,Money_Credit,10,0.002887950998823272,1.0,0.10607969027575677,0.3742557831930297,True,51
REG,IPFPNSS,Output_Income,60,0.013714210597058728,0.05,0.5037478866868812,0.36762352068081683,True,52
REG,AWHMAN,Labor_Market,30,0.013654709436678125,0.05,0.5015623008972351,0.36609361062806456,True,53
REG,M2SL,Money_Credit,50,0.002523231637940529,1.0,0.09268288511674341,0.3648780195817204,True,54
REG,DTCOLNVHFNM,Money_Credit,60,0.002316108777655423,1.0,0.08507488592388128,0.3595524201467169,True,55
REG,PPIFGS,Prices,30,0.013324740254369164,0.05,0.4894419329705834,0.3576093530794084,True,56
REG,SP500,Stock_Market,60,0.013238815226059785,0.05,0.48628575047520567,0.355400025332644,True,57
REG,INVEST,Money_Credit,50,0.002042031591584846,1.0,0.07500753262672896,0.35250527283871025,True,58
REG,PPIFCG,Prices,30,0.011926327892503145,0.05,0.4380757047052905,0.32165299329370334,True,59
REG,UNRATE,Labor_Market,60,0.011662250207269813,0.05,0.4283756512522697,0.31486295587658875,True,60
REG,IPFINAL,Output_Income,60,0.0111607361207752,0.05,0.4099541271384759,0.3019678889969331,True,61
REG,MCOILWTICO,Prices,10,0.011079419279116407,0.05,0.406967211716129,0.2998770482012903,True,62
REG,IPCONGD,Output_Income,60,0.011025498262844397,0.05,0.40498659476389554,0.29849061633472684,True,63
REG,AWOTMAN,Labor_Market,30,0.010515566995214193,0.05,0.38625589228515644,0.2853791245996095,True,64
REG,USTRADE,Labor_Market,60,0.010091935074245936,0.05,0.37069512169536895,0.2744865851867583,True,65
REG,CLF16OV,Labor_Market,50,0.009578243815179611,0.05,0.3518263078957849,0.2612784155270494,True,66
REG,PAYEMS,Labor_Market,60,0.009560338945645851,0.05,0.35116862948803385,0.26081804064162367,True,67
REG,DDURRG3M086SBEA,Prices,30,0.009113858536558089,0.05,0.3347685923926948,0.24933801467488637,True,68
REG,CUMFNS,Output_Income,30,0.008976041776729797,0.05,0.32970633226315993,0.2457944325842119,True,69
REG,IPBUSEQ,Output_Income,60,0.008847337313911796,0.05,0.32497878336831915,0.24248514835782337,True,70
REG,IPMAT,Output_Income,10,0.008681705698100907,0.05,0.3188948330131187,0.2382263831091831,True,71
REG,IPB51222S,Output_Income,30,0.00858916962031413,0.05,0.3154958146520197,0.23584707025641377,True,72
REG,IPNCONGD,Output_Income,30,0.008312479292227289,0.05,0.30533247589810414,0.22873273312867287,True,73
REG,IPNMAT,Output_Income,50,0.008053550243815115,0.05,0.29582154123537907,0.22207507886476535,True,74
REG,CE16OV,Labor_Market,60,0.007852545042891398,0.05,0.2884382547923292,0.21690677835463046,True,75
REG,UMCSENT,Consumption_Orders_Inventories,60,0.007697050312607165,0.05,0.28272665067065794,0.21290865546946053,True,76
REG,SRVPRD,Labor_Market,60,0.0076826076801295605,0.05,0.28219614652407954,0.21253730256685566,True,77
REG,USTPU,Labor_Market,60,0.007358553858553088,0.05,0.2702930605508362,0.2042051423855853,True,78
REG,INDPRO,Output_Income,60,0.006739303420790865,0.05,0.24754686621869218,0.18828280635308453,True,79
REG,PPIITM,Prices,10,0.006367504209569682,0.05,0.2338900052860849,0.1787230037002594,True,80
REG,BUSINV,Consumption_Orders_Inventories,50,0.006332640926066176,0.05,0.23260941350403777,0.17782658945282642,True,81
REG,RPI,Output_Income,30,0.0059314215301454545,0.05,0.2178718957036186,0.167510326992533,True,82
REG,CUUR0000SA0L2,Prices,50,0.0057489832016067235,0.05,0.21117060423651926,0.16281942296556345,True,83
REG,DPCERA3M086SBEA,Consumption_Orders_Inventories,10,0.005472110523543906,0.05,0.20100056743648687,0.1557003972055408,True,84
REG,RSAFS,Consumption_Orders_Inventories,10,0.005178699800135152,0.05,0.1902230581659111,0.14815614071613775,True,85
REG,IPDMAT,Output_Income,30,0.0044270406130507535,0.05,0.16261324976149935,0.12882927483304954,True,86
REG,DSERRG3M086SBEA,Prices,50,0.003967670317272901,0.05,0.1457397436951385,0.11701782058659695,True,87
REG,W875RX1,Output_Income,60,0.003959015118397211,0.05,0.14542182250590005,0.11679527575413003,True,88
REG,CPIAUCSL,Prices,50,0.003819782845976571,0.05,0.14030756802554725,0.11321529761788307,True,89
REG,PCEPI,Prices,50,0.003750781582402776,0.05,0.137773026175105,0.1114411183225735,True,90
REG,CMRMTSPL,Consumption_Orders_Inventories,10,0.003625050109869537,0.05,0.1331546806181079,0.10820827643267553,True,91
REG,AMDMUO,Consumption_Orders_Inventories,10,0.00350121064092426,0.05,0.12860583179242424,0.10502408225469696,True,92
REG,CPIULFSL,Prices,50,0.003269050268501339,0.05,0.1200781592623285,0.09905471148362995,True,93
REG,IPDCONGD,Output_Income,10,0.0032142851758364096,0.05,0.11806653784971244,0.0976465764947987,True,94
REG,CUSR0000SA0L5,Prices,50,0.003184645193482291,0.05,0.11697780741447134,0.09688446519012993,True,95
REG,PPICRM,Prices,10,0.0030748820975273444,0.05,0.11294600935856484,0.09406220655099538,True,96
REG,CPIMEDSL,Prices,50,0.0029813279008636716,0.05,0.1095095936402499,0.09165671554817492,True,97
REG,CUSR0000SAS,Prices,30,0.002651537264668315,0.05,0.097395784036935,0.08317704882585449,True,98
REG,CES0600000008,Labor_Market,50,0.002537174843468965,0.05,0.09319504440355625,0.08023653108248938,True,99
REG,PPICMM,Prices,50,0.0025141644572851843,0.05,0.09234983108778475,0.07964488176144932,True,100
REG,CES3000000008,Labor_Market,50,0.00242923960190597,0.05,0.08923038676237507,0.07746127073366255,True,101
REG,IPFUELS,Output_Income,60,0.0023425815548942935,0.05,0.08604727915748625,0.07523309541024037,True,102
REG,CES2000000008,Labor_Market,30,0.002011169981018398,0.05,0.07387392956641604,0.06671175069649123,True,103
RHI,IPNCONGD,Output_Income,10,0.0334649955722631,1.0,0.8189695537071454,0.8732786875950018,True,1
RHI,USGOVT,Labor_Market,60,0.029887198504612363,1.0,0.7314121876402205,0.8119885313481543,True,2
RHI,IPFINAL,Output_Income,60,0.029796395839962745,1.0,0.7291900263498378,0.8104330184448865,True,3
RHI,CLF16OV,Labor_Market,10,0.02883555411512801,1.0,0.7056759004665127,0.7939731303265589,True,4
RHI,CES0600000007,Labor_Market,30,0.028273148584629784,1.0,0.691912473983459,0.7843387317884213,True,5
RHI,CES2000000008,Labor_Market,10,0.028189092621903354,1.0,0.6898554208417116,0.7828987945891981,True,6
RHI,CPIMEDSL,Prices,10,0.02806841490424271,1.0,0.6869021445933545,0.7808315012153482,True,7
RHI,CUSR0000SAS,Prices,10,0.027389237521978,1.0,0.6702810278673648,0.7691967195071553,True,8
RHI,CES0600000008,Labor_Market,10,0.0273714791335388,1.0,0.6698464370596892,0.7688925059417824,True,9
RHI,IPFPNSS,Output_Income,60,0.027042771058212026,1.0,0.6618021537377626,0.7632615076164337,True,10
RHI,DSERRG3M086SBEA,Prices,10,0.02697639344310195,1.0,0.6601777326107537,0.7621244128275275,True,11
RHI,PPICRM,Prices,10,0.02693571865808611,1.0,0.6591823220343613,0.7614276254240528,True,12
RHI,CES3000000008,Labor_Market,10,0.026869317352225405,1.0,0.6575573211372632,0.7602901247960842,True,13
RHI,AWHMAN,Labor_Market,30,0.026610208306726026,1.0,0.6512162947685045,0.7558514063379531,True,14
RHI,DMANEMP,Labor_Market,60,0.026054038442764008,1.0,0.6376054701595254,0.7463238291116677,True,15
RHI,SRVPRD,Labor_Market,10,0.025844594514543,1.0,0.6324798695882825,0.7427359087117977,True,16
RHI,PCEPI,Prices,10,0.025798523647726775,1.0,0.6313524038112766,0.7419466826678935,True,17
RHI,CPIULFSL,Prices,10,0.025528479005732223,1.0,0.6247437568907137,0.7373206298234996,True,18
RHI,W875RX1,Output_Income,10,0.02537972905090564,1.0,0.6211034849577554,0.7347724394704287,True,19
RHI,CUSR0000SA0L5,Prices,10,0.02518774583717501,1.0,0.6164051903911619,0.7314836332738133,True,20
RHI,IPB51222S,Output_Income,60,0.025122426388430468,1.0,0.6148066651598886,0.730364665611922,True,21
RHI,CPIAUCSL,Prices,10,0.024969129885572202,1.0,0.6110551281767265,0.7277385897237085,True,22
RHI,HOUSTMW,Housing,10,0.040862319509657644,0.05,1.0,0.715,True,23
RHI,RPI,Output_Income,50,0.024187111028802,1.0,0.591917231303658,0.7143420619125607,True,24
RHI,DDURRG3M086SBEA,Prices,10,0.02397450874198991,1.0,0.5867143380424998,0.7107000366297498,True,25
RHI,INDPRO,Output_Income,60,0.02377830981449521,1.0,0.5819128747421032,0.7073390123194723,True,26
RHI,CUUR0000SA0L2,Prices,60,0.023655421713607207,1.0,0.5789055050586726,0.7052338535410707,True,27
RHI,IPCONGD,Output_Income,60,0.02331276548763211,1.0,0.5705198766830217,0.6993639136781151,True,28
RHI,MCOILWTICO,Prices,60,0.023148862078479146,1.0,0.5665087629939364,0.6965561340957555,True,29
RHI,IPMANSICS,Output_Income,60,0.0229578079223109,1.0,0.5618332047177331,0.6932832433024132,True,30
RHI,DNDGRG3M086SBEA,Prices,10,0.022399439356955292,1.0,0.5481685725564667,0.6837180007895267,True,31
RHI,USTPU,Labor_Market,10,0.02238713436332176,1.0,0.5478674395375587,0.683507207676291,True,32
RHI,PAYEMS,Labor_Market,10,0.022294124402430174,1.0,0.5455912603581167,0.6819138822506816,True,33
RHI,CE16OV,Labor_Market,10,0.021872320797911043,1.0,0.5352687037930289,0.6746880926551202,True,34
RHI,IPNMAT,Output_Income,60,0.02134851819631675,1.0,0.5224499845455693,0.6657149891818985,True,35
RHI,CUMFNS,Output_Income,60,0.020813216756960004,1.0,0.5093498608673177,0.6565449026071224,True,36
RHI,CPIAPPSL,Prices,10,0.020709627745422055,1.0,0.5068147866771836,0.6547703506740286,True,37
RHI,MANEMP,Labor_Market,60,0.019901462467791096,1.0,0.4870370235122719,0.6409259164585903,True,38
RHI,AWOTMAN,Labor_Market,30,0.01961538227223816,1.0,0.48003594772935354,0.6360251634105474,True,39
RHI,IPFUELS,Output_Income,30,0.019456327914999353,1.0,0.4761435020936814,0.6333004514655769,True,40
RHI,USTRADE,Labor_Market,10,0.018623361033959302,1.0,0.45575878357952115,0.6190311485056648,True,41
RHI,CUUR0000SAD,Prices,50,0.018068178821461896,1.0,0.44217212919573873,0.6095204904370171,True,42
RHI,HOUSTW,Housing,10,0.03458634348623599,0.05,0.8464116550716522,0.6074881585501565,True,43
RHI,CUSR0000SAC,Prices,10,0.0176432938332655,1.0,0.43177416370344757,0.6022419145924133,True,44
RHI,PPIITM,Prices,10,0.017640458586539755,1.0,0.4317047783440317,0.6021933448408221,True,45
RHI,BAA,Rates_FX,10,0.03392110847724231,0.05,0.8301317420129611,0.5960922194090728,True,46
RHI,PERMITMW,Housing,10,0.03354846593726623,0.05,0.821012275853239,0.5897085930972673,True,47
RHI,GS10,Rates_FX,60,0.03345187110607421,0.05,0.81864836620858,0.5880538563460059,True,48
RHI,GS5,Rates_FX,60,0.033290151866006194,0.05,0.8146907044309661,0.5852834931016763,True,49
RHI,IPDCONGD,Output_Income,10,0.016492386381577854,1.0,0.4036086688050086,0.582526068163506,True,50
RHI,RSAFS,Consumption_Orders_Inventories,10,0.03188178851258028,0.05,0.7802246395984728,0.5611572477189309,True,51
RHI,TOTRESNS,Money_Credit,60,0.03184815693477433,0.05,0.7794015933737474,0.5605811153616231,True,52
RHI,CMRMTSPL,Consumption_Orders_Inventories,10,0.03180068688151795,0.05,0.7782398861132195,0.5597679202792536,True,53
RHI,USFIRE,Labor_Market,10,0.01516185709627425,1.0,0.3710473922727467,0.5597331745909226,True,54
RHI,DPCERA3M086SBEA,Consumption_Orders_Inventories,10,0.031176565628004724,0.05,0.7629661263021613,0.5490762884115129,True,55
RHI,IPMAT,Output_Income,10,0.014406686178076404,1.0,0.35256652953025447,0.5467965706711782,True,56
RHI,PPIFGS,Prices,60,0.014200264903494539,1.0,0.347514900619833,0.5432604304338831,True,57
RHI,NONBORRES,Money_Credit,60,0.030750979364335348,0.05,0.7525509988993032,0.5417856992295123,True,58
RHI,AAA,Rates_FX,60,0.030523715016140592,0.05,0.7469892894583832,0.5378925026208682,True,59
RHI,IPBUSEQ,Output_Income,60,0.01332320862712457,1.0,0.3260512077386034,0.5282358454170224,True,60
RHI,NDMANEMP,Labor_Market,60,0.013028061657274976,1.0,0.3188282460127073,0.5231797722088951,True,61
RHI,MZMSL,Money_Credit,10,0.028746474582752438,0.05,0.703495908399383,0.507447135879568,True,62
RHI,PERMITW,Housing,10,0.028632276858004856,0.05,0.7007012132837377,0.5054908492986163,True,63
RHI,FEDFUNDS,Rates_FX,60,0.02848905210509538,0.05,0.697196156433609,0.5030373095035262,True,64
RHI,INVEST,Money_Credit,10,0.028273409635079592,0.05,0.6919188625206968,0.4993432037644877,True,65
RHI,CPITRNSL,Prices,10,0.01160096048341009,1.0,0.2839036212975685,0.49873253490829794,True,66
RHI,DTCTHFNM,Money_Credit,50,0.027643266460619823,0.05,0.6764977317082171,0.48854841219575196,True,67
RHI,M2REAL,Money_Credit,10,0.027631690264881215,0.05,0.6762144341402494,0.48835010389817457,True,68
RHI,UNRATE,Labor_Market,10,0.010922127709035567,1.0,0.26729093796190806,0.48710365657333565,True,69
RHI,M2SL,Money_Credit,10,0.027491417456993756,0.05,0.6727816185396982,0.48594713297778874,True,70
RHI,M1SL,Money_Credit,10,0.027356037404048694,0.05,0.6694685405115881,0.48362797835811167,True,71
RHI,HOUST,Housing,10,0.02731992110584047,0.05,0.6685846871561835,0.4830092810093284,True,72
RHI,PPICMM,Prices,60,0.009741339573887937,1.0,0.238394190314762,0.4668759332203334,True,73
RHI,USGOOD,Labor_Market,60,0.009602986549683524,1.0,0.23500835647408358,0.4645058495318585,True,74
RHI,IPDMAT,Output_Income,60,0.009592168872874207,1.0,0.23474362170280463,0.46432053519196326,True,75
RHI,USCONS,Labor_Market,30,0.009164495311160592,1.0,0.22427741305763615,0.4569941891403453,True,76
RHI,NONREVSL,Money_Credit,10,0.02550957046715883,0.05,0.6242810191215344,0.4519967133850741,True,77
RHI,PERMIT,Housing,10,0.025073940611660652,0.05,0.6136201006830885,0.4445340704781619,True,78
RHI,GS1,Rates_FX,60,0.0249992068648777,0.05,0.6117911847605528,0.443253829332387,True,79
RHI,EXUSUK,Rates_FX,10,0.0241557005307746,0.05,0.5911485402845401,0.4288039781991781,True,80
RHI,BUSLOANS,Money_Credit,60,0.02400799838170331,0.05,0.5875339106980728,0.42627373748865094,True,81
RHI,CPF3M,Rates_FX,60,0.023879984779735016,0.05,0.5844011075800795,0.4240807753060556,True,82
RHI,PPIFCG,Prices,60,0.00640946825599893,1.0,0.1568552234163819,0.4097986563914673,True,83
RHI,HOUSTS,Housing,30,0.022671060898042668,0.05,0.5548158100199,0.40337106701393,True,84
RHI,AMBSL,Money_Credit,10,0.022642075754777204,0.05,0.5541064733103523,0.40287453131724665,True,85
RHI,SP500,Stock_Market,10,0.022639010387925297,0.05,0.5540314563536869,0.40282201944758084,True,86
RHI,UEMPMEAN,Labor_Market,10,0.005813721932455761,1.0,0.1422758669165051,0.3995931068415536,True,87
RHI,UMCSENT,Consumption_Orders_Inventories,10,0.022077195048602703,0.05,0.5402824732791991,0.39319773129543933,True,88
RHI,REALLN,Money_Credit,10,0.020890383114124923,0.05,0.5112383086620319,0.3728668160634223,True,89
RHI,PERMITS,Housing,10,0.020786962657045476,0.05,0.5087073594080376,0.3710951515856263,True,90
RHI,BUSINV,Consumption_Orders_Inventories,10,0.01918816373623854,0.05,0.4695808746662924,0.34370661226640464,True,91
RHI,EXCAUS,Rates_FX,60,0.019094602532276187,0.05,0.4672912052328125,0.34210384366296875,True,92
RHI,PERMITNE,Housing,10,0.018812603128948623,0.05,0.4603899963266241,0.33727299742863687,True,93
RHI,ISRATIO,Consumption_Orders_Inventories,60,0.018290603348265603,0.05,0.447615396476519,0.32833077753356327,True,94
RHI,TB6MS,Rates_FX,60,0.017771793865483984,0.05,0.4349188709486668,0.31944320966406675,True,95
RHI,ANDENO,Consumption_Orders_Inventories,60,0.017604421109522636,0.05,0.4308228539342193,0.3165759977539535,True,96
RHI,AMDMUO,Consumption_Orders_Inventories,10,0.017564181768494235,0.05,0.42983809972762343,0.3158866698093364,True,97
RHI,EXSZUS,Rates_FX,60,0.01621232463173247,0.05,0.3967548789759904,0.29272841528319327,True,98
RHI,DTCOLNVHFNM,Money_Credit,10,0.013292948207266633,0.05,0.3253106619198379,0.2427174633438865,True,99
RHI,ACOGNO,Consumption_Orders_Inventories,10,0.01287826668068217,0.05,0.3151623998642183,0.2356136799049528,True,100
RHI,TB3MS,Rates_FX,10,0.00915277452618437,0.05,0.2239905770405703,0.1717934039283992,True,101
RHI,EXJPUS,Rates_FX,60,0.008229443631775975,0.05,0.20139443209607763,0.15597610246725435,True,102
RHI,HOUSTNE,Housing,50,0.005668287099852987,0.05,0.13871672405951674,0.11210170684166171,True,103
STLD,MCOILWTICO,Prices,60,0.0489578587125299,1.0,1.0,1.0,True,1
STLD,IPFINAL,Output_Income,60,0.041013878424611266,1.0,0.8377384040718775,0.8864168828503143,True,2
STLD,PPIITM,Prices,10,0.03919854497922708,1.0,0.8006588933840545,0.8604612253688382,True,3
STLD,PPICRM,Prices,30,0.03836077820935411,1.0,0.7835468955985271,0.8484828269189688,True,4
STLD,IPMANSICS,Output_Income,60,0.0371863508134318,1.0,0.7595583587873423,0.8316908511511396,True,5
STLD,IPFPNSS,Output_Income,60,0.03591180632149594,1.0,0.7335248572116359,0.813467400048145,True,6
STLD,INDPRO,Output_Income,60,0.031162238047258446,1.0,0.6365114583592484,0.7455580208514738,True,7
STLD,PPICMM,Prices,60,0.030015154233973752,1.0,0.6130814341823309,0.7291570039276316,True,8
STLD,IPBUSEQ,Output_Income,60,0.029416793523116217,1.0,0.6008594799017937,0.7206016359312555,True,9
STLD,CPITRNSL,Prices,60,0.028840262370217404,1.0,0.5890834102766068,0.7123583871936248,True,10
STLD,CUMFNS,Output_Income,60,0.0272198281556378,1.0,0.5559848586407101,0.6891894010484971,True,11
STLD,IPNMAT,Output_Income,50,0.026919260338678516,1.0,0.5498455415859315,0.6848918791101519,True,12
STLD,IPDMAT,Output_Income,60,0.024609882912341677,1.0,0.5026748219697609,0.6518723753788326,True,13
STLD,IPMAT,Output_Income,50,0.021863722507872028,1.0,0.44658249120434657,0.6126077438430426,True,14
STLD,USGOVT,Labor_Market,60,0.02164396915936701,1.0,0.44209386865662936,0.6094657080596405,True,15
STLD,IPCONGD,Output_Income,60,0.021311123787300698,1.0,0.4352952589784424,0.6047066812849097,True,16
STLD,PPIFCG,Prices,10,0.020946771423768277,1.0,0.4278530960016705,0.5994971672011693,True,17
STLD,DMANEMP,Labor_Market,60,0.020259643873088595,1.0,0.41381801422421066,0.5896726099569474,True,18
STLD,UNRATE,Labor_Market,60,0.019288314084023414,1.0,0.39397789428006397,0.5757845259960448,True,19
STLD,GS5,Rates_FX,60,0.037397202883701706,0.05,0.7638651662297998,0.5497056163608599,True,20
STLD,CUUR0000SAD,Prices,50,0.015947066557011464,1.0,0.3257304746649406,0.5280113322654584,True,21
STLD,DNDGRG3M086SBEA,Prices,50,0.015680039728619387,1.0,0.3202762567842118,0.5241933797489482,True,22
STLD,PPIFGS,Prices,10,0.01507495397685961,1.0,0.3079169386344391,0.5155418570441074,True,23
STLD,ACOGNO,Consumption_Orders_Inventories,60,0.034950958934763326,0.05,0.7138988479865489,0.5147291935905842,True,24
STLD,ISRATIO,Consumption_Orders_Inventories,60,0.034663507469083865,0.05,0.7080274419806754,0.5106192093864727,True,25
STLD,CUSR0000SAC,Prices,50,0.014058326732487119,1.0,0.28715158510168126,0.5010061095711769,True,26
STLD,MANEMP,Labor_Market,60,0.013750832820138347,1.0,0.2808707974930093,0.4966095582451065,True,27
STLD,GS10,Rates_FX,60,0.0324834611838687,0.05,0.66349840532456,0.47944888372719197,True,28
STLD,IPDCONGD,Output_Income,10,0.011852972272398317,1.0,0.24210561050058257,0.46947392735040777,True,29
STLD,CLF16OV,Labor_Market,10,0.010914114479006759,1.0,0.22292875477034463,0.4560501283392412,True,30
STLD,DDURRG3M086SBEA,Prices,60,0.010793788077806355,1.0,0.22047100019600888,0.4543297001372062,True,31
STLD,CES0600000007,Labor_Market,10,0.010175450949834847,1.0,0.20784101301453814,0.4454887091101767,True,32
STLD,AWHMAN,Labor_Market,60,0.0100239985239187,1.0,0.20474748666557252,0.44332324066590073,True,33
STLD,CE16OV,Labor_Market,60,0.009966123693706221,1.0,0.20356535101392348,0.4424957457097464,True,34
STLD,CPIMEDSL,Prices,60,0.009790396450161934,1.0,0.199975993795992,0.43998319565719435,True,35
STLD,SRVPRD,Labor_Market,60,0.009779030340325416,1.0,0.19974383270611967,0.4398206828942838,True,36
STLD,CUSR0000SAS,Prices,60,0.009690013137927875,1.0,0.1979255913708474,0.43854791395959314,True,37
STLD,CES0600000008,Labor_Market,60,0.009687978129548528,1.0,0.19788402483928613,0.43851881738750026,True,38
STLD,PAYEMS,Labor_Market,60,0.009476534060179363,1.0,0.19356512538310852,0.435495587768176,True,39
STLD,CES3000000008,Labor_Market,60,0.009350455989594848,1.0,0.19098988876328782,0.43369292213430144,True,40
STLD,IPB51222S,Output_Income,50,0.00929294232654607,1.0,0.18981513021458402,0.43287059115020876,True,41
STLD,CES2000000008,Labor_Market,60,0.009245381932063703,1.0,0.18884367444153577,0.432190572109075,True,42
STLD,AWOTMAN,Labor_Market,50,0.009198198396483044,1.0,0.18787991628663545,0.43151594140064475,True,43
STLD,W875RX1,Output_Income,10,0.009098961800462194,1.0,0.18585293637716788,0.4300970554640175,True,44
STLD,CPIAPPSL,Prices,60,0.008959166545823532,1.0,0.18299751626046076,0.42809826138232254,True,45
STLD,NDMANEMP,Labor_Market,60,0.00889982290660756,1.0,0.181785379112788,0.42724976537895154,True,46
STLD,USGOOD,Labor_Market,60,0.00876474158058103,1.0,0.17902624442882037,0.42531837110017423,True,47
STLD,RPI,Output_Income,60,0.00862739973267087,1.0,0.1762209369353574,0.4233546558547502,True,48
STLD,IPNCONGD,Output_Income,60,0.008554832716376299,1.0,0.1747387026587182,0.4223170918611027,True,49
STLD,USTPU,Labor_Market,60,0.008340746576988927,1.0,0.17036583699389327,0.4192560858957253,True,50
STLD,UEMPMEAN,Labor_Market,30,0.008314003404578928,1.0,0.16981958817678244,0.4188737117237477,True,51
STLD,DSERRG3M086SBEA,Prices,60,0.008245133676859395,1.0,0.16841287371804922,0.4178890116026344,True,52
STLD,USCONS,Labor_Market,10,0.007433977048485206,1.0,0.15184440749616793,0.40629108524731755,True,53
STLD,ANDENO,Consumption_Orders_Inventories,60,0.027310464647458267,0.05,0.5578361751444132,0.4054853226010892,True,54
STLD,USFIRE,Labor_Market,10,0.007022425456774451,1.0,0.14343816583173366,0.40040671608221357,True,55
STLD,USTRADE,Labor_Market,60,0.006809277039382393,1.0,0.1390844538231342,0.3973591176761939,True,56
STLD,EXCAUS,Rates_FX,60,0.026473739041265577,0.05,0.5407454438870319,0.39352181072092235,True,57
STLD,PCEPI,Prices,60,0.00505321786008448,1.0,0.10321566328617222,0.37225096430032056,True,58
STLD,HOUSTMW,Housing,10,0.024963301175125505,0.05,0.5098936479576176,0.3719255535703323,True,59
STLD,EXUSUK,Rates_FX,60,0.02445563890752215,0.05,0.49952427558403734,0.36466699290882615,True,60
STLD,CPIAUCSL,Prices,60,0.004263259959752284,1.0,0.08708019655813046,0.3609561375906913,True,61
STLD,IPFUELS,Output_Income,30,0.0038955417611152275,1.0,0.07956928394252324,0.3556984987597663,True,62
STLD,CUSR0000SA0L5,Prices,60,0.0031322407821459974,1.0,0.06397830429099946,0.3447848130036996,True,63
STLD,CPIULFSL,Prices,60,0.002875194731337317,1.0,0.058727951077677774,0.34110956575437446,True,64
STLD,CUUR0000SA0L2,Prices,30,0.00234470617282024,1.0,0.047892335050596355,0.3335246345354174,True,65
STLD,AAA,Rates_FX,60,0.020390048913791075,0.05,0.4164816323670749,0.3065371426569524,True,66
STLD,HOUSTNE,Housing,30,0.019320149875865486,0.05,0.3946281635663292,0.29123971449643044,True,67
STLD,DTCTHFNM,Money_Credit,60,0.018089107215676595,0.05,0.3694832186573349,0.27363825306013445,True,68
STLD,REALLN,Money_Credit,60,0.01768638296769989,0.05,0.36125728193200923,0.2678800973524065,True,69
STLD,GS1,Rates_FX,60,0.017630859717448787,0.05,0.3601231790175594,0.2670862253122916,True,70
STLD,FEDFUNDS,Rates_FX,60,0.01689196345464511,0.05,0.3450306835074449,0.25652147845521145,True,71
STLD,HOUSTW,Housing,10,0.01681076193875218,0.05,0.3433720832739313,0.2553604582917519,True,72
STLD,PERMITMW,Housing,10,0.015539903324105292,0.05,0.31741386843228353,0.23718970790259847,True,73
STLD,BUSLOANS,Money_Credit,60,0.015248959622730292,0.05,0.31147113096324186,0.2330297916742693,True,74
STLD,BAA,Rates_FX,10,0.014651940441040897,0.05,0.299276578395186,0.22449360487663017,True,75
STLD,NONBORRES,Money_Credit,60,0.0139172214912151,0.05,0.2842694075517897,0.21398858528625275,True,76
STLD,CMRMTSPL,Consumption_Orders_Inventories,10,0.013863351593471853,0.05,0.28316907556914395,0.21321835289840074,True,77
STLD,TOTRESNS,Money_Credit,60,0.01382836705927323,0.05,0.2824544909218855,0.21271814364531982,True,78
STLD,PERMITW,Housing,10,0.013170265200191796,0.05,0.2690122800820351,0.20330859605742457,True,79
STLD,HOUST,Housing,10,0.012113366995528334,0.05,0.24742436279036303,0.1881970539532541,True,80
STLD,M2REAL,Money_Credit,60,0.011744760553095672,0.05,0.23989530714687501,0.1829267150028125,True,81
STLD,CPF3M,Rates_FX,50,0.011554107009075536,0.05,0.2360010693465739,0.1802007485426017,True,82
STLD,INVEST,Money_Credit,60,0.011428653332748184,0.05,0.23343858643521967,0.17840701050465374,True,83
STLD,MZMSL,Money_Credit,10,0.01136563398942597,0.05,0.2321513703481712,0.1775059592437198,True,84
STLD,DPCERA3M086SBEA,Consumption_Orders_Inventories,10,0.011235231264501338,0.05,0.22948779950675982,0.17564145965473188,True,85
STLD,RSAFS,Consumption_Orders_Inventories,10,0.011013296311968715,0.05,0.2249546161043611,0.17246823127305277,True,86
STLD,EXSZUS,Rates_FX,30,0.009892138598152064,0.05,0.20205415143330901,0.1564379060033163,True,87
STLD,M2SL,Money_Credit,60,0.009672196860162893,0.05,0.19756168089286683,0.15329317662500674,True,88
STLD,UMCSENT,Consumption_Orders_Inventories,60,0.009608000750300532,0.05,0.196250428490279,0.15237529994319526,True,89
STLD,M1SL,Money_Credit,60,0.009506935270402233,0.05,0.19418609229265782,0.15093026460486048,True,90
STLD,SP500,Stock_Market,60,0.009421685856712474,0.05,0.192444810791963,0.1497113675543741,True,91
STLD,EXJPUS,Rates_FX,30,0.009156015984651319,0.05,0.18701830973477598,0.1459128168143432,True,92
STLD,TB6MS,Rates_FX,10,0.009052490030331256,0.05,0.18490371655111687,0.1444326015857818,True,93
STLD,NONREVSL,Money_Credit,60,0.009041379752311389,0.05,0.18467678101283885,0.14427374670898718,True,94
STLD,PERMITNE,Housing,60,0.008787202895182694,0.05,0.17948503317474063,0.14063952322231843,True,95
STLD,HOUSTS,Housing,10,0.008352263569582914,0.05,0.17060107997422075,0.13442075598195452,True,96
STLD,AMDMUO,Consumption_Orders_Inventories,50,0.007149749375782055,0.05,0.14603884981497778,0.11722719487048444,True,97
STLD,PERMITS,Housing,60,0.006497734100688942,0.05,0.13272096189586743,0.1079046733271072,True,98
STLD,PERMIT,Housing,10,0.005849734366565562,0.05,0.11948509433212662,0.09863956603248862,True,99
STLD,AMBSL,Money_Credit,30,0.005731513469104336,0.05,0.11707034620853334,0.09694924234597332,True,100
STLD,DTCOLNVHFNM,Money_Credit,30,0.004912373547020524,0.05,0.10033881538538957,0.08523717076977269,True,101
STLD,TB3MS,Rates_FX,50,0.0038140910353046424,0.05,0.07790559341453578,0.06953391539017503,True,102
STLD,BUSINV,Consumption_Orders_Inventories,60,0.002081851767183429,0.05,0.042523341950219236,0.044766339365153465,True,103
TECH,PPICRM,Prices,60,0.04493367788956493,1.0,1.0,1.0,True,1
TECH,CES3000000008,Labor_Market,60,0.04365086285635429,1.0,0.9714509229277102,0.9800156460493972,True,2
TECH,CPIMEDSL,Prices,60,0.043455784300319746,1.0,0.9671094453279019,0.9769766117295313,True,3
TECH,CES0600000008,Labor_Market,60,0.04327693009145831,1.0,0.9631290409349873,0.9741903286544911,True,4
TECH,CUSR0000SAS,Prices,60,0.04309606293453693,1.0,0.9591038383382645,0.9713726868367851,True,5
TECH,CES2000000008,Labor_Market,60,0.04245800051385533,1.0,0.9449037449862404,0.9614326214903683,True,6
TECH,DSERRG3M086SBEA,Prices,60,0.04233917075769276,1.0,0.9422591861220713,0.9595814302854497,True,7
TECH,PCEPI,Prices,60,0.03975749630012566,1.0,0.8848039636959842,0.9193627745871888,True,8
TECH,W875RX1,Output_Income,10,0.03964529917018475,1.0,0.882307014075776,0.9176149098530433,True,9
TECH,RPI,Output_Income,50,0.039397660398625085,1.0,0.8767958077114029,0.9137570653979818,True,10
TECH,CUMFNS,Output_Income,30,0.039238317315275856,1.0,0.873249623850361,0.9112747366952527,True,11
TECH,CPIAUCSL,Prices,60,0.03812282577917301,1.0,0.8484243349246597,0.8938970344472619,True,12
TECH,CPIULFSL,Prices,10,0.03794375262694609,1.0,0.8444390579422806,0.8911073405595964,True,13
TECH,CUUR0000SA0L2,Prices,10,0.03783255754485101,1.0,0.8419644089191499,0.8893750862434049,True,14
TECH,CUSR0000SA0L5,Prices,10,0.03760889710597729,1.0,0.8369868408815765,0.8858907886171035,True,15
TECH,CLF16OV,Labor_Market,10,0.03705618927600073,1.0,0.8246863158425408,0.8772804210897784,True,16
TECH,IPNCONGD,Output_Income,60,0.03704013792076983,1.0,0.8243290925751654,0.8770303648026156,True,17
TECH,SRVPRD,Labor_Market,10,0.03663015532996084,1.0,0.8152049209056079,0.8706434446339255,True,18
TECH,MCOILWTICO,Prices,60,0.03645860476578616,1.0,0.8113870592875071,0.8679709415012549,True,19
TECH,DDURRG3M086SBEA,Prices,60,0.03633331335667425,1.0,0.8085986961933521,0.8660190873353464,True,20
TECH,USTPU,Labor_Market,10,0.03578114678934201,1.0,0.7963102169664942,0.8574171518765459,True,21
TECH,PAYEMS,Labor_Market,10,0.035209352828763696,1.0,0.7835849296667625,0.8485094507667337,True,22
TECH,CE16OV,Labor_Market,10,0.03367015415769248,1.0,0.7493300290362341,0.824531020325364,True,23
TECH,IPDCONGD,Output_Income,10,0.033421443348862,1.0,0.7437949644585748,0.8206564751210024,True,24
TECH,IPB51222S,Output_Income,50,0.03263018241316256,1.0,0.7261854347502757,0.808329804325193,True,25
TECH,USFIRE,Labor_Market,10,0.031476471894237586,1.0,0.700509581512522,0.7903567070587654,True,26
TECH,CES0600000007,Labor_Market,30,0.030397336981050873,1.0,0.6764934100377777,0.7735453870264444,True,27
TECH,IPMAT,Output_Income,10,0.02887597499109358,1.0,0.6426354651418269,0.7498448255992788,True,28
TECH,AWOTMAN,Labor_Market,30,0.02865917433530647,1.0,0.6378105617292918,0.7464673932105043,True,29
TECH,USCONS,Labor_Market,10,0.028229109738189047,1.0,0.6282394645630549,0.7397676251941384,True,30
TECH,UNRATE,Labor_Market,10,0.02764303681539005,1.0,0.6151963986417784,0.7306374790492449,True,31
TECH,M2REAL,Money_Credit,60,0.04465277206475184,0.05,0.9937484346261733,0.7106239042383213,True,32
TECH,PPIITM,Prices,30,0.026101956902854155,1.0,0.5808996309406466,0.7066297416584526,True,33
TECH,CMRMTSPL,Consumption_Orders_Inventories,10,0.04363836814827444,0.05,0.9711728529217213,0.6948209970452048,True,34
TECH,EXUSUK,Rates_FX,60,0.04344992819341296,0.05,0.9669791175385503,0.6918853822769852,True,35
TECH,INDPRO,Output_Income,10,0.025137631670672612,1.0,0.5594385514681048,0.6916069860276733,True,36
TECH,MZMSL,Money_Credit,60,0.04340441186064886,0.05,0.965966150541369,0.6911763053789582,True,37
TECH,M2SL,Money_Credit,60,0.043345932812375185,0.05,0.9646646980224499,0.6902652886157149,True,38
TECH,DPCERA3M086SBEA,Consumption_Orders_Inventories,10,0.04324230684146669,0.05,0.9623584997369862,0.6886509498158903,True,39
TECH,M1SL,Money_Credit,60,0.04303584742107726,0.05,0.9577637407480413,0.6854346185236289,True,40
TECH,RSAFS,Consumption_Orders_Inventories,10,0.04298474563984685,0.05,0.9566264694711161,0.6846385286297813,True,41
TECH,HOUSTW,Housing,10,0.04291570826685199,0.05,0.9550900412008878,0.6835630288406215,True,42
TECH,INVEST,Money_Credit,60,0.04285132725934877,0.05,0.9536572404481551,0.6825600683137085,True,43
TECH,IPFINAL,Output_Income,60,0.024370192452037753,1.0,0.5423591746024714,0.67965142222173,True,44
TECH,USTRADE,Labor_Market,10,0.02339063043232971,1.0,0.5205590000849181,0.6643913000594426,True,45
TECH,NONREVSL,Money_Credit,60,0.04066388967638379,0.05,0.9049757684275224,0.6484830378992656,True,46
TECH,PERMITW,Housing,10,0.04041846539479946,0.05,0.8995138455867631,0.6446596919107341,True,47
TECH,HOUSTS,Housing,30,0.039720555686349815,0.05,0.8839818495154662,0.6337872946608263,True,48
TECH,NONBORRES,Money_Credit,50,0.039309038164307544,0.05,0.874823517917201,0.6273764625420407,True,49
TECH,PERMIT,Housing,10,0.03908068332416295,0.05,0.8697414758750199,0.623819033112514,True,50
TECH,SP500,Stock_Market,30,0.0387558334928949,0.05,0.862511935660964,0.6187583549626747,True,51
TECH,REALLN,Money_Credit,60,0.03866550407119409,0.05,0.8605016523736083,0.6173511566615258,True,52
TECH,PERMITS,Housing,10,0.038304555405406844,0.05,0.8524687317950979,0.6117281122565684,True,53
TECH,IPFPNSS,Output_Income,60,0.019742745914749494,1.0,0.4393752490786962,0.6075626743550873,True,54
TECH,AWHMAN,Labor_Market,30,0.019513129086562556,1.0,0.43426512146458734,0.6039855850252112,True,55
TECH,USGOOD,Labor_Market,10,0.019262837627932027,1.0,0.42869487949050106,0.6000864156433507,True,56
TECH,IPDMAT,Output_Income,10,0.01863127918817886,1.0,0.41463953237857815,0.5902476726650047,True,57
TECH,TOTRESNS,Money_Credit,50,0.036733710608657676,0.05,0.8175095459343302,0.5872566821540312,True,58
TECH,IPCONGD,Output_Income,10,0.018411921917337155,1.0,0.40975773144118716,0.586830412008831,True,59
TECH,BUSINV,Consumption_Orders_Inventories,10,0.0364636290416636,0.05,0.8114988746588147,0.5830492122611702,True,60
TECH,CUUR0000SAD,Prices,60,0.018112630173838958,1.0,0.4030969870384304,0.5821678909269012,True,61
TECH,EXCAUS,Rates_FX,60,0.035949098597194265,0.05,0.8000479881826639,0.5750335917278647,True,62
TECH,AAA,Rates_FX,30,0.035732239672013506,0.05,0.7952217879834783,0.5716552515884348,True,63
TECH,HOUST,Housing,30,0.03562368249128779,0.05,0.7928058455139453,0.5699640918597617,True,64
TECH,BAA,Rates_FX,30,0.0353630935206758,0.05,0.7870064321818684,0.5659045025273078,True,65
TECH,DNDGRG3M086SBEA,Prices,10,0.01685722151760268,1.0,0.37515783949476084,0.5626104876463325,True,66
TECH,CUSR0000SAC,Prices,10,0.01610294158843862,1.0,0.3583713229087408,0.5508599260361186,True,67
TECH,PERMITNE,Housing,10,0.033849375872970267,0.05,0.7533186122926119,0.5423230286048283,True,68
TECH,IPFUELS,Output_Income,30,0.015531261248590389,1.0,0.34564856424088214,0.5419539949686174,True,69
TECH,BUSLOANS,Money_Credit,60,0.03338043836829088,0.05,0.742882397704705,0.5350176783932935,True,70
TECH,USGOVT,Labor_Market,50,0.014633474371969275,1.0,0.32566829735002945,0.5279678081450205,True,71
TECH,PERMITMW,Housing,30,0.03274346713362156,0.05,0.7287065887216337,0.5250946121051436,True,72
TECH,NDMANEMP,Labor_Market,10,0.0137893655614301,1.0,0.3068826370127259,0.5148178459089081,True,73
TECH,MANEMP,Labor_Market,10,0.011501648407659574,1.0,0.25596944091528806,0.4791786086407016,True,74
TECH,CPIAPPSL,Prices,30,0.011453086673491547,1.0,0.25488869844218404,0.4784220889095288,True,75
TECH,CPITRNSL,Prices,10,0.01119602298723091,1.0,0.24916774039168946,0.4744174182741826,True,76
TECH,PPICMM,Prices,60,0.010764260710977868,1.0,0.23955886133856144,0.46769120293699296,True,77
TECH,UEMPMEAN,Labor_Market,30,0.009744414472504482,1.0,0.21686216063714325,0.45180351244600025,True,78
TECH,HOUSTMW,Housing,30,0.027948597415729897,0.05,0.6219966565928599,0.4503976596150019,True,79
TECH,PPIFCG,Prices,50,0.009295951490762497,1.0,0.20688160701221658,0.4448171249085516,True,80
TECH,IPBUSEQ,Output_Income,10,0.009192138686799448,1.0,0.20457125075297172,0.4431998755270802,True,81
TECH,IPMANSICS,Output_Income,10,0.009066712482276603,1.0,0.20177988778395084,0.44124592144876557,True,82
TECH,EXJPUS,Rates_FX,60,0.027124875447533902,0.05,0.6036647058849636,0.4375652941194745,True,83
TECH,DMANEMP,Labor_Market,10,0.008700045125588161,1.0,0.19361969761234696,0.43553378832864287,True,84
TECH,DTCOLNVHFNM,Money_Credit,10,0.026934850325787178,0.05,0.599435692577534,0.43460498480427384,True,85
TECH,PPIFGS,Prices,10,0.007283137118865672,1.0,0.16208637843458293,0.413460464904208,True,86
TECH,DTCTHFNM,Money_Credit,60,0.025021356197426722,0.05,0.5568508382270106,0.4047955867589074,True,87
TECH,UMCSENT,Consumption_Orders_Inventories,10,0.024634742612099227,0.05,0.5482467442937766,0.39877272100564365,True,88
TECH,AMBSL,Money_Credit,50,0.02362733354608984,0.05,0.5258268331419379,0.3830787831993565,True,89
TECH,GS10,Rates_FX,50,0.023573361467329083,0.05,0.5246256833296877,0.3822379783307814,True,90
TECH,IPNMAT,Output_Income,50,0.004493588765284813,1.0,0.10000491783309755,0.3700034424831683,True,91
TECH,AMDMUO,Consumption_Orders_Inventories,10,0.021654786970488504,0.05,0.4819277652657375,0.35234943568601623,True,92
TECH,ACOGNO,Consumption_Orders_Inventories,10,0.01791659631051489,0.05,0.3987342490536639,0.2941139743375647,True,93
TECH,EXSZUS,Rates_FX,10,0.017555536496638744,0.05,0.3906988548719649,0.2884891984103754,True,94
TECH,TB3MS,Rates_FX,10,0.014211737228392531,0.05,0.31628252784740246,0.2363977694931817,True,95
TECH,HOUSTNE,Housing,30,0.014199546801474186,0.05,0.31601122962542505,0.23620786073779754,True,96
TECH,GS5,Rates_FX,50,0.014173298236074333,0.05,0.31542706721912556,0.2357989470533879,True,97
TECH,CPF3M,Rates_FX,60,0.012327289293534913,0.05,0.27434409717878255,0.20704086802514776,True,98
TECH,ISRATIO,Consumption_Orders_Inventories,50,0.011785024096810702,0.05,0.262275973174846,0.19859318122239222,True,99
TECH,ANDENO,Consumption_Orders_Inventories,60,0.010918935016205052,0.05,0.24300114143874224,0.18510079900711957,True,100
TECH,FEDFUNDS,Rates_FX,60,0.00922702671063425,0.05,0.20534768449873694,0.15874337914911585,True,101
TECH,GS1,Rates_FX,60,0.00761804588715025,0.05,0.16953978051548302,0.1336778463608381,True,102
TECH,TB6MS,Rates_FX,10,0.007077224237704545,0.05,0.1575037826883098,0.12525264788181684,True,103
TFX,IPFUELS,Output_Income,30,0.03596047763750582,1.0,1.0,1.0,True,1
TFX,CPIAPPSL,Prices,10,0.026870797649065678,1.0,0.7472313888578653,0.8230619722005057,True,2
TFX,PPICMM,Prices,60,0.025918505623770384,1.0,0.7207497599180406,0.8045248319426284,True,3
TFX,SRVPRD,Labor_Market,10,0.025703496583092143,1.0,0.7147707225191048,0.8003395057633733,True,4
TFX,DDURRG3M086SBEA,Prices,10,0.025572090499581552,1.0,0.711116541814521,0.7977815792701646,True,5
TFX,CLF16OV,Labor_Market,10,0.025468326569344772,1.0,0.708231042592771,0.7957617298149398,True,6
TFX,AWOTMAN,Labor_Market,30,0.024019516022494025,1.0,0.6679420742021044,0.767559451941473,True,7
TFX,IPDMAT,Output_Income,10,0.02359644419668,1.0,0.6561771630104696,0.7593240141073286,True,8
TFX,CUUR0000SAD,Prices,60,0.022381308771215573,1.0,0.6223863041205122,0.7356704128843585,True,9
TFX,CE16OV,Labor_Market,10,0.022377010659430024,1.0,0.6222667809086996,0.7355867466360897,True,10
TFX,AWHMAN,Labor_Market,10,0.02231504485640312,1.0,0.6205436168380902,0.7343805317866632,True,11
TFX,IPNCONGD,Output_Income,10,0.022182344237342548,1.0,0.6168534372915825,0.7317974061041077,True,12
TFX,CPIMEDSL,Prices,10,0.022059311211866592,1.0,0.6134320971548866,0.7294024680084206,True,13
TFX,CES2000000008,Labor_Market,10,0.021972622437767465,1.0,0.6110214291161308,0.7277150003812916,True,14
TFX,PAYEMS,Labor_Market,10,0.02193800370637318,1.0,0.6100587408075033,0.7270411185652523,True,15
TFX,IPMAT,Output_Income,10,0.0218991448257634,1.0,0.6089781411280026,0.7262846987896019,True,16
TFX,DSERRG3M086SBEA,Prices,10,0.02163843802761171,1.0,0.6017283264625884,0.7212098285238119,True,17
TFX,CUSR0000SAS,Prices,10,0.021585208009163904,1.0,0.600248089770952,0.7201736628396664,True,18
TFX,RPI,Output_Income,50,0.021453844650784443,1.0,0.5965950971799289,0.7176165680259502,True,19
TFX,CES0600000008,Labor_Market,10,0.02142963584683526,1.0,0.5959218913289607,0.7171453239302724,True,20
TFX,CES0600000007,Labor_Market,30,0.021349117717610125,1.0,0.5936828184769039,0.7155779729338327,True,21
TFX,USTRADE,Labor_Market,10,0.02123666310964647,1.0,0.5905556462213727,0.7133889523549608,True,22
TFX,CES3000000008,Labor_Market,10,0.02121721045243354,1.0,0.5900147007587173,0.7130102905311021,True,23
TFX,PPICRM,Prices,60,0.02118937656411867,1.0,0.5892406874490098,0.7124684812143068,True,24
TFX,CPIULFSL,Prices,10,0.02048846149426045,1.0,0.5697494260446512,0.6988245982312558,True,25
TFX,CPIAUCSL,Prices,10,0.02032312155232592,1.0,0.565151602189217,0.6956061215324518,True,26
TFX,PCEPI,Prices,10,0.02001954046512919,1.0,0.5567095261340285,0.6896966682938199,True,27
TFX,CUSR0000SA0L5,Prices,10,0.01988571737580157,1.0,0.5529881325897991,0.6870916928128593,True,28
TFX,W875RX1,Output_Income,50,0.019019753943912587,1.0,0.5289071556734689,0.6702350089714282,True,29
TFX,USTPU,Labor_Market,30,0.01889169286570356,1.0,0.5253459939030406,0.6677421957321283,True,30
TFX,CUUR0000SA0L2,Prices,10,0.01862842939020541,1.0,0.5180250823692191,0.6626175576584533,True,31
TFX,MCOILWTICO,Prices,60,0.018352427212946866,1.0,0.5103499291067751,0.6572449503747426,True,32
TFX,UNRATE,Labor_Market,30,0.01820575515398195,1.0,0.5062712274709564,0.6543898592296695,True,33
TFX,PPIFGS,Prices,60,0.018144457758900633,1.0,0.5045666506936618,0.6531966554855633,True,34
TFX,IPNMAT,Output_Income,10,0.018021174405735224,1.0,0.5011383493677409,0.6507968445574186,True,35
TFX,IPCONGD,Output_Income,60,0.017315021908875215,1.0,0.4815014439857192,0.6370510107900034,True,36
TFX,PPIFCG,Prices,10,0.016773780135147888,1.0,0.46645042661094366,0.6265152986276605,True,37
TFX,DNDGRG3M086SBEA,Prices,10,0.015321386684271252,1.0,0.4260618237253739,0.5982432766077617,True,38
TFX,AMBSL,Money_Credit,10,0.02926089199541996,0.05,0.8136958660666295,0.5845871062466406,True,39
TFX,UMCSENT,Consumption_Orders_Inventories,10,0.02874662648421042,0.05,0.7993950128801531,0.5745765090161071,True,40
TFX,CUSR0000SAC,Prices,10,0.013708683336829158,1.0,0.38121527402993577,0.566850691820955,True,41
TFX,INDPRO,Output_Income,10,0.013482451211246903,1.0,0.3749241416411296,0.5624468991487908,True,42
TFX,IPBUSEQ,Output_Income,10,0.013305916006234443,1.0,0.37001499647370445,0.559010497531593,True,43
TFX,CUMFNS,Output_Income,10,0.013222695246464525,1.0,0.3677007680419019,0.5573905376293313,True,44
TFX,USGOVT,Labor_Market,60,0.011802830247766414,1.0,0.32821672633892873,0.5297517084372501,True,45
TFX,IPDCONGD,Output_Income,10,0.011604742026148822,1.0,0.322708228270177,0.5258957597891238,True,46
TFX,IPMANSICS,Output_Income,10,0.010837360829165648,1.0,0.3013686564013424,0.5109580594809396,True,47
TFX,UEMPMEAN,Labor_Market,60,0.01058479182767889,1.0,0.29434514008343526,0.5060415980584047,True,48
TFX,NDMANEMP,Labor_Market,60,0.009595878975306393,1.0,0.26684514794370107,0.4867916035605907,True,49
TFX,USFIRE,Labor_Market,10,0.009509019936400739,1.0,0.26442974512894357,0.48510082159026047,True,50
TFX,DPCERA3M086SBEA,Consumption_Orders_Inventories,10,0.023678846841817782,0.05,0.6584686410594663,0.4759280487416264,True,51
TFX,IPFINAL,Output_Income,60,0.008885662602374653,1.0,0.2470952330484939,0.4729666631339457,True,52
TFX,CPITRNSL,Prices,10,0.008867921084955469,1.0,0.24660187148644722,0.472621310040513,True,53
TFX,MANEMP,Labor_Market,60,0.008452779483219293,1.0,0.2350574864001047,0.46454024048007325,True,54
TFX,MZMSL,Money_Credit,10,0.022740210706804938,0.05,0.6323667593082108,0.4576567315157476,True,55
TFX,ISRATIO,Consumption_Orders_Inventories,50,0.022652642214812637,0.05,0.6299316278042575,0.45595213946298024,True,56
TFX,RSAFS,Consumption_Orders_Inventories,10,0.02264378954891895,0.05,0.6296854501538123,0.4557798151076686,True,57
TFX,DMANEMP,Labor_Market,60,0.007660320996771919,1.0,0.21302055756852376,0.4491143902979666,True,58
TFX,M1SL,Money_Credit,10,0.021897636045306357,0.05,0.608936184497942,0.44125532914855936,True,59
TFX,IPFPNSS,Output_Income,60,0.007248288432798657,1.0,0.2015626295585931,0.44109384069101515,True,60
TFX,INVEST,Money_Credit,30,0.021807357616274697,0.05,0.6064256942329989,0.4394979859630992,True,61
TFX,HOUSTW,Housing,30,0.021741128936044282,0.05,0.6045839867646493,0.4382087907352545,True,62
TFX,M2SL,Money_Credit,10,0.021618382538861558,0.05,0.6011706172755104,0.43581943209285723,True,63
TFX,USGOOD,Labor_Market,60,0.006973300382463346,1.0,0.19391567744891075,0.4357409742142375,True,64
TFX,M2REAL,Money_Credit,30,0.02148777896670399,0.05,0.5975387530529576,0.4332771271370703,True,65
TFX,AAA,Rates_FX,10,0.020753736643529846,0.05,0.5771262788201749,0.4189883951741224,True,66
TFX,AMDMUO,Consumption_Orders_Inventories,30,0.020638839675284893,0.05,0.5739311886602734,0.41675183206219135,True,67
TFX,EXCAUS,Rates_FX,60,0.020254870996529246,0.05,0.563253669784518,0.40927756884916255,True,68
TFX,CMRMTSPL,Consumption_Orders_Inventories,10,0.020252193876405682,0.05,0.5631792236063957,0.409225456524477,True,69
TFX,PERMITW,Housing,30,0.01985779462552203,0.05,0.5522116481793024,0.4015481537255116,True,70
TFX,BAA,Rates_FX,10,0.019831799244644954,0.05,0.551488760648744,0.4010421324541208,True,71
TFX,BUSINV,Consumption_Orders_Inventories,10,0.01965107391813399,0.05,0.5464630952965555,0.39752416670758883,True,72
TFX,NONREVSL,Money_Credit,10,0.019645076621264513,0.05,0.5462963206243742,0.3974074244370619,True,73
TFX,ANDENO,Consumption_Orders_Inventories,60,0.019622828091889994,0.05,0.5456776266904728,0.396974338683331,True,74
TFX,IPB51222S,Output_Income,30,0.004743826027820246,1.0,0.13191777027100893,0.39234243918970624,True,75
TFX,HOUST,Housing,30,0.01881280399494865,0.05,0.5231522279706151,0.38120655957943056,True,76
TFX,USCONS,Labor_Market,10,0.0040542584421525306,1.0,0.11274206319006307,0.37891944423304413,True,77
TFX,PPIITM,Prices,60,0.003547000964873873,1.0,0.09863609156221122,0.3690452640935478,True,78
TFX,PERMITS,Housing,10,0.01755966568912573,0.05,0.4883045733188891,0.35681320132322236,True,79
TFX,EXUSUK,Rates_FX,60,0.0168212139267446,0.05,0.4677694800471872,0.34243863603303104,True,80
TFX,PERMIT,Housing,10,0.01659191291945773,0.05,0.4613930072539639,0.33797510507777473,True,81
TFX,TOTRESNS,Money_Credit,10,0.01634274853956215,0.05,0.45446416769829273,0.3331249173888049,True,82
TFX,GS10,Rates_FX,10,0.0163172333026965,0.05,0.4537546321597815,0.332628242511847,True,83
TFX,NONBORRES,Money_Credit,10,0.016110113745422535,0.05,0.44799498793698217,0.3285964915558875,True,84
TFX,PERMITMW,Housing,30,0.015367787842800509,0.05,0.42735216138431703,0.3141465129690219,True,85
TFX,PERMITNE,Housing,30,0.015363759897954483,0.05,0.4272401510576848,0.31406810574037936,True,86
TFX,HOUSTS,Housing,30,0.0152247024160346,0.05,0.42337319791758393,0.31136123854230874,True,87
TFX,DTCTHFNM,Money_Credit,10,0.014984246976727459,0.05,0.4166865392549539,0.3066805774784677,True,88
TFX,BUSLOANS,Money_Credit,60,0.01492691477813641,0.05,0.41509222787875427,0.305564559515128,True,89
TFX,EXSZUS,Rates_FX,10,0.014802498992484066,0.05,0.4116324355226432,0.30314270486585027,True,90
TFX,EXJPUS,Rates_FX,60,0.014506417124718328,0.05,0.4033989000632328,0.297379230044263,True,91
TFX,ACOGNO,Consumption_Orders_Inventories,10,0.012685989015888167,0.05,0.35277587644322667,0.2619431135102587,True,92
TFX,HOUSTMW,Housing,10,0.012186046641430151,0.05,0.3388733254399388,0.25221132780795713,True,93
TFX,TB3MS,Rates_FX,50,0.01168810807656596,0.05,0.3250264969888936,0.2425185478922255,True,94
TFX,DTCOLNVHFNM,Money_Credit,60,0.011596345416114628,0.05,0.32247473276105626,0.2407323129327394,True,95
TFX,HOUSTNE,Housing,60,0.010830651512051523,0.05,0.30118208165164756,0.22582745715615327,True,96
TFX,SP500,Stock_Market,30,0.009078217098334743,0.05,0.25244984757561745,0.19171489330293218,True,97
TFX,REALLN,Money_Credit,50,0.008168687791437026,0.05,0.22715737743475642,0.17401016420432946,True,98
TFX,GS5,Rates_FX,10,0.00709180939454574,0.05,0.19721121243253933,0.15304784870277754,True,99
TFX,FEDFUNDS,Rates_FX,50,0.006783327071291572,0.05,0.18863284130066013,0.14704298891046208,True,100
TFX,TB6MS,Rates_FX,60,0.005129927452110061,0.05,0.14265459718921206,0.11485821803244843,True,101
TFX,GS1,Rates_FX,50,0.004948191173541004,0.05,0.1376008189718863,0.11132057328032041,True,102
TFX,CPF3M,Rates_FX,60,0.002768318249563775,0.05,0.07698224360280724,0.06888757052196506,True,103
TRMB,IPFPNSS,Output_Income,50,0.06017450986490859,1.0,0.9741585254747188,0.981910967832303,True,1
TRMB,IPFINAL,Output_Income,60,0.05948156983756155,1.0,0.9629405955439517,0.9740584168807662,True,2
TRMB,IPMANSICS,Output_Income,60,0.055196928379317715,1.0,0.8935770059688792,0.9255039041782154,True,3
TRMB,IPBUSEQ,Output_Income,60,0.05243961701199832,1.0,0.8489391953428729,0.8942574367400109,True,4
TRMB,MCOILWTICO,Prices,60,0.05063439182049558,1.0,0.8197146031583729,0.873800222210861,True,5
TRMB,PPICRM,Prices,30,0.04771767231103819,1.0,0.7724961516423545,0.8407473061496482,True,6
TRMB,PPIITM,Prices,60,0.04572279214532601,1.0,0.7402012559283437,0.8181408791498406,True,7
TRMB,INDPRO,Output_Income,60,0.0426680856462201,1.0,0.690748948205229,0.7835242637436604,True,8
TRMB,IPCONGD,Output_Income,60,0.04207352877080516,1.0,0.6811237323062487,0.7767866126143741,True,9
TRMB,DMANEMP,Labor_Market,50,0.041214158627356126,1.0,0.667211483520862,0.7670480384646033,True,10
TRMB,IPB51222S,Output_Income,10,0.039829479325691315,1.0,0.6447950625181248,0.7513565437626872,True,11
TRMB,IPNMAT,Output_Income,60,0.03792642560311694,1.0,0.613986734997981,0.7297907144985867,True,12
TRMB,IPDMAT,Output_Income,50,0.03763510493645681,1.0,0.6092705767490637,0.7264894037243446,True,13
TRMB,DDURRG3M086SBEA,Prices,10,0.03691260998574323,1.0,0.5975741854127627,0.7183019297889339,True,14
TRMB,DTCTHFNM,Money_Credit,60,0.06177075731651052,0.05,1.0,0.715,True,15
TRMB,CUMFNS,Output_Income,50,0.03398600501638834,1.0,0.5501956992731304,0.6851369894911912,True,16
TRMB,CPIMEDSL,Prices,10,0.033908889066876065,1.0,0.5489472776435049,0.6842630943504534,True,17
TRMB,CES0600000007,Labor_Market,50,0.03390688269173028,1.0,0.5489147966568222,0.6842403576597755,True,18
TRMB,CUSR0000SAS,Prices,10,0.03390629574323336,1.0,0.5489052946121262,0.6842337062284883,True,19
TRMB,MANEMP,Labor_Market,50,0.03390239453331234,1.0,0.5488421383535583,0.6841894968474909,True,20
TRMB,CES0600000008,Labor_Market,10,0.033857770198171246,1.0,0.5481197198973228,0.6836838039281259,True,21
TRMB,CES2000000008,Labor_Market,10,0.03385128055503212,1.0,0.5480146597779224,0.6836102618445457,True,22
TRMB,CES3000000008,Labor_Market,10,0.033434254119153524,1.0,0.5412634646494285,0.6788844252546,True,23
TRMB,DSERRG3M086SBEA,Prices,10,0.032664074255322,1.0,0.5287951074964612,0.6701565752475228,True,24
TRMB,IPNCONGD,Output_Income,10,0.03198620789820741,1.0,0.5178212035561026,0.6624748424892718,True,25
TRMB,PCEPI,Prices,10,0.031150427712257754,1.0,0.5042908499995297,0.6530035949996708,True,26
TRMB,CPITRNSL,Prices,60,0.030154720789538736,1.0,0.48817146008146434,0.6417200220570249,True,27
TRMB,CPIAUCSL,Prices,10,0.02965109091117043,1.0,0.48001825134245324,0.6360127759397172,True,28
TRMB,RPI,Output_Income,10,0.029430085387918827,1.0,0.47644041722073155,0.6335082920545121,True,29
TRMB,CPIULFSL,Prices,10,0.02890397172498909,1.0,0.4679232209650024,0.6275462546755016,True,30
TRMB,CUSR0000SA0L5,Prices,10,0.028881477975884428,1.0,0.4675590721333893,0.6272913504933725,True,31
TRMB,UNRATE,Labor_Market,50,0.028432468072047468,1.0,0.4602901001579244,0.622203070110547,True,32
TRMB,AWOTMAN,Labor_Market,50,0.028340825709684662,1.0,0.45880651202748857,0.621164558419242,True,33
TRMB,CPIAPPSL,Prices,30,0.02794640391120556,1.0,0.45242126088902346,0.6166948826223164,True,34
TRMB,AWHMAN,Labor_Market,50,0.02533239194085544,1.0,0.4101033084482586,0.587072315913781,True,35
TRMB,ANDENO,Consumption_Orders_Inventories,50,0.050469028158437915,0.05,0.8170375490110463,0.5869262843077324,True,36
TRMB,CUUR0000SAD,Prices,60,0.02528245408243352,1.0,0.4092948699477228,0.586506408963406,True,37
TRMB,CUUR0000SA0L2,Prices,10,0.02483628733124894,1.0,0.40207192545801157,0.5814503478206081,True,38
TRMB,IPMAT,Output_Income,60,0.02455405415492149,1.0,0.39750288359114083,0.5782520185137985,True,39
TRMB,PPIFCG,Prices,50,0.024345484043511396,1.0,0.39412636498474923,0.5758884554893244,True,40
TRMB,W875RX1,Output_Income,10,0.02427496344816411,1.0,0.39298471481870156,0.575089300373091,True,41
TRMB,PPICMM,Prices,60,0.024005020180440706,1.0,0.38861463293124426,0.5720302430518709,True,42
TRMB,USTRADE,Labor_Market,50,0.022809290069528334,1.0,0.36925708960721626,0.5584799627250514,True,43
TRMB,CLF16OV,Labor_Market,10,0.021813852098056554,1.0,0.3531420537113278,0.5471994375979294,True,44
TRMB,EXUSUK,Rates_FX,10,0.04522652196889494,0.05,0.7321671925949738,0.5275170348164816,True,45
TRMB,NDMANEMP,Labor_Market,10,0.01950662674520551,1.0,0.3157906360975057,0.5210534452682539,True,46
TRMB,USGOOD,Labor_Market,50,0.01780590735850965,1.0,0.28825787689914495,0.5017805138294015,True,47
TRMB,AAA,Rates_FX,10,0.04292912002618927,0.05,0.6949748050881492,0.5014823635617044,True,48
TRMB,PPIFGS,Prices,50,0.0172401493532815,1.0,0.279098882743881,0.49536921792071664,True,49
TRMB,ACOGNO,Consumption_Orders_Inventories,60,0.042290947757451416,0.05,0.6846435043811191,0.49425045306678334,True,50
TRMB,SP500,Stock_Market,30,0.0367378744495925,0.25,0.5947454110259539,0.4913217877181677,True,51
TRMB,GS5,Rates_FX,10,0.04031589076587697,0.05,0.6526695238541468,0.47186866669790273,True,52
TRMB,USFIRE,Labor_Market,30,0.01462559596324234,1.0,0.23677216531928624,0.46574051572350034,True,53
TRMB,CE16OV,Labor_Market,50,0.014575666498774634,1.0,0.2359638627075525,0.4651747038952867,True,54
TRMB,UEMPMEAN,Labor_Market,60,0.013785141122817996,1.0,0.22316613429528745,0.45621629400670116,True,55
TRMB,DNDGRG3M086SBEA,Prices,60,0.013724120053030529,1.0,0.22217827090428516,0.4555247896329996,True,56
TRMB,GS10,Rates_FX,10,0.03883004731337721,0.05,0.628615367534088,0.45503075727386155,True,57
TRMB,USGOVT,Labor_Market,10,0.012946109843372479,1.0,0.20958314914348883,0.4467082044004421,True,58
TRMB,IPFUELS,Output_Income,60,0.012893416269835851,1.0,0.2087300986738851,0.44611106907171955,True,59
TRMB,EXCAUS,Rates_FX,60,0.03745422771977171,0.05,0.6063423753712127,0.4394396627598489,True,60
TRMB,USTPU,Labor_Market,50,0.011982556535227833,1.0,0.19398429055725777,0.4357890033900804,True,61
TRMB,BAA,Rates_FX,10,0.03671893792111502,0.05,0.594438849648044,0.43110719475363085,True,62
TRMB,PAYEMS,Labor_Market,50,0.011292058675475487,1.0,0.18280589660922397,0.42796412762645675,True,63
TRMB,REALLN,Money_Credit,10,0.035144879904725916,0.05,0.5689565974502331,0.41326961821516317,True,64
TRMB,IPDCONGD,Output_Income,50,0.00991635841644052,1.0,0.16053483634059323,0.41237438543841526,True,65
TRMB,SRVPRD,Labor_Market,50,0.009764263556596993,1.0,0.15807258937372834,0.41065081256160985,True,66
TRMB,CUSR0000SAC,Prices,60,0.009724543887451587,1.0,0.15742957201614788,0.4102007004113035,True,67
TRMB,INVEST,Money_Credit,10,0.03447868499434753,0.05,0.5581716412780943,0.40572014889466596,True,68
TRMB,M2REAL,Money_Credit,10,0.034209253634586635,0.05,0.5538098466123702,0.4026668926286591,True,69
TRMB,M1SL,Money_Credit,10,0.03417684484453282,0.05,0.5532851842727495,0.40229962899092464,True,70
TRMB,MZMSL,Money_Credit,10,0.034130991697681766,0.05,0.5525428727188195,0.40178001090317367,True,71
TRMB,M2SL,Money_Credit,10,0.03393990568025034,0.05,0.5494494021878965,0.39961458153152757,True,72
TRMB,USCONS,Labor_Market,30,0.005780039859572545,1.0,0.0935724299113881,0.36550070093797166,True,73
TRMB,ISRATIO,Consumption_Orders_Inventories,60,0.03070885937153299,0.05,0.4971423486712686,0.362999644069888,True,74
TRMB,NONREVSL,Money_Credit,10,0.030254912381637415,0.05,0.4897934507523137,0.3578554155266196,True,75
TRMB,DPCERA3M086SBEA,Consumption_Orders_Inventories,10,0.025923552831709887,0.05,0.41967354712649535,0.30877148298854673,True,76
TRMB,RSAFS,Consumption_Orders_Inventories,10,0.02453863058147574,0.05,0.3972531930560755,0.2930772351392528,True,77
TRMB,BUSLOANS,Money_Credit,10,0.02361621543125961,0.05,0.38232031558640617,0.28262422091048434,True,78
TRMB,PERMITMW,Housing,30,0.023314638088496334,0.05,0.3774381131355279,0.2792066791948695,True,79
TRMB,AMDMUO,Consumption_Orders_Inventories,50,0.022812687334733333,0.05,0.36931208756017303,0.2735184612921211,True,80
TRMB,GS1,Rates_FX,10,0.022331248171655455,0.05,0.3615181218716676,0.2680626853101673,True,81
TRMB,PERMITW,Housing,30,0.020664173894620344,0.05,0.33453003965514083,0.24917102775859856,True,82
TRMB,HOUSTNE,Housing,10,0.020357652552216228,0.05,0.3295677993375498,0.24569745953628486,True,83
TRMB,FEDFUNDS,Rates_FX,60,0.020269776951794362,0.05,0.32814519090211175,0.24470163363147823,True,84
TRMB,HOUSTS,Housing,10,0.01985189932118594,0.05,0.3213802158757051,0.23996615111299352,True,85
TRMB,BUSINV,Consumption_Orders_Inventories,10,0.019848349387058328,0.05,0.3213227463823423,0.2399259224676396,True,86
TRMB,PERMIT,Housing,30,0.019261678181335146,0.05,0.31182519072316356,0.2332776335062145,True,87
TRMB,HOUSTW,Housing,30,0.019168804916032067,0.05,0.31032167564033564,0.23222517294823491,True,88
TRMB,EXJPUS,Rates_FX,10,0.019003914635199674,0.05,0.30765228500962827,0.23035659950673976,True,89
TRMB,CMRMTSPL,Consumption_Orders_Inventories,10,0.018487288373334045,0.05,0.29928867924681624,0.22450207547277135,True,90
TRMB,HOUST,Housing,30,0.017865086278679835,0.05,0.2892159179324928,0.21745114255274495,True,91
TRMB,HOUSTMW,Housing,30,0.01727339327285623,0.05,0.2796370649035134,0.2107459454324594,True,92
TRMB,TOTRESNS,Money_Credit,10,0.017052405555086178,0.05,0.27605951903277526,0.2082416633229427,True,93
TRMB,PERMITS,Housing,30,0.016822943473501013,0.05,0.27234478261778505,0.20564134783244953,True,94
TRMB,TB3MS,Rates_FX,50,0.016725882490568902,0.05,0.2707734730345987,0.20454143112421908,True,95
TRMB,NONBORRES,Money_Credit,10,0.016637689899559733,0.05,0.2693457328733882,0.2035420130113717,True,96
TRMB,CPF3M,Rates_FX,10,0.013052659875120793,0.05,0.21130807589486986,0.16291565312640888,True,97
TRMB,PERMITNE,Housing,30,0.011526914924750137,0.05,0.18660795861198132,0.1456255710283869,True,98
TRMB,DTCOLNVHFNM,Money_Credit,10,0.01094542551000931,0.05,0.17719429039740364,0.13903600327818255,True,99
TRMB,AMBSL,Money_Credit,30,0.010852009165479163,0.05,0.17568198346466704,0.1379773884252669,True,100
TRMB,EXSZUS,Rates_FX,60,0.010651873873710905,0.05,0.1724420152262533,0.1357094106583773,True,101
TRMB,TB6MS,Rates_FX,10,0.008902961140911625,0.05,0.1441290592455142,0.11589034147185993,True,102
TRMB,UMCSENT,Consumption_Orders_Inventories,50,0.006439105802602722,0.05,0.10424197601478381,0.08796938321034867,True,103
TRV,GS5,Rates_FX,50,0.028059804251495034,1.0,1.0,1.0,True,1
TRV,GS10,Rates_FX,60,0.026689692888692038,1.0,0.9511717419507659,0.9658202193655361,True,2
TRV,AAA,Rates_FX,10,0.024318036149221078,1.0,0.8666502421493338,0.9066551695045337,True,3
TRV,GS1,Rates_FX,10,0.02387943797474883,1.0,0.851019407003758,0.8957135849026305,True,4
TRV,MZMSL,Money_Credit,10,0.02360267569358186,1.0,0.8411561065086297,0.8888092745560408,True,5
TRV,INVEST,Money_Credit,10,0.023174036576435242,1.0,0.8258801939147713,0.8781161357403398,True,6
TRV,M2REAL,Money_Credit,10,0.022694391546711944,1.0,0.8087865240721621,0.8661505668505134,True,7
TRV,M2SL,Money_Credit,10,0.02188915616923389,1.0,0.7800894109255103,0.8460625876478571,True,8
TRV,M1SL,Money_Credit,10,0.021662393471398693,1.0,0.7720080039490836,0.8404056027643585,True,9
TRV,BAA,Rates_FX,10,0.02160607715139172,1.0,0.7700009935115831,0.8390006954581082,True,10
TRV,FEDFUNDS,Rates_FX,60,0.021151438800773133,1.0,0.7537985158840222,0.8276589611188154,True,11
TRV,EXCAUS,Rates_FX,50,0.02054599078524886,1.0,0.7322214581790664,0.8125550207253465,True,12
TRV,NONREVSL,Money_Credit,10,0.020324661113317457,1.0,0.7243336742890697,0.8070335720023487,True,13
TRV,NONBORRES,Money_Credit,50,0.01887372178708719,1.0,0.6726248557518569,0.7708373990262998,True,14
TRV,DTCOLNVHFNM,Money_Credit,10,0.018171853989019448,1.0,0.6476115736998146,0.7533281015898702,True,15
TRV,TOTRESNS,Money_Credit,50,0.01763059086400208,1.0,0.6283219478647188,0.7398253635053031,True,16
TRV,TB6MS,Rates_FX,10,0.017595284915896053,1.0,0.6270637085773174,0.7389445960041221,True,17
TRV,EXUSUK,Rates_FX,60,0.01680451506265101,1.0,0.5988821202042298,0.7192174841429608,True,18
TRV,CPF3M,Rates_FX,60,0.016683719368262007,1.0,0.5945771830312427,0.7162040281218699,True,19
TRV,REALLN,Money_Credit,10,0.015867067657555446,1.0,0.5654732126903574,0.6958312488832501,True,20
TRV,MANEMP,Labor_Market,50,0.026546805109936178,0.05,0.9460794833777844,0.677255638364449,True,21
TRV,DTCTHFNM,Money_Credit,60,0.0150349010874646,1.0,0.53581632119417,0.675071424835919,True,22
TRV,BUSLOANS,Money_Credit,10,0.014748538583086628,1.0,0.525610886337556,0.6679276204362892,True,23
TRV,EXSZUS,Rates_FX,10,0.014543864835323923,1.0,0.5183166890606168,0.6628216823424318,True,24
TRV,IPFPNSS,Output_Income,60,0.025901651250362184,0.05,0.9230873821574196,0.6611611675101937,True,25
TRV,DMANEMP,Labor_Market,50,0.02577317903115689,0.05,0.9185088677082873,0.6579562073958011,True,26
TRV,IPCONGD,Output_Income,60,0.025131575601175005,0.05,0.8956432972919256,0.6419503081043479,True,27
TRV,NDMANEMP,Labor_Market,50,0.023752751701650827,0.05,0.846504540400893,0.607553178280625,True,28
TRV,IPNMAT,Output_Income,30,0.02356154183278271,0.05,0.839690171093312,0.6027831197653184,True,29
TRV,IPMANSICS,Output_Income,60,0.023077004076245057,0.05,0.8224221334336468,0.5906954934035528,True,30
TRV,MCOILWTICO,Prices,60,0.023056175590015656,0.05,0.8216798443555506,0.5901758910488855,True,31
TRV,USGOVT,Labor_Market,30,0.022771678580911926,0.05,0.8115408923317291,0.5830786246322104,True,32
TRV,IPNCONGD,Output_Income,30,0.022642092294308264,0.05,0.8069226745622036,0.5798458721935424,True,33
TRV,DDURRG3M086SBEA,Prices,10,0.022499735576002686,0.05,0.8018493420104275,0.5762945394072992,True,34
TRV,IPFINAL,Output_Income,60,0.02236855712906805,0.05,0.7971743825645629,0.5730220677951939,True,35
TRV,CES2000000008,Labor_Market,10,0.02220593659747757,0.05,0.7913788848435902,0.5689652193905131,True,36
TRV,DNDGRG3M086SBEA,Prices,10,0.02199708113108785,0.05,0.7839356587783695,0.5637549611448586,True,37
TRV,CPIMEDSL,Prices,10,0.02199655920101426,0.05,0.7839170581470566,0.5637419407029396,True,38
TRV,CES0600000008,Labor_Market,10,0.021836500932340363,0.05,0.7782128747807251,0.5597490123465075,True,39
TRV,CUSR0000SAS,Prices,10,0.021717064830241058,0.05,0.7739563909852994,0.5567694736897096,True,40
TRV,CES3000000008,Labor_Market,10,0.02161873313059265,0.05,0.7704520294164489,0.5543164205915142,True,41
TRV,DSERRG3M086SBEA,Prices,10,0.021448169122784345,0.05,0.7643734407606062,0.5500614085324244,True,42
TRV,AMBSL,Money_Credit,10,0.009591047137330866,1.0,0.3418073430366091,0.5392651401256263,True,43
TRV,CUSR0000SAC,Prices,10,0.02093629411381829,0.05,0.7461311535237384,0.5372918074666169,True,44
TRV,TB3MS,Rates_FX,10,0.009508764805065116,1.0,0.33887495150856184,0.5372124660559933,True,45
TRV,PCEPI,Prices,10,0.020776935754787024,0.05,0.7404519136543878,0.5333163395580715,True,46
TRV,RSAFS,Consumption_Orders_Inventories,10,0.020549799650754205,0.05,0.7323571991653971,0.5276500394157779,True,47
TRV,CPIAUCSL,Prices,10,0.02030769108436069,0.05,0.7237288935570066,0.5216102254899047,True,48
TRV,CUSR0000SA0L5,Prices,10,0.020307058082764614,0.05,0.7237063345401865,0.5215944341781306,True,49
TRV,DPCERA3M086SBEA,Consumption_Orders_Inventories,10,0.019551558727678154,0.05,0.6967817220833407,0.5027472054583384,True,50
TRV,CPIULFSL,Prices,10,0.019544474025419038,0.05,0.6965292362785355,0.5025704653949747,True,51
TRV,HOUSTMW,Housing,10,0.019430615748994465,0.05,0.69247153596801,0.499730075177607,True,52
TRV,IPBUSEQ,Output_Income,60,0.019137416432242725,0.05,0.6820224496478118,0.49241571475346824,True,53
TRV,CUUR0000SA0L2,Prices,10,0.019123023865808,0.05,0.681509524956473,0.4920566674695311,True,54
TRV,RPI,Output_Income,50,0.018959114115332035,0.05,0.6756680818370958,0.487967657285967,True,55
TRV,PPICRM,Prices,60,0.018527867539272196,0.05,0.660299244186104,0.47720947093027277,True,56
TRV,UNRATE,Labor_Market,50,0.01848270797350644,0.05,0.6586898400234448,0.4760828880164113,True,57
TRV,USTRADE,Labor_Market,50,0.017476449858683962,0.05,0.6228286449201731,0.4509800514441212,True,58
TRV,INDPRO,Output_Income,50,0.017239731175243755,0.05,0.6143924248625225,0.44507469740376576,True,59
TRV,PPICMM,Prices,60,0.017147599323059075,0.05,0.6111090144951901,0.44277631014663305,True,60
TRV,W875RX1,Output_Income,10,0.016976999852522268,0.05,0.605029162012694,0.43852041340888576,True,61
TRV,CLF16OV,Labor_Market,30,0.016461081043014247,0.05,0.5866427611353418,0.4256499327947392,True,62
TRV,HOUST,Housing,10,0.01630210199280055,0.05,0.5809770391371126,0.4216839273959788,True,63
TRV,CMRMTSPL,Consumption_Orders_Inventories,10,0.016236725040358144,0.05,0.5786471243644918,0.42005298705514427,True,64
TRV,USGOOD,Labor_Market,50,0.015864573821138234,0.05,0.5653843369307526,0.41076903585152685,True,65
TRV,ISRATIO,Consumption_Orders_Inventories,50,0.015673596693972794,0.05,0.5585782621109233,0.4060047834776463,True,66
TRV,HOUSTNE,Housing,50,0.015119821804846435,0.05,0.5388427399325442,0.3921899179527809,True,67
TRV,EXJPUS,Rates_FX,30,0.0034453625665625833,1.0,0.12278640776259206,0.38595048543381444,True,68
TRV,SP500,Stock_Market,10,0.014401998954111418,0.05,0.5132608490433099,0.37428259433031696,True,69
TRV,PPIFGS,Prices,30,0.01437209864463358,0.05,0.5121952568100268,0.3735366797670187,True,70
TRV,BUSINV,Consumption_Orders_Inventories,10,0.014156709881576284,0.05,0.5045191960247553,0.3681634372173287,True,71
TRV,HOUSTS,Housing,30,0.01414510425262733,0.05,0.5041055926779558,0.3678739148745691,True,72
TRV,PERMITW,Housing,10,0.014105036747372178,0.05,0.5026776602199803,0.36687436215398617,True,73
TRV,PERMITS,Housing,10,0.013730115931217824,0.05,0.489316169427172,0.35752131859902037,True,74
TRV,HOUSTW,Housing,30,0.013599909640780275,0.05,0.4846758558572506,0.35427309910007543,True,75
TRV,ANDENO,Consumption_Orders_Inventories,60,0.013332799355318965,0.05,0.4751565348004375,0.34760957436030626,True,76
TRV,CUMFNS,Output_Income,50,0.012534497310478045,0.05,0.44670651292266955,0.3276945590458687,True,77
TRV,PERMITMW,Housing,30,0.012456136348222296,0.05,0.44391387183531866,0.32573971028472304,True,78
TRV,AWHMAN,Labor_Market,50,0.01241599178480872,0.05,0.44248319316579665,0.32473823521605766,True,79
TRV,PERMIT,Housing,10,0.012092903649780055,0.05,0.43096892413765653,0.31667824689635954,True,80
TRV,IPB51222S,Output_Income,60,0.011959377475165171,0.05,0.4262102959798079,0.31334720718586556,True,81
TRV,CES0600000007,Labor_Market,60,0.011666450326007567,0.05,0.4157709092138793,0.30603963644971555,True,82
TRV,IPDMAT,Output_Income,60,0.011479638835170137,0.05,0.409113290038668,0.30137930302706756,True,83
TRV,CE16OV,Labor_Market,50,0.011103764407644668,0.05,0.39571781428421965,0.29200246999895374,True,84
TRV,IPDCONGD,Output_Income,50,0.01068803257563526,0.05,0.38090189367824256,0.2816313255747698,True,85
TRV,CUUR0000SAD,Prices,10,0.01061266460756976,0.05,0.3782159174187508,0.2797511421931256,True,86
TRV,PERMITNE,Housing,30,0.010271010388526436,0.05,0.36603998718127884,0.2712279910268952,True,87
TRV,PAYEMS,Labor_Market,50,0.010184223895689742,0.05,0.3629470756249885,0.26906295293749194,True,88
TRV,USTPU,Labor_Market,50,0.01004119073923663,0.05,0.3578496360573019,0.26549474524011135,True,89
TRV,AWOTMAN,Labor_Market,50,0.009888114311388885,0.05,0.35239427270281276,0.2616759908919689,True,90
TRV,SRVPRD,Labor_Market,50,0.009641169930333005,0.05,0.3435936275221635,0.2555155392655144,True,91
TRV,UMCSENT,Consumption_Orders_Inventories,10,0.00958580101590997,0.05,0.341620380883421,0.25413426661839467,True,92
TRV,CPITRNSL,Prices,10,0.009299941557100552,0.05,0.33143287364896884,0.24700301155427817,True,93
TRV,IPMAT,Output_Income,10,0.008596450977815721,0.05,0.30636175864832343,0.22945323105382637,True,94
TRV,PPIFCG,Prices,10,0.008447822300120141,0.05,0.30106490495813204,0.22574543347069242,True,95
TRV,ACOGNO,Consumption_Orders_Inventories,10,0.008254385001121715,0.05,0.2941711541227847,0.22091980788594928,True,96
TRV,IPFUELS,Output_Income,50,0.008238945848706361,0.05,0.2936209310251118,0.22053465171757825,True,97
TRV,PPIITM,Prices,60,0.007886662257378493,0.05,0.2810661894392328,0.21174633260746295,True,98
TRV,USFIRE,Labor_Market,30,0.006824554863935527,0.05,0.24321462839755603,0.1852502398782892,True,99
TRV,UEMPMEAN,Labor_Market,10,0.005928505685672584,0.05,0.21128107781994637,0.16289675447396246,True,100
TRV,USCONS,Labor_Market,50,0.004575154028161485,0.05,0.163050104952807,0.1291350734669649,True,101
TRV,CPIAPPSL,Prices,50,0.0030601360551683657,0.05,0.10905764087806567,0.09134034861464596,True,102
TRV,AMDMUO,Consumption_Orders_Inventories,60,0.002529020450034746,0.05,0.09012965405487457,0.0780907578384122,True,103
UHS,USGOVT,Labor_Market,60,0.027625099494878146,1.0,1.0,1.0,True,1
UHS,IPB51222S,Output_Income,60,0.022201224964435246,1.0,0.8036613576197792,0.8625629503338454,True,2
UHS,UNRATE,Labor_Market,60,0.020256880125921792,1.0,0.7332780875477946,0.8132946612834562,True,3
UHS,CUMFNS,Output_Income,60,0.019996123933458048,1.0,0.7238389833551712,0.8066872883486198,True,4
UHS,PPICMM,Prices,60,0.018721506700956743,1.0,0.6776991592167051,0.7743894114516936,True,5
UHS,USTPU,Labor_Market,60,0.01847980494731103,1.0,0.6689498059812343,0.7682648641868639,True,6
UHS,CE16OV,Labor_Market,60,0.01783766355800647,1.0,0.6457049525310733,0.7519934667717513,True,7
UHS,NDMANEMP,Labor_Market,60,0.017155729604451546,1.0,0.6210196494543782,0.7347137546180647,True,8
UHS,USCONS,Labor_Market,60,0.01706783144964298,1.0,0.6178378272558785,0.732486479079115,True,9
UHS,MANEMP,Labor_Market,60,0.017042187687116402,1.0,0.6169095496027489,0.7318366847219242,True,10
UHS,USGOOD,Labor_Market,60,0.016922096990317003,1.0,0.6125623907148084,0.728793673500366,True,11
UHS,PAYEMS,Labor_Market,60,0.016620104923065964,1.0,0.6016305905485491,0.7211414133839843,True,12
UHS,IPCONGD,Output_Income,60,0.01621024586127016,1.0,0.586794116860127,0.7107558818020888,True,13
UHS,USFIRE,Labor_Market,60,0.01602030092415545,1.0,0.5799183067965314,0.7059428147575719,True,14
UHS,IPBUSEQ,Output_Income,10,0.015759004719890685,1.0,0.5704596547358136,0.6993217583150695,True,15
UHS,MCOILWTICO,Prices,60,0.014968655509673962,1.0,0.5418498316159636,0.6792948821311744,True,16
UHS,AWHMAN,Labor_Market,10,0.014941768235581812,1.0,0.5408765401316329,0.678613578092143,True,17
UHS,SRVPRD,Labor_Market,60,0.014935110465084497,1.0,0.5406355357327691,0.6784448750129384,True,18
UHS,USTRADE,Labor_Market,60,0.014756500638875866,1.0,0.5341700449481388,0.6739190314636971,True,19
UHS,AWOTMAN,Labor_Market,10,0.014586397474659582,1.0,0.528012486520238,0.6696087405641666,True,20
UHS,CPIULFSL,Prices,50,0.014565380352315962,1.0,0.5272516884515283,0.6690761819160698,True,21
UHS,CPIAUCSL,Prices,50,0.01449640477316433,1.0,0.5247548439002744,0.667328390730192,True,22
UHS,CUUR0000SA0L2,Prices,50,0.01424562044670834,1.0,0.5156767109327357,0.660973697652915,True,23
UHS,CUSR0000SA0L5,Prices,50,0.01416927218348026,1.0,0.512912982851241,0.6590390879958686,True,24
UHS,CES0600000007,Labor_Market,10,0.013904011073776123,1.0,0.5033108053186924,0.6523175637230847,True,25
UHS,IPMANSICS,Output_Income,60,0.01374071502242447,1.0,0.4973996573287303,0.6481797601301111,True,26
UHS,IPDCONGD,Output_Income,60,0.01358438405633384,1.0,0.4917406382138991,0.6442184467497294,True,27
UHS,UEMPMEAN,Labor_Market,60,0.013478439643618228,1.0,0.48790556016340175,0.6415338921143812,True,28
UHS,PCEPI,Prices,50,0.013425582396159666,1.0,0.48599218253128273,0.6401945277718979,True,29
UHS,PPIFGS,Prices,60,0.013160165358415337,1.0,0.47638436056511974,0.6334690523955837,True,30
UHS,DMANEMP,Labor_Market,60,0.012922552349224256,1.0,0.46778301564561503,0.6274481109519305,True,31
UHS,CPIAPPSL,Prices,50,0.012497033919846547,1.0,0.45237968906369264,0.6166657823445848,True,32
UHS,CPITRNSL,Prices,50,0.011621432571482446,1.0,0.42068382680891797,0.5944786787662426,True,33
UHS,RPI,Output_Income,30,0.011116021752246484,1.0,0.4023884784309088,0.5816719349016362,True,34
UHS,CLF16OV,Labor_Market,50,0.01089487297352005,1.0,0.39438312160794287,0.57606818512556,True,35
UHS,DSERRG3M086SBEA,Prices,30,0.01087326724113236,1.0,0.3936010164650566,0.5755207115255396,True,36
UHS,HOUSTNE,Housing,50,0.021535151440363318,0.05,0.7795501856692338,0.5606851299684636,True,37
UHS,CES3000000008,Labor_Market,50,0.009921064366517353,1.0,0.3591322582695775,0.5513925807887042,True,38
UHS,CUSR0000SAS,Prices,50,0.009898462666093927,1.0,0.3583141001149755,0.5508198700804828,True,39
UHS,PPIITM,Prices,50,0.009784603384024659,1.0,0.3541925119885552,0.5479347583919887,True,40
UHS,IPDMAT,Output_Income,30,0.009682999325491349,1.0,0.35051455026566086,0.5453601851859626,True,41
UHS,CES0600000008,Labor_Market,50,0.009349870802078565,1.0,0.3384556426235527,0.5369189498364868,True,42
UHS,CES2000000008,Labor_Market,50,0.009326128960457248,1.0,0.33759621253803507,0.5363173487766245,True,43
UHS,CPIMEDSL,Prices,50,0.009203530788093165,1.0,0.33315828563077404,0.5332107999415419,True,44
UHS,INDPRO,Output_Income,60,0.009142298532407105,1.0,0.3309417413719049,0.5316592189603334,True,45
UHS,CUUR0000SAD,Prices,60,0.009079001836119045,1.0,0.3286504665006671,0.5300553265504669,True,46
UHS,IPFUELS,Output_Income,30,0.008708124352432303,1.0,0.31522508558012036,0.5206575599060842,True,47
UHS,W875RX1,Output_Income,50,0.008418490895894217,1.0,0.304740654326152,0.5133184580283063,True,48
UHS,PPIFCG,Prices,60,0.007841935290994997,1.0,0.28386993836706137,0.49870895685694294,True,49
UHS,IPMAT,Output_Income,60,0.0075852105508806104,1.0,0.27457676857551055,0.4922037380028573,True,50
UHS,FEDFUNDS,Rates_FX,60,0.01879246756061935,0.05,0.6802678688669912,0.49118750820689383,True,51
UHS,IPFINAL,Output_Income,10,0.007474406573318128,1.0,0.2705657793089189,0.4893960455162432,True,52
UHS,CPF3M,Rates_FX,60,0.018241074671164884,0.05,0.6603080171547214,0.477215612008305,True,53
UHS,SP500,Stock_Market,50,0.01805560740158966,0.05,0.6535942940200912,0.4725160058140638,True,54
UHS,IPNMAT,Output_Income,50,0.006607850599694595,1.0,0.23919735025460195,0.46743814517822135,True,55
UHS,IPNCONGD,Output_Income,50,0.0065711627768014974,1.0,0.23786928905069932,0.46650850233548946,True,56
UHS,TB6MS,Rates_FX,10,0.01747388837279834,0.05,0.6325366674620702,0.4577756672234491,True,57
UHS,GS1,Rates_FX,60,0.017199551060321696,0.05,0.6226059407862257,0.45082415855035796,True,58
UHS,DDURRG3M086SBEA,Prices,30,0.005717353001823312,1.0,0.20696225919053585,0.4448735814333751,True,59
UHS,TB3MS,Rates_FX,10,0.0167777449896575,0.05,0.6073369977461327,0.4401358984222929,True,60
UHS,IPFPNSS,Output_Income,60,0.005447117999441239,1.0,0.19718003189277805,0.4380260223249446,True,61
UHS,PPICRM,Prices,60,0.0054420839732008805,1.0,0.19699780535486847,0.4378984637484079,True,62
UHS,GS5,Rates_FX,60,0.01636098899759523,0.05,0.5922508623228181,0.42957560362597264,True,63
UHS,CUSR0000SAC,Prices,50,0.00397949020494254,1.0,0.14405342524396558,0.40083739767077586,True,64
UHS,BUSINV,Consumption_Orders_Inventories,50,0.014836041303352561,0.05,0.5370493346495729,0.39093453425470104,True,65
UHS,ISRATIO,Consumption_Orders_Inventories,60,0.014762743035967842,0.05,0.5343960132597871,0.38907720928185097,True,66
UHS,HOUST,Housing,60,0.014730139377679403,0.05,0.5332157945860234,0.3882510562102164,True,67
UHS,ANDENO,Consumption_Orders_Inventories,60,0.014416948970999892,0.05,0.5218786261266816,0.3803150382886771,True,68
UHS,HOUSTS,Housing,60,0.014004373492101282,0.05,0.506943820951587,0.3698606746661109,True,69
UHS,HOUSTMW,Housing,60,0.013312978425214351,0.05,0.4819160353678601,0.35234122475750207,True,70
UHS,EXCAUS,Rates_FX,10,0.013182447233749351,0.05,0.4771909413826167,0.3490336589678317,True,71
UHS,PERMITS,Housing,50,0.012958498009133231,0.05,0.4690842113178927,0.34335894792252486,True,72
UHS,NONREVSL,Money_Credit,30,0.012943449315690388,0.05,0.4685394641959635,0.34297762493717443,True,73
UHS,EXJPUS,Rates_FX,30,0.012819184653249126,0.05,0.46404121207331317,0.3398288484513192,True,74
UHS,DNDGRG3M086SBEA,Prices,50,0.0012520931228913851,1.0,0.04532447469097914,0.3317271322836854,True,75
UHS,PERMIT,Housing,60,0.011690848464974146,0.05,0.4231966102834018,0.3112376271983812,True,76
UHS,PERMITMW,Housing,60,0.011541573859887697,0.05,0.4177930241311012,0.30745511689177085,True,77
UHS,RSAFS,Consumption_Orders_Inventories,60,0.011081249629902656,0.05,0.4011297636034645,0.2957908345224251,True,78
UHS,PERMITNE,Housing,60,0.011023251847181623,0.05,0.3990303039171098,0.29432121274197687,True,79
UHS,REALLN,Money_Credit,30,0.010351425067220674,0.05,0.3747108700600296,0.2772976090420207,True,80
UHS,DPCERA3M086SBEA,Consumption_Orders_Inventories,60,0.010303906111524536,0.05,0.37299073306269687,0.2760935131438878,True,81
UHS,CMRMTSPL,Consumption_Orders_Inventories,60,0.009953485926648657,0.05,0.3603058851785888,0.2672141196250122,True,82
UHS,M2SL,Money_Credit,50,0.009554604589916551,0.05,0.3458667937716579,0.2571067556401605,True,83
UHS,EXSZUS,Rates_FX,50,0.009456542795137815,0.05,0.3423170583291877,0.2546219408304314,True,84
UHS,PERMITW,Housing,60,0.00939624630567637,0.05,0.3401343878388018,0.25309407148716123,True,85
UHS,M1SL,Money_Credit,30,0.009019185564021247,0.05,0.326485179381651,0.2435396255671557,True,86
UHS,M2REAL,Money_Credit,50,0.008816123529673628,0.05,0.319134543979043,0.2383941807853301,True,87
UHS,ACOGNO,Consumption_Orders_Inventories,60,0.008451987208316709,0.05,0.3059531861553569,0.2291672303087498,True,88
UHS,MZMSL,Money_Credit,50,0.008440322678382827,0.05,0.3055309422486501,0.22887165957405503,True,89
UHS,BUSLOANS,Money_Credit,30,0.007770432397627524,0.05,0.28128160765785504,0.21189712536049854,True,90
UHS,INVEST,Money_Credit,30,0.007267674926858565,0.05,0.2630823077472005,0.19915761542304034,True,91
UHS,BAA,Rates_FX,50,0.006796384878684038,0.05,0.24602209595459112,0.1872154671682138,True,92
UHS,EXUSUK,Rates_FX,30,0.0065193624001100015,0.05,0.23599416904611437,0.18019591833228005,True,93
UHS,HOUSTW,Housing,50,0.006482088985926333,0.05,0.23464491004378646,0.1792514370306505,True,94
UHS,AAA,Rates_FX,50,0.005985607623585134,0.05,0.21667279876023252,0.16667095913216273,True,95
UHS,GS10,Rates_FX,60,0.005248060417121204,0.05,0.18997435350754935,0.14798204745528454,True,96
UHS,TOTRESNS,Money_Credit,30,0.005160660459211049,0.05,0.18681056552096276,0.1457673958646739,True,97
UHS,DTCOLNVHFNM,Money_Credit,50,0.0046527990684269585,0.05,0.16842650899011657,0.1328985562930816,True,98
UHS,NONBORRES,Money_Credit,30,0.004512603933258268,0.05,0.16335159024838738,0.12934611317387118,True,99
UHS,AMBSL,Money_Credit,10,0.004307083498835575,0.05,0.1559119633083723,0.1241383743158606,True,100
UHS,AMDMUO,Consumption_Orders_Inventories,50,0.003508306448780323,0.05,0.12699706111215214,0.10389794277850649,True,101
UHS,UMCSENT,Consumption_Orders_Inventories,50,0.0034616533126494323,0.05,0.12530826588665292,0.10271578612065704,True,102
UHS,DTCTHFNM,Money_Credit,50,0.003174129879466556,0.05,0.1149002152935253,0.0954301507054677,True,103
WRB,INVEST,Money_Credit,50,0.03726375952006998,1.0,0.9310776192738441,0.9517543334916909,True,1
WRB,MZMSL,Money_Credit,50,0.03667272392429981,1.0,0.9163099194361667,0.9414169436053166,True,2
WRB,M1SL,Money_Credit,50,0.035926579693347394,1.0,0.8976666530793216,0.9283666571555251,True,3
WRB,M2REAL,Money_Credit,50,0.03591565233575246,1.0,0.8973936205612536,0.9281755343928775,True,4
WRB,M2SL,Money_Credit,50,0.03577944943690659,1.0,0.8939904354712654,0.9257933048298859,True,5
WRB,AAA,Rates_FX,50,0.03398487509035855,1.0,0.8491509444560356,0.8944056611192248,True,6
WRB,NONREVSL,Money_Credit,50,0.03369561325471938,1.0,0.8419234069036678,0.8893463848325673,True,7
WRB,BAA,Rates_FX,50,0.03278023669892659,1.0,0.8190516774999933,0.8733361742499952,True,8
WRB,EXUSUK,Rates_FX,10,0.0319336518296102,1.0,0.7978987870029456,0.8585291509020618,True,9
WRB,DTCOLNVHFNM,Money_Credit,10,0.02707186416674373,1.0,0.6764214658507787,0.7734950260955451,True,10
WRB,GS10,Rates_FX,50,0.025995815964976108,1.0,0.6495351717454807,0.7546746202218364,True,11
WRB,EXCAUS,Rates_FX,50,0.025792347296359163,1.0,0.644451274521674,0.7511158921651717,True,12
WRB,NONBORRES,Money_Credit,50,0.024963638528743906,1.0,0.6237450388557046,0.7366215271989932,True,13
WRB,TOTRESNS,Money_Credit,50,0.024377842185188563,1.0,0.6091082477224034,0.7263757734056824,True,14
WRB,DTCTHFNM,Money_Credit,50,0.023886712066468252,1.0,0.5968368004078752,0.7177857602855127,True,15
WRB,IPNCONGD,Output_Income,30,0.04002218370272107,0.05,1.0,0.715,True,16
WRB,EXSZUS,Rates_FX,30,0.023274435798727077,1.0,0.5815383781056572,0.70707686467396,True,17
WRB,RSAFS,Consumption_Orders_Inventories,30,0.03884117010068494,0.05,0.9704910254070961,0.6943437177849673,True,18
WRB,BUSLOANS,Money_Credit,10,0.021963759697016937,1.0,0.5487896377709055,0.6841527464396338,True,19
WRB,DPCERA3M086SBEA,Consumption_Orders_Inventories,30,0.038182222223124306,0.05,0.954026459593916,0.6828185217157412,True,20
WRB,AMBSL,Money_Credit,50,0.02105417559903934,1.0,0.5260626395457748,0.6682438476820423,True,21
WRB,CES2000000008,Labor_Market,50,0.036564289598325556,0.05,0.9136005638752686,0.654520394712688,True,22
WRB,REALLN,Money_Credit,50,0.01992449922615424,1.0,0.49783638429503263,0.6484854690065228,True,23
WRB,CPIMEDSL,Prices,10,0.036091041217095284,0.05,0.9017759122084457,0.646243138545912,True,24
WRB,CES0600000008,Labor_Market,50,0.035734806933901346,0.05,0.8928749915130635,0.6400124940591444,True,25
WRB,CUSR0000SAS,Prices,50,0.03550321712820445,0.05,0.8870884555404861,0.6359619188783402,True,26
WRB,CUSR0000SA0L5,Prices,30,0.035470904704652716,0.05,0.8862810927091187,0.6353967648963831,True,27
WRB,CES3000000008,Labor_Market,50,0.03543000732841086,0.05,0.8852592250232965,0.6346814575163074,True,28
WRB,CLF16OV,Labor_Market,30,0.035142942918455676,0.05,0.878086592663017,0.6296606148641118,True,29
WRB,CPIULFSL,Prices,30,0.03511463175665694,0.05,0.8773792059294737,0.6291654441506316,True,30
WRB,DSERRG3M086SBEA,Prices,50,0.03509860464787595,0.05,0.8769787502996652,0.6288851252097656,True,31
WRB,PCEPI,Prices,30,0.03489823479899807,0.05,0.8719722806285898,0.6253805964400129,True,32
WRB,CPIAUCSL,Prices,30,0.03464931988080203,0.05,0.8657528569198552,0.6210269998438985,True,33
WRB,DNDGRG3M086SBEA,Prices,30,0.03456877050203168,0.05,0.86374023863374,0.619618167043618,True,34
WRB,GS5,Rates_FX,50,0.018209608793144656,1.0,0.4549878869279839,0.6184915208495887,True,35
WRB,DDURRG3M086SBEA,Prices,10,0.034395393859906497,0.05,0.8594082250831302,0.6165857575581911,True,36
WRB,IPB51222S,Output_Income,60,0.0332046275320714,0.05,0.829655567490033,0.5957588972430231,True,37
WRB,FEDFUNDS,Rates_FX,60,0.016825939883784034,1.0,0.42041533787273216,0.5942907365109125,True,38
WRB,CUUR0000SA0L2,Prices,30,0.032925491160973375,0.05,0.8226810262413242,0.590876718368927,True,39
WRB,RPI,Output_Income,50,0.03289142154221268,0.05,0.8218297578794138,0.5902808305155897,True,40
WRB,CMRMTSPL,Consumption_Orders_Inventories,30,0.032197868648393344,0.05,0.8045005461859454,0.5781503823301617,True,41
WRB,W875RX1,Output_Income,30,0.03202073826049458,0.05,0.8000747410071359,0.5750523187049952,True,42
WRB,SRVPRD,Labor_Market,30,0.0319834807588348,0.05,0.7991438197476535,0.5744006738233574,True,43
WRB,CUSR0000SAC,Prices,30,0.031610484545103616,0.05,0.7898240830610762,0.5678768581427533,True,44
WRB,PERMITNE,Housing,30,0.03142175713327609,0.05,0.785108512985506,0.5645759590898541,True,45
WRB,UMCSENT,Consumption_Orders_Inventories,30,0.030068546225890717,0.05,0.7512969919191687,0.540907894343418,True,46
WRB,BUSINV,Consumption_Orders_Inventories,50,0.029937813874342478,0.05,0.7480304947055408,0.5386213462938786,True,47
WRB,GS1,Rates_FX,50,0.013630408978529927,1.0,0.3405713461258039,0.5383999422880628,True,48
WRB,HOUSTMW,Housing,10,0.029772773895789705,0.05,0.7439067822220176,0.5357347475554123,True,49
WRB,EXJPUS,Rates_FX,10,0.013438416655822004,1.0,0.3357741985205155,0.5350419389643608,True,50
WRB,CES0600000007,Labor_Market,30,0.029527633818909136,0.05,0.737781677237706,0.5314471740663942,True,51
WRB,CPF3M,Rates_FX,60,0.013104191896408587,1.0,0.327423210930833,0.529196247651583,True,52
WRB,PERMIT,Housing,30,0.02898703158421982,0.05,0.7242741125654525,0.5219918787958168,True,53
WRB,HOUST,Housing,30,0.028743758212817085,0.05,0.718195649350908,0.5177369545456355,True,54
WRB,IPFUELS,Output_Income,30,0.02868724887860046,0.05,0.7167836990526341,0.5167485893368439,True,55
WRB,HOUSTW,Housing,30,0.028548974588091365,0.05,0.713328757874607,0.5143301305122249,True,56
WRB,PERMITMW,Housing,30,0.028451692679315726,0.05,0.710898058203189,0.5126286407422322,True,57
WRB,PERMITW,Housing,30,0.028017960497806582,0.05,0.7000607639483116,0.5050425347638181,True,58
WRB,TB6MS,Rates_FX,10,0.011520133633160902,1.0,0.2878437048495597,0.5014905933946918,True,59
WRB,PAYEMS,Labor_Market,30,0.027614396576844724,0.05,0.6899772581616341,0.4979840807131439,True,60
WRB,CPITRNSL,Prices,30,0.02702331450257587,0.05,0.6752083970055481,0.4876458779038837,True,61
WRB,PPICRM,Prices,30,0.026378338987604878,0.05,0.6590929466402764,0.47636506264819345,True,62
WRB,SP500,Stock_Market,50,0.026281487351933176,0.05,0.6566729978341067,0.4746710984838747,True,63
WRB,IPMAT,Output_Income,30,0.026065384767519902,0.05,0.6512734277851946,0.4708913994496362,True,64
WRB,CE16OV,Labor_Market,30,0.025713057000120002,0.05,0.6424701158515694,0.46472908109609856,True,65
WRB,USTPU,Labor_Market,30,0.025615209168296314,0.05,0.6400252759460189,0.4630176931622132,True,66
WRB,PERMITS,Housing,10,0.02407216894477935,0.05,0.60147065246574,0.436029456726018,True,67
WRB,HOUSTS,Housing,30,0.023811979487708464,0.05,0.5949695215178753,0.4314786650625127,True,68
WRB,PPIFGS,Prices,30,0.022172479024488424,0.05,0.554004728707018,0.4028033100949126,True,69
WRB,ACOGNO,Consumption_Orders_Inventories,30,0.02190820448233333,0.05,0.5474015272395997,0.3981810690677198,True,70
WRB,TB3MS,Rates_FX,10,0.005459894756282584,1.0,0.13642171044033688,0.3954951973082358,True,71
WRB,AWHMAN,Labor_Market,30,0.02154008581713561,0.05,0.5382036616775391,0.39174256317427736,True,72
WRB,AWOTMAN,Labor_Market,30,0.021094394193710536,0.05,0.5270675470982946,0.3839472829688062,True,73
WRB,IPFPNSS,Output_Income,60,0.02065493130033415,0.05,0.5160870644579506,0.3762609451205654,True,74
WRB,IPNMAT,Output_Income,50,0.020423594581196525,0.05,0.5103068521423019,0.3722147964996113,True,75
WRB,IPDCONGD,Output_Income,30,0.01995083992978325,0.05,0.498494536879226,0.3639461758154582,True,76
WRB,CPIAPPSL,Prices,30,0.0195006341370153,0.05,0.4872456306198372,0.35607194143388604,True,77
WRB,ANDENO,Consumption_Orders_Inventories,60,0.01941252926743669,0.05,0.48504422976092754,0.3545309608326493,True,78
WRB,IPFINAL,Output_Income,50,0.01926274010691925,0.05,0.4813015763957326,0.3519111034770128,True,79
WRB,PPIFCG,Prices,10,0.01908405759498544,0.05,0.47683698962403026,0.3487858927368212,True,80
WRB,USGOVT,Labor_Market,10,0.018650853721051897,0.05,0.46601289573771665,0.34120902701640166,True,81
WRB,ISRATIO,Consumption_Orders_Inventories,50,0.018364328535295172,0.05,0.45885373651029937,0.33619761555720956,True,82
WRB,MCOILWTICO,Prices,60,0.018231054313758672,0.05,0.4555237277699857,0.33386660943899,True,83
WRB,UNRATE,Labor_Market,30,0.017939483340213343,0.05,0.4482384937679863,0.3287669456375904,True,84
WRB,CUUR0000SAD,Prices,50,0.017551286572934314,0.05,0.4385389538787465,0.32197726771512253,True,85
WRB,NDMANEMP,Labor_Market,60,0.017414608215730397,0.05,0.4351238889182949,0.31958672224280643,True,86
WRB,IPDMAT,Output_Income,30,0.016975154042163227,0.05,0.42414362415234985,0.3119005369066449,True,87
WRB,IPMANSICS,Output_Income,60,0.016913874627683484,0.05,0.4226124879471163,0.3108287415629814,True,88
WRB,DMANEMP,Labor_Market,60,0.016686989464836193,0.05,0.4169435028529355,0.30686045199705486,True,89
WRB,AMDMUO,Consumption_Orders_Inventories,10,0.01622458795881985,0.05,0.40538987275991023,0.29877291093193714,True,90
WRB,MANEMP,Labor_Market,60,0.016041730956214185,0.05,0.4008209815678679,0.2955746870975075,True,91
WRB,UEMPMEAN,Labor_Market,30,0.015957551611154905,0.05,0.39871766442544126,0.2941023650978089,True,92
WRB,PPICMM,Prices,60,0.015792696978601348,0.05,0.39459858302353495,0.29121900811647444,True,93
WRB,CUMFNS,Output_Income,30,0.015029418818004032,0.05,0.37552720585264304,0.27786904409685015,True,94
WRB,USFIRE,Labor_Market,30,0.014345880761078842,0.05,0.3584482263046401,0.2659137584132481,True,95
WRB,HOUSTNE,Housing,30,0.014221806682098248,0.05,0.3553480936406606,0.2637436655484624,True,96
WRB,IPCONGD,Output_Income,30,0.014085773869448788,0.05,0.35194915834867624,0.26136441084407336,True,97
WRB,USTRADE,Labor_Market,30,0.012603817303818059,0.05,0.3149207798714176,0.2354445459099923,True,98
WRB,IPBUSEQ,Output_Income,50,0.011885837148534261,0.05,0.29698122513305425,0.22288685759313798,True,99
WRB,USGOOD,Labor_Market,50,0.010270154741000367,0.05,0.2566115536644771,0.19462808756513394,True,100
WRB,INDPRO,Output_Income,30,0.009949067518965979,0.05,0.24858882246071823,0.18901217572250273,True,101
WRB,USCONS,Labor_Market,30,0.009862172662353385,0.05,0.24641765515865305,0.18749235861105712,True,102
WRB,PPIITM,Prices,60,0.0045361230729920755,0.05,0.11334021918158525,0.09433815342710967,True,103
